Date,Curation_requested_by_author,Author_submitted,Curator_choice/Funding_priority
2003-08-05,0,0,2
2003-08-06,0,0,7
2003-08-08,0,0,9
2003-08-20,0,0,12
2003-08-21,0,0,18
2003-08-27,0,0,23
2003-09-03,0,0,24
2003-09-05,0,0,25
2003-09-09,0,0,27
2003-09-10,0,0,30
2003-09-11,0,0,31
2003-09-12,0,0,32
2003-09-15,0,0,35
2003-09-16,0,0,48
2003-09-19,0,0,60
2003-09-22,0,0,62
2003-09-23,0,0,63
2003-09-24,0,0,102
2003-09-25,0,0,126
2003-09-26,0,0,158
2003-10-02,0,0,160
2003-10-03,0,0,161
2003-10-09,0,0,163
2003-10-10,0,0,165
2003-10-14,0,0,182
2003-10-22,0,0,187
2003-10-23,0,0,190
2003-10-24,0,0,202
2003-10-31,0,0,203
2003-11-03,0,0,208
2003-11-04,0,0,222
2003-11-05,0,0,231
2003-11-06,0,0,237
2003-11-07,0,0,250
2003-11-10,0,0,265
2003-11-11,0,0,299
2003-11-12,0,0,326
2003-11-13,0,0,359
2003-11-14,0,0,384
2003-11-18,0,0,410
2003-11-24,0,0,425
2003-11-25,0,0,466
2003-11-26,0,0,471
2003-11-27,0,0,479
2003-11-28,0,0,496
2003-12-01,0,0,516
2003-12-02,0,0,524
2003-12-03,0,0,547
2003-12-04,0,0,571
2003-12-05,0,0,596
2003-12-08,0,0,603
2003-12-09,0,0,623
2003-12-10,0,0,635
2003-12-11,0,0,648
2003-12-12,0,0,662
2003-12-15,0,0,686
2003-12-16,0,0,705
2003-12-17,0,0,719
2003-12-18,0,0,736
2004-01-05,0,0,742
2004-01-06,0,0,760
2004-01-07,0,0,16523
2004-01-08,0,0,21451
2004-01-09,0,0,21453
2004-01-12,0,0,21461
2004-01-13,0,0,21492
2004-01-14,0,0,21505
2004-01-15,0,0,21525
2004-01-16,0,0,21539
2004-01-20,0,0,21547
2004-01-21,0,0,21571
2004-01-26,0,0,21588
2004-01-27,0,0,21592
2004-01-28,0,0,21606
2004-01-29,0,0,21623
2004-02-04,0,0,21624
2004-02-10,0,0,21630
2004-02-11,0,0,21634
2004-02-12,0,0,21635
2004-02-15,0,0,21642
2004-02-16,0,0,21643
2004-02-19,0,0,21652
2004-02-20,0,0,21654
2004-02-23,0,0,21655
2004-02-24,0,0,21663
2004-02-27,0,0,21665
2004-03-01,0,0,21669
2004-03-02,0,0,21671
2004-03-03,0,0,21709
2004-03-04,0,0,21728
2004-03-05,0,0,21729
2004-03-08,0,0,21750
2004-03-09,0,0,21753
2004-03-10,0,0,21793
2004-03-11,0,0,21853
2004-03-12,0,0,21854
2004-03-16,0,0,21857
2004-03-19,0,0,21870
2004-03-20,0,0,21877
2004-03-21,0,0,21895
2004-03-22,0,0,21916
2004-03-23,0,0,21927
2004-03-24,0,0,21948
2004-03-25,0,0,21949
2004-03-26,0,0,21963
2004-03-29,0,0,21965
2004-03-30,0,0,21978
2004-03-31,0,0,21998
2004-04-01,0,0,22002
2004-04-02,0,0,22017
2004-04-04,0,0,22022
2004-04-05,0,0,22046
2004-04-13,0,0,22048
2004-04-18,0,0,22056
2004-04-20,0,0,22060
2004-04-21,0,0,22069
2004-04-22,0,0,22075
2004-04-23,0,0,22085
2004-04-28,0,0,22372
2004-04-29,0,0,26922
2004-05-02,0,0,26932
2004-05-04,0,0,26938
2004-05-05,0,0,26956
2004-05-06,0,0,26967
2004-05-10,0,0,26990
2004-05-11,0,0,26994
2004-05-12,0,95,26994
2004-05-13,0,95,27038
2004-05-14,0,95,27045
2004-05-17,0,95,27055
2004-05-18,0,95,27285
2004-05-19,0,95,27294
2004-05-20,0,95,27378
2004-05-21,0,95,27379
2004-05-22,0,95,27407
2004-05-24,0,95,27411
2004-05-25,0,95,27415
2004-05-26,0,95,27433
2004-05-27,0,95,29224
2004-05-28,0,95,29232
2004-06-02,0,95,29235
2004-06-03,0,95,29286
2004-06-04,0,95,29306
2004-06-08,0,95,29309
2004-06-09,0,95,29312
2004-06-10,0,95,29319
2004-06-11,0,95,29343
2004-06-14,0,95,29345
2004-06-15,0,95,29367
2004-06-16,0,95,29390
2004-06-17,0,95,29402
2004-06-18,0,95,29440
2004-06-22,0,95,29443
2004-06-25,0,95,29447
2004-06-28,0,95,29463
2004-06-29,0,95,29471
2004-06-30,0,95,29587
2004-07-01,0,95,29601
2004-07-05,0,95,29602
2004-07-06,0,95,29607
2004-07-07,0,95,29611
2004-07-08,0,95,29616
2004-07-09,0,95,29618
2004-07-13,0,95,29646
2004-07-14,0,386,29669
2004-07-15,0,386,29672
2004-07-16,0,386,29785
2004-07-20,0,386,29809
2004-07-21,0,386,29830
2004-07-22,0,386,31320
2004-07-23,0,386,31805
2004-07-26,0,386,31814
2004-07-28,0,386,31817
2004-07-29,0,386,31821
2004-07-30,0,386,31840
2004-08-03,0,386,31985
2004-08-04,0,386,31999
2004-08-06,0,386,32018
2004-08-09,0,386,32047
2004-08-10,0,386,32055
2004-08-11,0,386,32065
2004-08-12,0,386,32101
2004-08-16,0,386,32138
2004-08-17,0,386,32209
2004-08-18,0,386,32291
2004-08-26,0,386,32343
2004-08-27,0,386,32348
2004-08-28,0,386,32374
2004-08-29,0,386,32384
2004-08-30,0,386,32407
2004-09-03,0,386,32412
2004-09-06,0,386,32413
2004-09-07,0,386,32420
2004-09-08,0,386,32437
2004-09-09,0,386,32441
2004-09-10,0,386,32444
2004-09-13,0,386,32447
2004-09-14,0,386,32449
2004-09-15,0,386,32473
2004-09-17,0,386,32499
2004-09-27,0,386,32500
2004-09-28,0,386,32515
2004-09-29,0,386,32518
2004-09-30,0,386,32524
2004-10-01,0,386,32530
2004-10-04,0,386,32539
2004-10-05,0,386,32553
2004-10-06,0,386,32560
2004-10-07,0,386,32569
2004-10-08,0,386,32574
2004-10-11,0,386,32618
2004-10-12,0,386,32629
2004-10-13,0,386,32637
2004-10-14,0,386,32650
2004-10-19,0,386,32657
2004-10-22,0,386,32664
2004-10-25,0,386,32677
2004-10-26,0,386,32684
2004-10-27,0,386,32686
2004-10-28,0,386,32738
2004-11-02,0,386,32744
2004-11-03,0,386,32759
2004-11-05,0,386,32798
2004-11-08,0,386,32811
2004-11-09,0,386,32833
2004-11-10,0,386,32848
2004-11-11,0,386,32856
2004-11-12,0,386,32859
2004-11-15,0,386,32861
2004-11-17,0,386,32873
2004-11-18,0,386,32874
2004-11-22,0,386,32880
2004-11-23,0,386,32888
2004-11-25,0,386,32889
2004-11-26,0,386,32991
2004-11-29,0,386,32998
2004-12-02,0,386,33012
2004-12-03,0,386,33041
2004-12-06,0,386,33049
2004-12-07,0,386,33053
2004-12-08,0,386,33073
2004-12-09,0,386,33074
2004-12-10,0,386,33098
2004-12-13,0,386,33099
2004-12-14,0,386,33101
2004-12-15,0,386,33105
2004-12-16,0,2207,33105
2004-12-17,0,2207,33108
2004-12-20,0,2207,33117
2004-12-21,0,2207,33124
2004-12-22,0,2207,33125
2005-01-04,0,2207,33327
2005-01-10,0,2207,33330
2005-01-11,0,2207,33331
2005-01-14,0,2207,33336
2005-01-20,0,2207,33343
2005-01-21,0,2207,33383
2005-01-22,0,2207,33390
2005-01-24,0,2207,33394
2005-01-25,0,2207,33404
2005-01-26,0,2207,33416
2005-01-27,0,2207,33458
2005-01-28,0,2207,33649
2005-02-01,0,2207,33670
2005-02-02,0,2207,33675
2005-02-03,0,2207,33676
2005-02-04,0,2207,33687
2005-02-07,0,2207,33706
2005-02-08,0,2207,33755
2005-02-09,0,2207,33812
2005-02-10,0,2207,33813
2005-02-11,0,2207,33823
2005-02-14,0,2207,33824
2005-02-15,0,2207,33847
2005-02-16,0,2207,33857
2005-02-18,0,2207,33859
2005-02-21,0,2207,33876
2005-02-22,0,2207,33890
2005-02-23,0,2207,33964
2005-02-24,0,2207,34036
2005-02-25,0,2207,34051
2005-02-28,0,4051,34055
2005-03-02,0,4051,34058
2005-03-03,0,4051,34100
2005-03-04,0,4051,34181
2005-03-07,0,4051,34202
2005-03-08,0,4051,34207
2005-03-09,0,4051,34240
2005-03-10,0,4051,34299
2005-03-11,0,4051,34309
2005-03-14,0,4051,34327
2005-03-15,0,4051,34389
2005-03-16,0,4051,34430
2005-03-17,0,4051,34458
2005-03-18,0,4051,34490
2005-03-21,0,4051,34502
2005-03-22,0,4051,34518
2005-03-24,0,4051,34544
2005-03-29,0,4051,34572
2005-03-30,0,4051,34596
2005-03-31,0,4051,34602
2005-04-01,0,4051,34620
2005-04-04,0,4051,34633
2005-04-05,0,4051,34674
2005-04-06,0,4051,34717
2005-04-07,0,4051,34773
2005-04-08,0,4051,34851
2005-04-11,0,4051,34877
2005-04-12,0,4051,34939
2005-04-13,0,4051,35040
2005-04-14,0,4051,35046
2005-04-15,0,4051,35134
2005-04-18,0,4051,35238
2005-04-19,0,4051,35309
2005-04-20,0,4051,35396
2005-04-21,0,4051,35460
2005-04-25,0,4051,35469
2005-04-26,0,4051,35541
2005-04-27,0,4051,35579
2005-04-29,0,4051,35656
2005-05-03,0,4051,35671
2005-05-04,0,4051,35675
2005-05-05,0,4051,35708
2005-05-06,0,4051,35723
2005-05-11,0,4051,35729
2005-05-12,0,4051,35969
2005-05-13,0,4051,35989
2005-05-16,0,4051,35995
2005-05-17,0,4051,36015
2005-05-18,0,4051,36020
2005-05-19,0,4051,36028
2005-05-20,0,4051,36040
2005-05-23,0,4051,36057
2005-05-24,0,4051,36109
2005-05-25,0,4051,36138
2005-05-26,0,4051,36206
2005-05-27,0,4051,36218
2005-06-01,0,4051,36221
2005-06-02,0,4051,36250
2005-06-03,0,4051,36369
2005-06-06,0,4051,36439
2005-06-07,0,4051,36499
2005-06-08,0,4051,36506
2005-06-09,0,4051,36528
2005-06-10,0,4051,36578
2005-06-13,0,4051,37177
2005-06-14,0,4051,37182
2005-06-15,0,4051,37219
2005-06-17,0,4051,37220
2005-06-20,0,4051,37280
2005-06-21,0,4051,37311
2005-06-22,0,4051,37404
2005-06-23,0,4051,37472
2005-06-24,0,4051,37609
2005-06-27,0,4051,37665
2005-06-28,0,4051,37772
2005-06-29,0,4051,37789
2005-06-30,0,4051,37795
2005-07-01,0,4051,37804
2005-07-05,0,4051,37811
2005-07-07,0,4051,37848
2005-07-08,0,4051,37886
2005-07-09,0,4051,37887
2005-07-11,0,4051,37889
2005-07-12,0,4051,37945
2005-07-13,0,4051,37961
2005-07-14,0,4051,37999
2005-07-15,0,4051,38352
2005-07-18,0,4051,38366
2005-07-19,0,4051,38460
2005-07-20,0,4051,38475
2005-07-21,0,4051,38503
2005-07-22,0,4051,39052
2005-07-25,0,4051,39085
2005-07-26,0,4051,39129
2005-07-27,0,4051,39166
2005-07-28,0,4051,39233
2005-07-29,0,4051,39465
2005-08-01,0,4051,39583
2005-08-02,0,4051,39586
2005-08-03,0,4051,39595
2005-08-04,0,4051,39626
2005-08-05,0,4051,39632
2005-08-08,0,4051,39653
2005-08-09,0,4051,39662
2005-08-10,0,4051,39715
2005-08-11,0,4051,39744
2005-08-12,0,4051,39782
2005-08-15,0,4051,39790
2005-08-16,0,4051,39805
2005-08-17,0,4051,39818
2005-08-18,0,4051,39843
2005-08-19,0,4051,39851
2005-08-22,0,4051,39903
2005-08-23,0,4051,39925
2005-08-24,0,4051,39931
2005-08-25,0,4051,39989
2005-08-26,0,4051,39990
2005-08-30,0,4051,40006
2005-09-02,0,4051,40010
2005-09-05,0,4051,40029
2005-09-06,0,4051,40038
2005-09-07,0,4051,40058
2005-09-09,0,4051,40064
2005-09-12,0,4051,40077
2005-09-13,0,4051,40092
2005-09-14,0,4051,40097
2005-09-20,0,4051,40105
2005-09-21,0,4051,40107
2005-09-22,0,4051,40116
2005-09-23,0,4051,40140
2005-09-26,0,4051,40146
2005-09-27,0,4051,40148
2005-09-28,0,4051,41219
2005-09-29,0,4051,41263
2005-09-30,0,4051,41356
2005-10-03,0,4051,41360
2005-10-04,0,4051,41364
2005-10-05,0,4051,41372
2005-10-06,0,4051,41394
2005-10-07,0,4051,41414
2005-10-11,0,4051,41457
2005-10-12,0,4051,41484
2005-10-13,0,4051,41537
2005-10-14,0,4051,41633
2005-10-17,0,4051,41651
2005-10-18,0,4051,41671
2005-10-19,0,4051,41734
2005-10-20,0,4051,41738
2005-10-21,0,4051,41829
2005-10-24,0,4051,41845
2005-10-25,0,4051,41859
2005-10-26,0,4051,41890
2005-10-27,0,4051,41895
2005-10-28,0,4051,41896
2005-11-02,0,4051,41915
2005-11-03,0,4051,41959
2005-11-04,0,4051,41969
2005-11-07,0,4051,41995
2005-11-08,0,4051,42017
2005-11-09,0,4051,42051
2005-11-10,0,4051,42078
2005-11-11,0,4051,42263
2005-11-14,0,4051,42288
2005-11-15,0,4051,42330
2005-11-16,0,4051,42370
2005-11-17,0,4051,42409
2005-11-18,0,4051,45652
2005-11-21,0,4051,45684
2005-11-22,0,4051,45793
2005-11-23,0,4051,48605
2005-11-24,0,4051,48624
2005-11-25,0,4051,48627
2005-11-28,0,4051,48633
2005-11-29,0,4051,48709
2005-11-30,0,4051,48726
2005-12-01,0,4051,48865
2005-12-05,0,4051,48890
2005-12-06,0,4051,48929
2005-12-07,0,4051,48955
2005-12-08,0,4051,48999
2005-12-09,0,4051,49086
2005-12-12,0,4051,49090
2005-12-13,0,4051,49098
2005-12-14,0,4051,49130
2005-12-15,0,4051,49232
2005-12-16,0,4051,49246
2005-12-19,0,4051,49251
2005-12-20,0,4051,49394
2005-12-21,0,4051,49526
2005-12-22,0,4051,49570
2005-12-23,0,4051,49571
2006-01-04,0,4051,49577
2006-01-06,0,4051,49581
2006-01-09,0,4051,49619
2006-01-10,0,4051,49673
2006-01-11,0,4051,49693
2006-01-12,0,4051,49695
2006-01-13,0,4051,49702
2006-01-16,0,4051,49710
2006-01-17,0,4051,49767
2006-01-18,0,4051,49777
2006-01-20,0,4051,49818
2006-01-23,0,4051,49962
2006-01-24,0,4051,50155
2006-01-25,0,30153,50172
2006-01-26,0,30153,50174
2006-01-27,0,30153,50182
2006-01-30,0,30153,50266
2006-01-31,0,30153,50506
2006-02-01,0,30153,53356
2006-02-02,0,30153,53461
2006-02-03,0,30153,53472
2006-02-06,0,30153,53521
2006-02-07,0,30153,53556
2006-02-08,0,30153,53666
2006-02-09,0,30153,53691
2006-02-10,0,30153,53749
2006-02-13,0,30153,53779
2006-02-14,0,30153,53822
2006-02-15,0,30153,57037
2006-02-16,0,30153,57052
2006-02-17,0,30153,57080
2006-02-20,0,30153,57099
2006-02-21,0,30153,57299
2006-02-22,0,30153,57337
2006-02-23,0,30153,57357
2006-02-24,0,30153,57403
2006-02-27,0,30153,57447
2006-02-28,0,30978,57480
2006-03-01,0,30978,57507
2006-03-02,0,30978,57541
2006-03-03,0,30979,57579
2006-03-06,0,30981,57655
2006-03-07,0,31004,57680
2006-03-08,0,31021,57738
2006-03-09,0,31021,63973
2006-03-10,0,31021,64124
2006-03-13,0,31021,64155
2006-03-14,0,31021,64235
2006-03-15,0,31021,64279
2006-03-16,0,31021,64325
2006-03-17,0,31021,64333
2006-03-20,0,31119,64336
2006-03-21,0,31119,64357
2006-03-22,0,31119,64377
2006-03-24,0,31226,64388
2006-03-27,0,31226,64724
2006-03-28,0,31226,64836
2006-03-29,0,31226,64864
2006-03-31,0,31226,64894
2006-04-03,0,31226,64907
2006-04-04,0,31226,65691
2006-04-05,0,31226,65726
2006-04-06,0,31226,65745
2006-04-07,0,31226,65769
2006-04-10,0,31226,65864
2006-04-11,0,31226,65906
2006-04-12,0,31226,65934
2006-04-13,0,31226,65953
2006-04-18,0,31226,65958
2006-04-20,0,31226,65961
2006-04-21,0,31226,66034
2006-04-24,0,31226,66067
2006-04-25,0,31226,66077
2006-04-26,0,31226,66119
2006-04-27,0,31226,66213
2006-04-28,0,31226,66260
2006-04-30,0,31226,66262
2006-05-01,0,31226,66265
2006-05-02,0,31226,66310
2006-05-03,0,31226,66354
2006-05-04,0,31226,66357
2006-05-05,0,31226,66373
2006-05-08,0,31226,66376
2006-05-09,0,31226,66407
2006-05-10,0,31226,66429
2006-05-11,0,31226,66438
2006-05-15,0,31226,66446
2006-05-16,0,31226,66454
2006-05-17,0,31226,66461
2006-05-18,0,31226,66474
2006-05-19,0,31226,66477
2006-05-22,0,31226,67072
2006-05-23,0,31226,67073
2006-05-26,0,31226,67100
2006-05-30,0,31226,67119
2006-05-31,0,31226,67148
2006-06-02,0,31226,67274
2006-06-05,0,31226,67284
2006-06-06,0,31226,67288
2006-06-07,0,31226,67293
2006-06-08,0,31226,67295
2006-06-09,0,31226,67320
2006-06-13,0,31226,67387
2006-06-14,0,31226,67389
2006-06-15,0,31226,68263
2006-06-16,0,31226,68297
2006-06-20,0,31226,68312
2006-06-21,0,31226,68332
2006-06-22,0,31226,68334
2006-06-23,0,31226,68354
2006-06-26,0,31226,68355
2006-06-27,0,31226,68364
2006-06-28,0,31226,68367
2006-06-29,0,31226,68432
2006-06-30,0,31226,68437
2006-07-03,0,31226,68453
2006-07-04,0,31226,68475
2006-07-05,0,31226,68501
2006-07-06,0,31226,68520
2006-07-07,0,31226,68557
2006-07-10,0,31226,68600
2006-07-11,0,31226,68733
2006-07-12,0,31226,68783
2006-07-13,0,31226,68842
2006-07-14,0,31226,68950
2006-07-17,0,31226,68955
2006-07-18,0,31226,68965
2006-07-19,0,31226,69006
2006-07-20,0,31226,69027
2006-07-21,0,31226,69041
2006-07-24,0,31226,69091
2006-07-25,0,31226,69160
2006-07-26,0,31226,69221
2006-07-27,0,31226,69305
2006-07-28,0,31226,69334
2006-07-31,0,31226,69341
2006-08-01,0,31226,69353
2006-08-02,0,31226,69355
2006-08-03,0,31226,69374
2006-08-04,0,31226,69409
2006-08-07,0,31226,69479
2006-08-08,0,31226,69515
2006-08-09,0,31226,69560
2006-08-10,0,31226,69625
2006-08-11,0,31226,69663
2006-08-14,0,31226,69720
2006-08-15,0,31226,69748
2006-08-16,0,31226,69783
2006-08-17,0,31226,69801
2006-08-18,0,31226,69897
2006-08-21,0,31226,69984
2006-08-22,0,31226,70093
2006-08-23,0,31226,70176
2006-08-24,0,31226,70211
2006-08-25,0,31226,70222
2006-08-28,0,31226,70264
2006-08-29,0,31226,70307
2006-08-30,0,31226,70375
2006-08-31,0,31226,70431
2006-09-01,0,31226,70477
2006-09-04,0,31226,70520
2006-09-05,0,31226,70540
2006-09-06,0,31226,70565
2006-09-07,0,31226,70599
2006-09-08,0,31226,70626
2006-09-11,0,31226,70647
2006-09-12,0,31226,70710
2006-09-13,0,31226,70741
2006-09-14,0,31226,70761
2006-09-15,0,31226,70773
2006-09-16,0,31226,70781
2006-09-17,0,31226,70795
2006-09-18,0,31226,70823
2006-09-19,0,31226,70826
2006-09-20,0,31226,71631
2006-09-21,0,31226,71635
2006-09-22,0,37712,71638
2006-09-23,0,37712,71639
2006-09-26,0,37712,71645
2006-09-27,0,37712,71672
2006-09-28,0,37712,71792
2006-09-29,0,37712,71851
2006-10-02,0,37712,71880
2006-10-03,0,37712,71913
2006-10-04,0,37712,71916
2006-10-05,0,37712,71919
2006-10-06,0,37949,71937
2006-10-09,0,37949,72033
2006-10-10,0,37949,72114
2006-10-11,0,37949,72117
2006-10-12,0,37949,72130
2006-10-13,0,37949,72144
2006-10-16,0,37949,72145
2006-10-23,0,37949,72190
2006-10-24,0,37949,72235
2006-10-25,0,37949,80976
2006-10-26,0,37949,80999
2006-10-27,0,37949,81010
2006-10-30,0,37949,81094
2006-10-31,0,37949,81220
2006-11-01,0,37949,81295
2006-11-02,0,37957,81330
2006-11-03,0,37957,81539
2006-11-06,0,37957,81628
2006-11-07,0,37957,81649
2006-11-08,0,37957,81686
2006-11-09,0,37957,81704
2006-11-10,0,37957,81723
2006-11-13,0,37957,81732
2006-11-14,0,37957,81759
2006-11-15,0,37957,81770
2006-11-16,0,37957,81774
2006-11-17,0,37957,81811
2006-11-20,0,37957,81839
2006-11-21,0,37957,81857
2006-11-22,0,37957,81873
2006-11-23,0,37957,81887
2006-11-24,0,37957,81963
2006-11-27,0,37957,81969
2006-11-28,0,37957,82156
2006-11-29,0,37957,82198
2006-11-30,0,37957,82217
2006-12-01,0,37957,82293
2006-12-04,0,37957,82348
2006-12-05,0,37957,82459
2006-12-06,0,37957,82488
2006-12-07,0,37957,82493
2006-12-08,0,37957,82500
2006-12-11,0,37957,82525
2006-12-12,0,37957,82530
2006-12-13,0,37957,82549
2006-12-14,0,37957,82550
2006-12-15,0,37957,82555
2006-12-18,0,37957,82566
2006-12-19,0,37957,82584
2006-12-20,0,37957,82600
2006-12-21,0,37957,82622
2006-12-22,0,37957,82626
2007-01-02,0,37957,82633
2007-01-03,0,37957,82644
2007-01-04,0,37957,82667
2007-01-05,0,37957,82725
2007-01-08,0,37957,82744
2007-01-09,0,37957,82745
2007-01-10,0,37957,82845
2007-01-11,0,37957,82854
2007-01-12,0,37957,82859
2007-01-16,0,37957,82865
2007-01-17,0,37957,82874
2007-01-18,0,37957,82879
2007-01-19,0,37957,82910
2007-01-22,0,37957,82953
2007-01-23,0,37957,82960
2007-01-24,0,37957,83014
2007-01-25,0,37957,83025
2007-01-26,0,37957,83099
2007-01-28,0,37957,83103
2007-01-29,0,37957,83170
2007-01-30,0,37957,83243
2007-01-31,0,37957,83259
2007-02-01,0,37957,83264
2007-02-02,0,37957,83266
2007-02-05,0,37962,83334
2007-02-06,0,38823,83339
2007-02-07,0,38823,83361
2007-02-08,2,38823,83402
2007-02-09,2,38823,83475
2007-02-13,2,38823,83510
2007-02-14,2,38823,83524
2007-02-15,2,38823,83532
2007-02-16,2,38823,83575
2007-02-19,2,38823,83585
2007-02-20,2,38823,83643
2007-02-21,2,38823,83727
2007-02-22,2,38823,83775
2007-02-23,2,38823,83839
2007-02-25,2,38823,83843
2007-02-26,2,38823,83854
2007-02-27,2,38823,83863
2007-02-28,2,38823,83879
2007-03-01,2,38823,83893
2007-03-02,2,38823,83909
2007-03-05,2,38823,84020
2007-03-06,2,38823,84047
2007-03-07,2,38823,84100
2007-03-08,2,38823,84127
2007-03-09,2,38823,84149
2007-03-12,2,38823,84153
2007-03-13,2,38823,84179
2007-03-14,2,38823,84217
2007-03-15,2,38823,84283
2007-03-16,2,38823,84287
2007-03-19,2,38823,84294
2007-03-20,2,38823,84314
2007-03-21,2,38823,84370
2007-03-22,2,38823,84373
2007-03-23,2,38823,84385
2007-03-26,2,38823,84394
2007-03-27,2,38823,84771
2007-03-28,11,38823,84870
2007-03-29,14,38823,84871
2007-03-30,14,38823,84883
2007-04-02,14,38823,84892
2007-04-03,14,38823,84905
2007-04-04,14,38823,85028
2007-04-05,14,38823,85057
2007-04-10,14,38823,85101
2007-04-11,14,38823,85122
2007-04-12,14,38823,85129
2007-04-13,14,38823,85137
2007-04-16,14,38823,85140
2007-04-17,14,38823,86210
2007-04-18,14,38823,86221
2007-04-19,14,38823,86225
2007-04-20,14,38823,86271
2007-04-22,14,38823,86276
2007-04-23,14,38823,86329
2007-04-24,14,38823,86336
2007-04-25,14,38823,86448
2007-04-26,14,38823,86452
2007-04-27,14,38823,86470
2007-04-30,14,38823,86475
2007-05-01,14,38823,86542
2007-05-02,14,38823,86595
2007-05-03,14,38823,86596
2007-05-04,14,38823,86603
2007-05-08,14,38823,86623
2007-05-09,14,38823,86640
2007-05-10,14,38823,86642
2007-05-11,14,38823,86688
2007-05-14,14,38823,86757
2007-05-15,14,38823,86826
2007-05-16,14,38823,86844
2007-05-17,25,38823,86844
2007-05-18,32,38823,86845
2007-05-21,32,38823,86893
2007-05-22,32,38823,86904
2007-05-23,32,38823,86911
2007-05-24,32,38823,86912
2007-05-25,32,38823,86945
2007-05-29,32,38823,86952
2007-05-30,32,38823,86983
2007-05-31,32,38823,87031
2007-06-04,36,38823,87031
2007-06-05,52,38823,87031
2007-06-06,52,38823,87041
2007-06-07,65,38823,87046
2007-06-11,65,38823,87052
2007-06-12,65,38823,87073
2007-06-13,76,38823,87090
2007-06-14,86,38823,87101
2007-06-15,86,38823,87109
2007-06-18,86,38823,87137
2007-06-19,86,38823,87185
2007-06-20,86,38823,87270
2007-06-21,86,38823,87284
2007-06-22,86,38823,87296
2007-06-25,86,38823,87322
2007-06-26,86,38823,87338
2007-06-27,86,38823,87342
2007-06-28,86,38823,87350
2007-06-29,86,38823,87443
2007-07-02,86,38823,87449
2007-07-03,86,38823,87453
2007-07-04,86,38823,87458
2007-07-06,86,38955,87483
2007-07-08,86,50883,87483
2007-07-11,86,50883,87523
2007-07-12,86,50883,87537
2007-07-13,86,50883,87573
2007-07-16,86,50883,87778
2007-07-17,86,50883,87812
2007-07-18,86,50883,87866
2007-07-19,86,50883,87877
2007-07-20,86,50883,87916
2007-07-23,86,50883,87982
2007-07-24,86,50883,87992
2007-07-25,86,50883,88316
2007-07-26,86,50883,88394
2007-07-27,86,50883,88405
2007-07-29,86,50883,88409
2007-07-30,86,50883,88499
2007-07-31,86,50883,88511
2007-08-01,86,50883,88525
2007-08-02,88,50883,88574
2007-08-03,88,50883,88583
2007-08-06,88,50883,88592
2007-08-07,88,50923,88599
2007-08-08,88,50928,88621
2007-08-09,89,50928,88638
2007-08-10,95,50929,88655
2007-08-13,95,50929,88664
2007-08-14,95,50929,88685
2007-08-15,95,50929,88694
2007-08-16,95,51762,88695
2007-08-17,95,51762,88711
2007-08-20,95,51762,88712
2007-08-21,95,51762,88740
2007-08-22,95,51762,88745
2007-08-23,95,51762,88752
2007-08-24,95,51762,88815
2007-08-27,95,51762,88850
2007-08-28,95,51762,88906
2007-08-29,95,51762,88930
2007-08-30,95,51762,88976
2007-08-31,95,51762,88982
2007-09-03,95,51762,89256
2007-09-04,95,51762,89289
2007-09-05,95,51762,89309
2007-09-07,95,51762,89357
2007-09-10,95,51762,89384
2007-09-11,95,51762,89452
2007-09-12,95,51762,89524
2007-09-13,95,51762,89575
2007-09-14,95,51762,89653
2007-09-15,95,51762,89660
2007-09-17,95,51762,89695
2007-09-18,95,51762,89755
2007-09-19,95,51762,89892
2007-09-20,95,51762,89917
2007-09-21,95,51762,89953
2007-09-23,95,51762,89954
2007-09-24,95,51762,90007
2007-09-25,95,51762,90068
2007-09-26,95,51762,90104
2007-09-27,95,51762,90159
2007-09-28,95,51762,90206
2007-10-01,95,51762,90274
2007-10-02,95,51762,90304
2007-10-03,95,51762,90341
2007-10-04,95,51762,90396
2007-10-05,95,51762,90495
2007-10-08,95,51762,90510
2007-10-09,95,51762,90524
2007-10-10,95,51762,90556
2007-10-11,95,51762,90596
2007-10-12,95,51762,90639
2007-10-15,95,51762,90689
2007-10-16,95,51762,90707
2007-10-17,95,51762,90727
2007-10-18,95,51762,90791
2007-10-19,95,51762,90813
2007-10-23,95,51762,90825
2007-10-24,95,51762,90846
2007-10-25,95,51762,90857
2007-10-26,95,51762,90880
2007-10-29,95,51762,90891
2007-10-30,151,51762,90916
2007-10-31,151,51762,90971
2007-11-01,151,51762,90974
2007-11-02,151,51762,90989
2007-11-05,151,51762,91000
2007-11-06,151,51762,91071
2007-11-07,151,51762,91093
2007-11-08,151,51762,91148
2007-11-09,151,51762,91182
2007-11-12,151,51762,91190
2007-11-13,151,51762,91219
2007-11-14,151,51762,91254
2007-11-15,151,51762,91269
2007-11-16,151,51762,91313
2007-11-19,151,51762,91332
2007-11-20,151,51762,91364
2007-11-21,151,51762,91411
2007-11-22,151,51762,91436
2007-11-23,151,51762,91470
2007-11-26,151,51762,91477
2007-11-27,151,51762,91575
2007-11-28,151,51762,91627
2007-11-29,151,51762,91725
2007-11-30,151,51762,91809
2007-12-03,151,51762,91856
2007-12-04,151,51762,91916
2007-12-05,151,51762,91974
2007-12-06,151,51762,92019
2007-12-07,151,51762,92038
2007-12-10,151,51762,92081
2007-12-11,151,51762,92135
2007-12-12,151,51762,92189
2007-12-13,151,51762,92210
2007-12-14,151,51762,92248
2007-12-17,151,51762,92300
2007-12-18,151,51762,92310
2007-12-19,151,51762,92316
2007-12-20,151,51762,92327
2007-12-21,151,51762,92330
2007-12-22,151,51762,92346
2008-01-02,151,51762,92350
2008-01-03,151,51762,92368
2008-01-04,151,51762,92388
2008-01-07,151,51762,92440
2008-01-08,151,51762,92496
2008-01-09,151,52266,92525
2008-01-10,151,52266,92534
2008-01-11,151,52266,92536
2008-01-14,151,52339,92550
2008-01-15,151,52359,92579
2008-01-16,151,52359,92599
2008-01-17,151,52359,92604
2008-01-18,151,52359,92606
2008-01-19,151,52359,92607
2008-01-21,151,56043,92629
2008-01-22,151,56043,92668
2008-01-23,151,56043,92688
2008-01-24,151,56043,95939
2008-01-25,151,56043,95945
2008-01-28,151,56043,95963
2008-01-29,151,56572,95985
2008-01-30,151,56572,95994
2008-01-31,151,56572,95998
2008-02-01,151,56572,96002
2008-02-04,151,56572,96028
2008-02-05,151,56572,96050
2008-02-06,151,56640,96078
2008-02-07,151,56640,96114
2008-02-08,151,56640,96127
2008-02-11,151,56640,96159
2008-02-12,151,56640,96160
2008-02-13,154,56640,96166
2008-02-15,204,56640,96171
2008-02-18,204,56640,96177
2008-02-19,204,56640,96274
2008-02-20,204,56640,96291
2008-02-21,204,56640,96378
2008-02-22,205,56640,96391
2008-02-25,205,56640,96464
2008-02-27,205,56640,97198
2008-02-28,205,56640,97319
2008-02-29,205,56640,97335
2008-03-03,205,56640,97345
2008-03-04,205,56640,97384
2008-03-05,205,56640,97412
2008-03-06,205,56640,97435
2008-03-07,205,56640,97446
2008-03-10,205,56640,97459
2008-03-11,207,56640,97460
2008-03-12,207,56640,97467
2008-03-13,207,56640,97481
2008-03-14,207,56640,97483
2008-03-17,207,56640,97492
2008-03-18,207,56640,97496
2008-03-19,207,56640,97515
2008-03-20,207,56640,97524
2008-03-25,207,56640,97534
2008-03-26,207,56640,97576
2008-03-27,207,56640,97581
2008-03-28,207,56640,97585
2008-03-31,207,56640,97618
2008-04-01,207,56640,97633
2008-04-02,207,56640,97636
2008-04-03,207,56640,97660
2008-04-04,207,56640,97674
2008-04-08,207,56640,97690
2008-04-09,207,56641,97696
2008-04-10,207,56641,97730
2008-04-11,207,56641,97747
2008-04-14,207,56641,97840
2008-04-15,207,56641,97859
2008-04-16,207,56641,97885
2008-04-17,207,56641,97897
2008-04-18,207,56641,97904
2008-04-21,207,56641,97911
2008-04-22,207,56641,97926
2008-04-23,207,56642,97927
2008-04-24,207,56650,97956
2008-04-25,207,56650,97966
2008-04-28,213,56650,97989
2008-04-29,216,56650,97998
2008-04-30,216,56657,98001
2008-05-01,219,56657,98005
2008-05-02,219,56657,98053
2008-05-06,219,56683,98065
2008-05-07,219,56683,98092
2008-05-08,219,56710,98128
2008-05-09,219,56715,98160
2008-05-12,219,56715,98174
2008-05-13,219,56717,98180
2008-05-14,219,56717,98222
2008-05-15,219,56912,98233
2008-05-16,219,56912,98248
2008-05-19,219,56912,98293
2008-05-20,219,56912,98345
2008-05-21,219,56912,98410
2008-05-22,219,56912,98425
2008-05-23,219,56912,98437
2008-05-27,219,56912,98446
2008-05-28,219,56912,98476
2008-05-29,219,56912,98488
2008-05-30,219,56912,98562
2008-06-02,219,56912,98572
2008-06-03,228,56912,98583
2008-06-04,235,56912,98630
2008-06-05,241,56912,98683
2008-06-06,241,56912,98698
2008-06-09,241,56912,98718
2008-06-10,241,56912,98736
2008-06-11,241,56912,98767
2008-06-12,241,56912,98804
2008-06-13,241,56912,98817
2008-06-16,241,56912,98828
2008-06-17,241,56912,98879
2008-06-18,241,56912,98917
2008-06-19,241,56912,98935
2008-06-20,241,56912,98937
2008-06-23,241,56912,98965
2008-06-24,241,56912,98981
2008-06-25,241,56912,98995
2008-06-26,241,56912,98996
2008-06-27,241,56912,99017
2008-06-30,241,56912,99074
2008-07-01,241,56912,99148
2008-07-02,241,56912,99157
2008-07-03,241,56912,99181
2008-07-04,241,56912,99185
2008-07-07,241,56912,99189
2008-07-08,241,56912,99266
2008-07-09,241,56912,99316
2008-07-10,241,56912,99392
2008-07-11,241,56912,99429
2008-07-14,241,56912,99439
2008-07-15,241,56912,99462
2008-07-16,241,56912,99595
2008-07-17,241,56912,99637
2008-07-18,241,56912,99661
2008-07-21,241,56928,99690
2008-07-22,241,56945,99690
2008-07-23,249,56946,99720
2008-07-24,256,56946,99732
2008-07-25,256,56946,99743
2008-07-28,256,56946,99764
2008-07-29,256,56946,99785
2008-07-31,256,56946,99791
2008-08-05,256,56946,99830
2008-08-06,256,56946,99866
2008-08-07,256,56946,99894
2008-08-08,256,56946,99946
2008-08-11,256,56946,99963
2008-08-12,256,56946,100017
2008-08-13,257,56946,100079
2008-08-15,257,56946,100102
2008-08-18,257,56946,100122
2008-08-19,257,56946,100127
2008-08-20,257,56946,100133
2008-08-21,257,56946,100150
2008-08-22,257,56946,100165
2008-08-26,257,56946,100171
2008-08-27,257,56946,100180
2008-08-28,257,56953,100181
2008-08-29,257,56953,100247
2008-09-01,257,56953,100250
2008-09-02,257,56953,100341
2008-09-03,257,56953,100385
2008-09-04,257,56953,100387
2008-09-05,257,56953,100393
2008-09-08,257,56960,100404
2008-09-09,257,56960,100417
2008-09-10,257,56960,100472
2008-09-11,257,56960,100540
2008-09-12,257,56960,100634
2008-09-15,257,56960,100688
2008-09-16,257,56960,100706
2008-09-17,257,56960,101920
2008-09-18,257,56960,101955
2008-09-19,257,56960,102068
2008-09-22,257,56960,102106
2008-09-23,257,56960,102204
2008-09-24,257,56960,102219
2008-09-25,257,56960,102349
2008-09-26,257,56960,102424
2008-09-29,257,56960,102492
2008-09-30,257,56960,102502
2008-10-01,257,56960,102626
2008-10-02,257,56960,102652
2008-10-03,257,56960,102687
2008-10-06,257,56960,102716
2008-10-07,257,56960,102739
2008-10-08,257,56960,102881
2008-10-09,257,56960,102897
2008-10-10,257,56960,102903
2008-10-13,257,56960,102942
2008-10-14,257,56960,102989
2008-10-15,257,56960,103101
2008-10-16,257,56960,103126
2008-10-17,257,56960,103173
2008-10-20,257,56960,103198
2008-10-21,257,56960,103235
2008-10-22,257,57059,103260
2008-10-23,257,57059,103301
2008-10-24,257,57059,103311
2008-10-27,257,57059,103322
2008-10-28,257,57059,103341
2008-10-29,257,57059,103351
2008-10-30,257,57059,103390
2008-11-03,257,57059,103395
2008-11-04,257,57059,103469
2008-11-05,257,57059,103543
2008-11-06,257,57059,103571
2008-11-07,257,57059,103614
2008-11-10,257,57059,103649
2008-11-11,257,57059,103672
2008-11-12,257,57061,103750
2008-11-13,257,57062,103793
2008-11-14,257,57626,103815
2008-11-17,257,57626,103849
2008-11-18,257,57626,103975
2008-11-19,257,57626,104042
2008-11-20,257,57626,104197
2008-11-21,257,57626,104323
2008-11-24,257,57626,104334
2008-11-25,257,57626,104339
2008-11-26,257,57626,104416
2008-11-27,257,57626,104424
2008-11-28,257,57626,104426
2008-11-29,257,57626,104429
2008-12-01,261,57626,104478
2008-12-02,311,57626,104552
2008-12-03,311,57626,104573
2008-12-04,311,57626,104613
2008-12-05,311,57626,104726
2008-12-08,311,57626,104735
2008-12-09,311,57626,104759
2008-12-10,311,57626,104777
2008-12-11,311,57626,104779
2008-12-12,311,57626,104786
2008-12-15,311,57626,104826
2008-12-16,311,57651,104867
2008-12-18,311,57651,104868
2008-12-19,311,58335,104868
2009-01-05,311,58335,104928
2009-01-06,311,58335,104959
2009-01-07,311,58335,104986
2009-01-08,311,58349,104996
2009-01-09,311,58350,105025
2009-01-15,312,58350,105045
2009-01-16,312,58350,105388
2009-01-19,312,58350,105403
2009-01-20,323,58350,105404
2009-01-21,323,58437,105404
2009-01-22,323,58585,105442
2009-01-23,323,58585,105609
2009-01-26,323,58585,105616
2009-01-27,323,58585,105636
2009-01-28,323,58585,105687
2009-01-29,323,58585,105715
2009-01-30,324,58585,105717
2009-02-02,324,58585,105726
2009-02-03,324,58585,105736
2009-02-04,324,58585,105755
2009-02-05,324,58585,105771
2009-02-06,324,58585,105774
2009-02-09,324,58607,105786
2009-02-10,324,58608,105787
2009-02-11,324,58608,105791
2009-02-12,324,58608,105795
2009-02-13,324,58856,105886
2009-02-15,324,58856,105895
2009-02-16,324,58856,105909
2009-02-17,324,58856,105920
2009-02-18,324,58856,105950
2009-02-19,324,58861,105954
2009-02-23,324,59942,106011
2009-02-24,324,59942,106112
2009-02-25,324,59942,106150
2009-02-27,324,59942,106164
2009-03-02,324,59942,106171
2009-03-03,324,60107,106301
2009-03-04,324,60107,106322
2009-03-05,324,60107,106337
2009-03-06,324,60107,106351
2009-03-09,324,60107,106354
2009-03-10,324,60107,106377
2009-03-11,324,60107,106415
2009-03-12,324,60107,106430
2009-03-13,324,60107,106445
2009-03-16,324,60107,106451
2009-03-17,324,60107,106482
2009-03-18,324,60107,106512
2009-03-19,324,60107,106522
2009-03-20,324,60107,106537
2009-03-23,324,60107,106609
2009-03-24,324,60107,106696
2009-03-25,324,60107,106714
2009-03-26,324,60107,106731
2009-03-27,324,60112,106731
2009-03-30,352,60124,106751
2009-03-31,357,60124,106807
2009-04-01,357,60124,106889
2009-04-02,357,60124,106923
2009-04-06,357,60124,106987
2009-04-07,357,60349,107001
2009-04-08,357,60465,107013
2009-04-09,357,60465,107051
2009-04-14,357,60465,107074
2009-04-15,357,60465,107125
2009-04-16,357,60494,107125
2009-04-17,357,60494,107150
2009-04-20,357,60494,107165
2009-04-21,357,60531,107176
2009-04-22,357,60531,107180
2009-04-24,357,61048,107180
2009-04-28,357,61048,107191
2009-04-29,357,61048,107211
2009-05-01,357,61051,107211
2009-05-05,357,61111,107229
2009-05-06,357,61112,107233
2009-05-07,357,61112,107311
2009-05-08,357,61112,107319
2009-05-11,357,61112,107350
2009-05-12,357,61112,107361
2009-05-13,357,61112,107364
2009-05-14,357,61112,107375
2009-05-15,357,61112,107384
2009-05-18,357,61112,107400
2009-05-19,357,61112,107409
2009-05-20,357,61913,107435
2009-05-21,357,61924,107435
2009-05-22,357,61924,107460
2009-05-27,2162,61924,107460
2009-05-28,2162,61924,107486
2009-06-01,2162,61927,107501
2009-06-02,2162,61927,107537
2009-06-03,2162,61927,107552
2009-06-04,2162,61927,107566
2009-06-05,2640,61927,107569
2009-06-08,2640,61927,107610
2009-06-09,2640,61927,107634
2009-06-10,2640,61927,107675
2009-06-11,2640,61927,107721
2009-06-12,2640,61927,107731
2009-06-15,2640,61927,107750
2009-06-16,2643,61927,107776
2009-06-19,2643,61927,107927
2009-06-22,2643,61927,108000
2009-06-23,2643,61927,108039
2009-06-24,2643,61927,108184
2009-06-29,2643,61927,108208
2009-06-30,2643,61927,108233
2009-07-01,2643,61927,108243
2009-07-02,2643,61927,108252
2009-07-06,2643,61927,108254
2009-07-07,2643,61938,108254
2009-07-08,2643,62044,108284
2009-07-09,2643,62046,108284
2009-07-13,2647,62046,108364
2009-07-14,2647,62046,108488
2009-07-15,2647,62046,108568
2009-07-16,2647,62046,108650
2009-07-17,2647,62046,108661
2009-07-20,2647,62046,108686
2009-07-21,2655,62046,108686
2009-07-22,2655,62046,108728
2009-07-23,2655,62046,108747
2009-07-24,2655,62046,108755
2009-07-27,2655,62183,108764
2009-07-28,2655,62225,108792
2009-07-29,2655,62225,109039
2009-07-31,2655,62225,109042
2009-08-03,2655,62225,109061
2009-08-04,2655,62225,109103
2009-08-06,2655,62225,109151
2009-08-07,2655,62225,109175
2009-08-10,2655,62225,109194
2009-08-11,2655,62225,109222
2009-08-12,2655,62225,109233
2009-08-13,2655,62225,109237
2009-08-14,2655,62225,109256
2009-08-17,2655,62225,109339
2009-08-18,6437,62225,109340
2009-08-19,6437,62225,109404
2009-08-20,6437,62225,109415
2009-08-24,6437,62225,109424
2009-08-25,6437,62225,109430
2009-08-26,6437,62225,109456
2009-08-27,6437,62225,109459
2009-08-28,6437,62225,109481
2009-09-01,6437,62225,109555
2009-09-02,6437,62225,109631
2009-09-03,6437,62225,109656
2009-09-04,6437,62225,109706
2009-09-08,6437,62225,109726
2009-09-09,6437,62225,109775
2009-09-10,6437,62225,109781
2009-09-11,6437,62225,109782
2009-09-14,6437,62225,109783
2009-09-15,6437,62225,109785
2009-09-16,6437,62225,109833
2009-09-18,6437,62225,109852
2009-09-21,6437,62225,109855
2009-09-22,6437,62225,109858
2009-09-23,6437,62225,109863
2009-09-24,6437,62225,109877
2009-09-25,6437,62225,109884
2009-09-28,6437,62225,109895
2009-09-29,6437,62225,109898
2009-09-30,6437,62225,109899
2009-10-01,6437,62225,109906
2009-10-02,6437,62225,109915
2009-10-05,6437,62225,109942
2009-10-06,6437,62225,109957
2009-10-07,6437,62225,109965
2009-10-08,6437,62225,110007
2009-10-09,6437,62225,110096
2009-10-12,6437,62225,110111
2009-10-13,6437,62236,110187
2009-10-14,6437,62237,110263
2009-10-15,6437,62237,110278
2009-10-16,6437,62237,110303
2009-10-19,6437,62237,110306
2009-10-20,6437,62237,110310
2009-10-21,6437,62237,110324
2009-10-22,6437,62237,110371
2009-10-23,6437,62237,110387
2009-10-26,6437,62237,110398
2009-10-27,6437,62237,110406
2009-10-28,6437,62237,110415
2009-10-29,6437,62237,110417
2009-11-02,6437,62237,110437
2009-11-03,6468,62237,110438
2009-11-04,6513,62237,110441
2009-11-05,6513,62237,110457
2009-11-06,6513,62237,110620
2009-11-12,6513,62237,110627
2009-11-13,6513,62237,110643
2009-11-16,6513,62237,110648
2009-11-17,6601,62237,110663
2009-11-18,6888,62237,110684
2009-11-20,6888,62237,110695
2009-11-23,6888,62237,110698
2009-11-24,6888,62237,110709
2009-11-25,6888,62237,110784
2009-11-26,6888,62237,110804
2009-11-30,6888,62237,110813
2009-12-01,6888,62237,110842
2009-12-02,6888,62237,110909
2009-12-03,6888,62237,110936
2009-12-04,6888,62237,110970
2009-12-07,6888,62237,110975
2009-12-11,6888,62237,110977
2009-12-14,6888,62237,111002
2009-12-15,6888,62237,111026
2009-12-16,6888,62237,111033
2009-12-17,6888,62237,111042
2009-12-18,8468,62237,111042
2010-01-04,8468,62237,111087
2010-01-05,8468,62237,111094
2010-01-06,8468,62237,111104
2010-01-07,8468,62237,111117
2010-01-08,8468,62237,111126
2010-01-11,8468,62237,111148
2010-01-12,8468,62237,111156
2010-01-13,8468,62237,111168
2010-01-14,8468,62237,111184
2010-01-15,8468,62237,111243
2010-01-18,8468,62623,111292
2010-01-19,8468,62623,111297
2010-01-20,8468,62629,111358
2010-01-21,8468,62634,111358
2010-01-22,8468,62634,111361
2010-01-25,8468,62634,111394
2010-01-26,8468,62634,111602
2010-01-27,8468,62634,111759
2010-01-28,8468,64971,111949
2010-01-29,8468,64971,112014
2010-02-01,8468,64971,112050
2010-02-02,8468,64971,112157
2010-02-03,8468,64971,112172
2010-02-04,8468,64971,112220
2010-02-05,8468,64971,112253
2010-02-09,8468,64971,112256
2010-02-10,8468,64971,112272
2010-02-11,8468,64971,112296
2010-02-12,8468,64971,112331
2010-02-15,8468,64971,112333
2010-02-16,8468,64971,112354
2010-02-18,8468,64971,112360
2010-02-19,8468,64971,112361
2010-02-22,8468,64971,112365
2010-02-23,8468,64971,112380
2010-02-24,8468,64971,112448
2010-02-25,8468,64971,112523
2010-02-26,8468,64971,112534
2010-03-01,8468,64971,112691
2010-03-02,8468,64971,112706
2010-03-03,8468,64971,112819
2010-03-04,8468,64973,112828
2010-03-05,8468,64973,112886
2010-03-08,8468,64973,112975
2010-03-09,8468,64973,113005
2010-03-10,8468,64973,113016
2010-03-11,8468,66376,113113
2010-03-12,8468,66376,113330
2010-03-15,8468,66376,113391
2010-03-16,8468,67162,113406
2010-03-17,8468,67162,113419
2010-03-18,8468,67162,113456
2010-03-19,8468,67162,113477
2010-03-22,8468,67162,113564
2010-03-23,8468,67162,113748
2010-03-24,8468,67162,113783
2010-03-25,8468,67162,113802
2010-03-26,8468,67162,113826
2010-03-29,8468,67162,113864
2010-03-30,8468,67162,113932
2010-04-06,8468,67237,113949
2010-04-07,8468,67367,113962
2010-04-08,8468,67367,114015
2010-04-09,8468,67367,114055
2010-04-12,8468,67424,114091
2010-04-13,8468,67424,114147
2010-04-14,8468,67424,114153
2010-04-15,8468,67424,114199
2010-04-16,8468,67500,114221
2010-04-19,8468,67500,114237
2010-04-20,8468,67500,114287
2010-04-21,8468,67500,114299
2010-04-22,8468,67500,114310
2010-04-23,8468,67500,114323
2010-04-26,8468,67500,114325
2010-04-27,8468,67500,114359
2010-04-28,8468,67500,114415
2010-04-29,8468,67985,114446
2010-04-30,8468,67985,114457
2010-05-04,8468,67985,114532
2010-05-05,8468,67985,114672
2010-05-06,8468,67985,114680
2010-05-07,8468,67985,114696
2010-05-10,8468,67985,114729
2010-05-11,8468,67985,114733
2010-05-12,8468,67985,114798
2010-05-13,8468,67985,114843
2010-05-14,8468,67985,114881
2010-05-17,8468,67985,115033
2010-05-18,8468,67985,115040
2010-05-19,8468,67985,115052
2010-05-20,8468,67985,115061
2010-05-21,8468,67985,115064
2010-05-24,8468,67985,115115
2010-05-25,8468,67985,115193
2010-05-26,8468,67985,115230
2010-05-27,8468,67985,115246
2010-05-28,8468,67985,116206
2010-06-01,8468,67985,116215
2010-06-02,8468,68021,116308
2010-06-03,8468,68021,116551
2010-06-07,8468,68021,116660
2010-06-08,8468,68021,116729
2010-06-09,8468,68021,116793
2010-06-10,8468,68021,116801
2010-06-14,8468,68021,116839
2010-06-15,8468,68021,116861
2010-06-16,8468,68021,116997
2010-06-17,8468,72473,117087
2010-06-18,8468,76526,117108
2010-06-21,8468,76902,117121
2010-06-22,8468,76902,117133
2010-06-23,8468,76902,117138
2010-06-25,8468,76902,117149
2010-06-28,8468,77288,117149
2010-07-05,8468,77288,117150
2010-07-06,8468,80729,117154
2010-07-07,8468,80734,117161
2010-07-12,8468,80734,117162
2010-07-14,8468,81509,117179
2010-07-15,8468,81509,117206
2010-07-16,8468,81509,117228
2010-07-19,8468,81509,117266
2010-07-20,8468,81509,117736
2010-07-21,8468,81509,117748
2010-07-22,8468,81509,117755
2010-07-23,8468,81509,117776
2010-07-26,8468,81509,117789
2010-07-27,8468,81509,117812
2010-07-28,8468,81509,117834
2010-07-29,8468,81509,117844
2010-07-30,8468,81678,117863
2010-08-02,8468,81678,117877
2010-08-03,8468,81678,117930
2010-08-05,8468,81678,117937
2010-08-06,8468,81678,117948
2010-08-09,8468,81771,118006
2010-08-10,8468,81771,118014
2010-08-11,8468,81771,118023
2010-08-12,8468,81771,118128
2010-08-13,8468,81797,118132
2010-08-16,8468,81797,118141
2010-08-17,8468,81797,118148
2010-08-18,8468,81805,118158
2010-08-19,8468,81805,118160
2010-08-23,8468,81805,118182
2010-08-24,8468,81805,118196
2010-08-25,8468,81805,118200
2010-08-26,8468,81805,118208
2010-08-27,8468,81805,118225
2010-08-30,8468,81805,118231
2010-08-31,8468,81805,118240
2010-09-01,8468,81805,118281
2010-09-02,8468,81805,118300
2010-09-03,8468,81805,118343
2010-09-06,8468,81805,118355
2010-09-07,8468,82478,118526
2010-09-08,8468,82542,118534
2010-09-09,8468,82546,118553
2010-09-10,8468,82546,118641
2010-09-13,8468,82546,118718
2010-09-14,8468,82546,118739
2010-09-15,8468,82546,118756
2010-09-16,8468,82546,118804
2010-09-17,8468,82546,118811
2010-09-19,8468,82546,118813
2010-09-20,8468,82546,118816
2010-09-21,8468,82546,118821
2010-09-22,8468,82546,118830
2010-09-23,8468,82546,118840
2010-09-24,8468,82546,118849
2010-09-27,8468,82546,118851
2010-09-29,8468,82546,118857
2010-09-30,8468,82546,118865
2010-10-01,8468,82546,118869
2010-10-04,8468,82546,118905
2010-10-05,8468,82546,118942
2010-10-06,8468,82546,118975
2010-10-07,8468,82546,118987
2010-10-12,8468,82546,119211
2010-10-13,8468,82546,119227
2010-10-14,8468,82546,119232
2010-10-15,8468,82546,119259
2010-10-18,8468,82567,119279
2010-10-19,8468,82768,119293
2010-10-20,8468,82768,119297
2010-10-21,8468,82768,119303
2010-10-25,8468,82768,119305
2010-10-26,8468,82768,119324
2010-10-27,8468,82768,119384
2010-10-28,8468,82768,119430
2010-10-29,8468,82768,119431
2010-10-30,8468,82768,119432
2010-11-01,8468,82768,119438
2010-11-02,8468,82768,119460
2010-11-03,8468,82768,119469
2010-11-04,8468,82768,119501
2010-11-08,8468,82768,119523
2010-11-09,8468,82768,119652
2010-11-10,8471,82768,119683
2010-11-11,8479,82768,119686
2010-11-12,8479,82768,119689
2010-11-14,8479,82768,119692
2010-11-15,8479,82768,119697
2010-11-16,8479,82768,119709
2010-11-17,8479,82768,119719
2010-11-18,8479,82768,119723
2010-11-23,8480,82768,119736
2010-11-24,8480,82768,119739
2010-11-25,8480,82768,119749
2010-11-26,8480,82768,119768
2010-11-29,8480,82768,120078
2010-11-30,8480,82768,122340
2010-12-01,8480,82877,122450
2010-12-03,8480,82877,122458
2010-12-06,8480,82904,122475
2010-12-07,8480,82973,122476
2010-12-08,8480,82990,122485
2010-12-09,8480,82990,123303
2010-12-10,8480,82990,123305
2010-12-14,8480,82990,123306
2010-12-15,8480,82990,123310
2010-12-16,8480,83231,123329
2010-12-17,8480,83231,123348
2010-12-18,8480,83231,123349
2010-12-20,8480,83231,123351
2010-12-21,8480,83231,123352
2010-12-22,8480,83231,123355
2010-12-24,8480,83231,123357
2010-12-31,8480,83231,123358
2011-01-04,8480,83231,123510
2011-01-05,8480,83231,123518
2011-01-06,8480,83231,123558
2011-01-07,8480,83231,123596
2011-01-10,8480,83231,123617
2011-01-11,8480,83231,123628
2011-01-12,8480,83231,124287
2011-01-13,8480,83231,124288
2011-01-17,8480,83231,124299
2011-01-18,8480,83231,124302
2011-01-19,8480,83231,124309
2011-01-21,8480,83231,124319
2011-01-24,8480,83231,124327
2011-01-25,8480,83231,124463
2011-01-26,8480,83231,124485
2011-01-27,8480,83231,124504
2011-01-28,8480,83231,124509
2011-01-31,8480,83231,124513
2011-02-01,8480,83231,124533
2011-02-03,8480,83334,124535
2011-02-04,8480,83334,124564
2011-02-07,8480,83334,124644
2011-02-08,8480,83334,124691
2011-02-09,8480,83334,124719
2011-02-10,8480,83334,124743
2011-02-11,8480,83334,124756
2011-02-14,8480,83334,125014
2011-02-15,8480,83334,125327
2011-02-16,8480,83334,125330
2011-02-18,8480,83334,125593
2011-02-28,8480,83334,125648
2011-03-01,8480,83334,125833
2011-03-02,8480,83334,125919
2011-03-03,8480,83334,125971
2011-03-04,8480,83334,125981
2011-03-07,8480,83334,125985
2011-03-08,8480,83334,126006
2011-03-09,8480,83334,126038
2011-03-10,8480,83334,135702
2011-03-11,8480,83334,144669
2011-03-12,8480,83334,148373
2011-03-14,8480,83334,148407
2011-03-15,8480,83334,148502
2011-03-16,8480,83334,148515
2011-03-17,8480,83334,148520
2011-03-18,8480,83334,148545
2011-03-21,8480,83334,148569
2011-03-22,8480,83334,148634
2011-03-23,8480,83334,148652
2011-03-24,8480,83334,148688
2011-03-25,8480,83334,148716
2011-03-28,8480,83334,148760
2011-03-29,8480,83334,148817
2011-03-30,8480,83334,148830
2011-03-31,8480,83334,148938
2011-04-01,8480,83334,148981
2011-04-04,8480,83334,149133
2011-04-05,8480,83334,149205
2011-04-06,8480,83334,149217
2011-04-07,8480,83334,149294
2011-04-08,8480,83334,149372
2011-04-11,8480,83334,149423
2011-04-12,8480,83334,149439
2011-04-13,8480,83334,149489
2011-04-14,8480,83334,149492
2011-04-15,8480,83334,149503
2011-04-18,8480,83334,149504
2011-04-19,8480,83334,149531
2011-04-20,8480,83338,149541
2011-04-21,8480,83338,149550
2011-04-22,8480,83338,149558
2011-04-26,8480,83338,149582
2011-04-27,8491,83338,149653
2011-04-28,8491,83338,149666
2011-04-29,8491,83338,149671
2011-05-02,8491,83338,149683
2011-05-03,8491,83338,149701
2011-05-04,8491,83338,149867
2011-05-05,8491,83347,149994
2011-05-06,8491,83347,150025
2011-05-09,8491,83347,150045
2011-05-10,8491,83347,150093
2011-05-11,8491,83347,150117
2011-05-12,8491,83347,150131
2011-05-13,8491,83347,150187
2011-05-16,8496,83379,150215
2011-05-17,8513,83379,150334
2011-05-18,8513,83379,153881
2011-05-19,8513,83379,154029
2011-05-20,8513,83379,154072
2011-05-23,8513,83812,154255
2011-05-24,8513,83812,154449
2011-05-25,8513,83812,154607
2011-05-26,8513,83812,154799
2011-05-27,8513,83812,154861
2011-05-30,8513,83812,154892
2011-05-31,8513,83812,154962
2011-06-01,8513,83812,154984
2011-06-02,8513,83812,154990
2011-06-03,8513,83812,155002
2011-06-06,8513,83812,155011
2011-06-07,8513,83968,155022
2011-06-08,8513,83968,155026
2011-06-09,8513,84076,155348
2011-06-10,8513,84076,155360
2011-06-13,8513,84076,155371
2011-06-14,8513,84076,155467
2011-06-15,8513,84076,155504
2011-06-16,8513,84076,155700
2011-06-17,8513,84076,156535
2011-06-20,8513,84076,156588
2011-06-21,8513,84076,156610
2011-06-22,8513,84076,156655
2011-06-23,8513,84076,156974
2011-06-24,8513,84076,157017
2011-06-27,8513,84076,157126
2011-06-28,8513,84076,157154
2011-06-30,8513,84076,157157
2011-07-04,8513,84076,157158
2011-07-06,8513,84076,157160
2011-07-07,8513,84076,157162
2011-07-08,8513,84076,157173
2011-07-11,8513,84076,157221
2011-07-12,8513,84076,157225
2011-07-13,8513,84076,157233
2011-07-14,8513,84076,157265
2011-07-15,8513,84076,157315
2011-07-18,8513,84138,157374
2011-07-19,8513,84138,157407
2011-07-20,8513,84393,157420
2011-07-21,8513,84393,157424
2011-07-22,8513,84393,157439
2011-07-25,8513,84393,157485
2011-07-26,8513,84393,157508
2011-07-27,8513,84393,157557
2011-07-28,8513,84393,157671
2011-07-29,8513,84393,157672
2011-08-01,8513,84488,157678
2011-08-02,8513,84488,157768
2011-08-03,8513,84488,157835
2011-08-04,8513,84488,158064
2011-08-05,8513,84488,158084
2011-08-08,8513,84488,158266
2011-08-09,8513,84488,158307
2011-08-10,8513,84488,158381
2011-08-11,8513,84488,158400
2011-08-12,8513,84488,158405
2011-08-15,8513,84488,158448
2011-08-16,8513,84488,158472
2011-08-17,8513,84488,158495
2011-08-18,8513,84488,158512
2011-08-19,8513,84488,158533
2011-08-22,8513,84488,158547
2011-08-23,8513,84660,158586
2011-08-24,8513,84660,158641
2011-08-25,8513,88066,158653
2011-08-26,8513,88066,158728
2011-08-30,8513,88066,158730
2011-08-31,8513,88066,158801
2011-09-01,8513,88066,158925
2011-09-02,8513,88066,158942
2011-09-05,8513,88066,158947
2011-09-06,8513,88066,159048
2011-09-07,8513,88066,159076
2011-09-08,8513,88066,159097
2011-09-09,8513,88066,159099
2011-09-11,8513,88066,159100
2011-09-12,8513,88066,159151
2011-09-13,8513,88066,159183
2011-09-14,8513,89009,159214
2011-09-15,8513,89009,159248
2011-09-16,8513,89022,159254
2011-09-18,8513,89022,159266
2011-09-19,8513,89022,159305
2011-09-20,8513,89022,159348
2011-09-21,8513,89022,159582
2011-09-22,8513,89022,159810
2011-09-23,8513,89022,159839
2011-09-25,8513,89022,159841
2011-09-26,8513,89022,159876
2011-09-27,8513,89033,159907
2011-09-28,8513,89042,159917
2011-09-29,8513,89042,159926
2011-09-30,8513,89042,160135
2011-10-03,8513,89042,160147
2011-10-04,8513,89042,160188
2011-10-05,8513,89042,160226
2011-10-06,8513,89042,160232
2011-10-07,8519,89042,160254
2011-10-10,8519,89139,160290
2011-10-11,8519,89139,160298
2011-10-12,8519,89139,160320
2011-10-13,8519,89139,160337
2011-10-14,8519,95637,160350
2011-10-17,8519,95637,160370
2011-10-18,8519,95637,160411
2011-10-19,8519,95637,160511
2011-10-20,8519,95637,160577
2011-10-24,8519,95652,160598
2011-10-25,8519,95652,160641
2011-10-26,8519,95652,160682
2011-10-27,8519,95652,160721
2011-10-31,8519,95652,160859
2011-11-01,8519,95652,160882
2011-11-02,8519,95652,160893
2011-11-03,8519,95652,160930
2011-11-04,8519,95652,160947
2011-11-07,8519,95652,160974
2011-11-08,8519,95652,161857
2011-11-09,8519,95652,161884
2011-11-10,8519,95652,161930
2011-11-11,8519,95652,161956
2011-11-14,8519,95652,161985
2011-11-15,8519,95652,162007
2011-11-16,8519,95652,162031
2011-11-17,8519,95652,162048
2011-11-18,8519,95652,162073
2011-11-21,8519,95652,162091
2011-11-22,8519,95652,162121
2011-11-23,8519,95652,162276
2011-11-24,8519,95652,162330
2011-11-25,8519,95652,162373
2011-11-28,8519,95652,162493
2011-11-29,8519,95652,162535
2011-11-30,8519,95652,162588
2011-12-01,8519,95652,162624
2011-12-02,8519,95652,162642
2011-12-05,8519,95652,162659
2011-12-07,8519,95652,162688
2011-12-08,8519,95652,162723
2011-12-09,8519,95652,162741
2011-12-12,8519,95652,162780
2011-12-13,8519,95652,162787
2011-12-14,8519,95652,162846
2011-12-15,8519,95652,163056
2011-12-16,8519,95652,163058
2011-12-19,8519,95652,163074
2011-12-20,8519,95652,163152
2012-01-03,8519,95652,163161
2012-01-04,8519,95652,163197
2012-01-06,8519,95652,163202
2012-01-08,8519,95652,163219
2012-01-09,8519,95652,163242
2012-01-10,8519,95652,163244
2012-01-11,8519,95652,163249
2012-01-12,8519,95652,163338
2012-01-13,8519,95652,163356
2012-01-16,8519,95652,163383
2012-01-17,8519,95652,163386
2012-01-18,8519,95652,163409
2012-01-19,8519,95652,163412
2012-01-20,8519,95652,163455
2012-01-23,8519,95652,163467
2012-01-24,8519,95652,163505
2012-01-25,8519,95663,163534
2012-01-26,8519,95706,163561
2012-01-27,8519,95706,163632
2012-01-30,8519,95706,163655
2012-01-31,8519,95706,163698
2012-02-01,8519,95706,163701
2012-02-02,8519,95706,163709
2012-02-03,8519,95706,163740
2012-02-06,8519,95706,163767
2012-02-07,8519,95706,163791
2012-02-08,8519,104755,163805
2012-02-09,8519,104755,163817
2012-02-10,8519,104755,163934
2012-02-13,8519,104755,163985
2012-02-14,8519,104755,164006
2012-02-15,8519,104755,164200
2012-02-16,8519,104755,164303
2012-02-17,8519,104755,164478
2012-02-20,8519,104755,164480
2012-02-21,8519,104755,164495
2012-02-22,8519,104755,164520
2012-02-23,8519,104755,164572
2012-02-24,8519,104755,164580
2012-02-26,8519,104755,164582
2012-02-27,8519,104755,164610
2012-02-28,8519,104755,164658
2012-02-29,8519,105582,165042
2012-03-01,8519,105582,165075
2012-03-02,8519,105582,165084
2012-03-06,8519,105582,165235
2012-03-07,8519,105582,165283
2012-03-08,8519,105582,165420
2012-03-09,8519,105582,165443
2012-03-12,8519,105582,165447
2012-03-13,8519,105582,165456
2012-03-14,8519,105582,165467
2012-03-15,8519,105582,165469
2012-03-16,8519,105582,165490
2012-03-18,8519,105582,165585
2012-03-19,8519,105582,165591
2012-03-20,8519,105582,165595
2012-03-21,8519,105582,165601
2012-03-22,8519,105582,165636
2012-03-27,8519,105582,165654
2012-03-28,8519,105582,165874
2012-03-29,8519,105582,165974
2012-03-30,8519,105582,166043
2012-04-02,8519,105582,166050
2012-04-03,8519,105582,166069
2012-04-04,8519,105582,166084
2012-04-05,8519,105582,166088
2012-04-09,8519,105582,166095
2012-04-10,8519,105582,166133
2012-04-11,8519,105582,166193
2012-04-12,8519,105582,166194
2012-04-13,8519,105582,166213
2012-04-16,8519,105582,166273
2012-04-17,8519,105582,166280
2012-04-18,8519,105582,166311
2012-04-19,8519,105582,166315
2012-04-20,8519,105582,166326
2012-04-23,8519,105584,166532
2012-04-24,8519,105584,166629
2012-04-25,8519,105584,166767
2012-04-26,8519,105584,166948
2012-04-27,8519,105584,166989
2012-04-30,8519,105595,167056
2012-05-01,8519,105595,167062
2012-05-02,8519,105595,167090
2012-05-03,8519,105595,167593
2012-05-04,8519,105595,168170
2012-05-07,8519,105595,168175
2012-05-08,8519,105595,168226
2012-05-09,8519,105601,168367
2012-05-10,8519,105610,168391
2012-05-11,8519,105610,168408
2012-05-14,8519,105610,168412
2012-05-15,8519,105610,168478
2012-05-16,8519,105610,168511
2012-05-17,8519,105610,168538
2012-05-18,8519,105610,168555
2012-05-21,8519,105610,168565
2012-05-22,8519,105610,168576
2012-05-23,8519,105610,168674
2012-05-24,8519,105610,168680
2012-05-28,8519,105611,168926
2012-05-29,8519,105611,168938
2012-05-30,8519,105611,168966
2012-05-31,8519,105611,168975
2012-06-01,8519,105611,168989
2012-06-04,8519,105611,168990
2012-06-05,8519,105611,168999
2012-06-06,8519,105611,169052
2012-06-07,8519,105611,169068
2012-06-08,8519,105611,169104
2012-06-11,8519,105775,169135
2012-06-12,8519,105775,169152
2012-06-13,8519,105775,169198
2012-06-14,8519,105775,169233
2012-06-15,8519,107453,169268
2012-06-18,8519,107453,169281
2012-06-19,8519,107453,169286
2012-06-20,8519,107453,169292
2012-06-21,8519,107453,169307
2012-06-22,8519,107453,169369
2012-06-25,8519,107453,169421
2012-06-26,8519,107453,169487
2012-06-27,8519,107453,169568
2012-06-28,8519,107453,169574
2012-06-29,8519,107453,169578
2012-07-02,8519,107453,169616
2012-07-03,8519,107453,169642
2012-07-04,8519,107456,169658
2012-07-05,8519,107457,169727
2012-07-06,8519,107457,169747
2012-07-09,8519,107457,170851
2012-07-10,8519,107457,170858
2012-07-11,8519,107457,172737
2012-07-12,8519,107457,172750
2012-07-13,8519,107457,172763
2012-07-16,8519,107457,172777
2012-07-17,8519,107457,172779
2012-07-18,8519,107457,172788
2012-07-19,8519,107457,172819
2012-07-20,8519,107457,172920
2012-07-22,8519,107457,172923
2012-07-23,8519,107457,172995
2012-07-24,8519,107457,173069
2012-07-25,8519,107457,173177
2012-07-26,8519,107945,173220
2012-07-27,8519,107945,173235
2012-07-29,8519,107945,173240
2012-07-30,8519,107945,173271
2012-07-31,8519,107948,173338
2012-08-01,8519,108602,173349
2012-08-02,8519,108602,173516
2012-08-03,8519,108602,173554
2012-08-06,8519,108602,174220
2012-08-07,8519,108602,174236
2012-08-08,8519,108602,174237
2012-08-09,8519,108602,174284
2012-08-13,8519,108602,174287
2012-08-14,8519,108602,174352
2012-08-15,8519,108602,174982
2012-08-16,8519,108602,174990
2012-08-17,8519,108602,175012
2012-08-20,8519,108602,175104
2012-08-21,8519,108602,175223
2012-08-22,8519,108602,175260
2012-08-23,8519,108602,175283
2012-08-24,8519,108602,175313
2012-08-27,8519,108602,175324
2012-08-28,8519,108602,175331
2012-08-29,8519,108602,175379
2012-08-30,8519,108602,175382
2012-08-31,8519,108602,176001
2012-09-02,8519,108602,176005
2012-09-04,8519,108602,176006
2012-09-05,8519,108602,176018
2012-09-06,8519,108602,176022
2012-09-07,8519,108602,176055
2012-09-10,8519,108602,176066
2012-09-11,8519,108602,176091
2012-09-12,8519,108602,176094
2012-09-13,8519,108602,176096
2012-09-14,8519,108602,176137
2012-09-17,8519,108602,176138
2012-09-18,8519,108602,176211
2012-09-19,8519,108602,176244
2012-09-20,8519,108602,176291
2012-09-21,8519,108602,176343
2012-09-23,8519,108602,176346
2012-09-24,8519,108602,176385
2012-09-25,8519,108602,176401
2012-09-26,8519,108602,176455
2012-09-27,8519,108602,176481
2012-09-28,8519,108602,176489
2012-10-01,8519,108602,176492
2012-10-02,8519,108602,176501
2012-10-03,8519,108602,176526
2012-10-04,8519,108602,176536
2012-10-05,8519,108602,176544
2012-10-07,8519,108602,176553
2012-10-08,8519,108602,176564
2012-10-09,8519,108602,176586
2012-10-10,8519,108602,179789
2012-10-11,8519,108602,179797
2012-10-12,8519,108611,179799
2012-10-15,8519,108611,179832
2012-10-16,8519,108611,179860
2012-10-17,8519,108611,179886
2012-10-18,8519,108611,179887
2012-10-19,8519,108611,179893
2012-10-22,8519,108611,179911
2012-10-23,8519,108611,179991
2012-10-24,8519,108611,180000
2012-10-25,8519,108611,180050
2012-10-26,8519,108611,180066
2012-10-29,8519,108611,180147
2012-10-30,8519,108611,180168
2012-10-31,8519,108611,180196
2012-11-01,8519,108611,180200
2012-11-02,8519,109263,180292
2012-11-05,8519,109263,180298
2012-11-06,8519,109263,180325
2012-11-08,8519,109263,180327
2012-11-09,8519,109263,180328
2012-11-12,8519,109263,180368
2012-11-13,8519,109263,180467
2012-11-14,8519,109263,180478
2012-11-15,8519,109263,180539
2012-11-16,8519,109263,180649
2012-11-19,8519,109263,180762
2012-11-20,8519,109263,180842
2012-11-21,8519,109263,180935
2012-11-22,8519,109263,180982
2012-11-23,8519,109263,180997
2012-11-26,8519,109263,181001
2012-11-27,8519,109263,181061
2012-11-28,8519,109263,181072
2012-11-29,8519,109263,181086
2012-11-30,8519,109263,182760
2012-12-03,8519,109263,182804
2012-12-04,8519,109263,183291
2012-12-05,8519,109263,183325
2012-12-06,8519,109263,183367
2012-12-10,8519,109263,183404
2012-12-11,8519,109435,183409
2012-12-12,8519,109435,183476
2012-12-13,8519,109435,183504
2012-12-14,8519,110271,183516
2012-12-17,8519,110271,183550
2012-12-18,8519,110271,183614
2012-12-19,8519,110271,183656
2012-12-20,8519,110271,183686
2012-12-21,8519,110271,183712
2012-12-24,8519,110271,183807
2012-12-27,8519,110271,183808
2013-01-02,8519,110271,183920
2013-01-04,8519,110271,183923
2013-01-07,8519,110271,183937
2013-01-08,8519,110271,183970
2013-01-09,8519,110547,183975
2013-01-10,8519,110553,183987
2013-01-11,8519,110553,184044
2013-01-14,8519,110553,184059
2013-01-15,8519,110553,184085
2013-01-16,8519,110553,184105
2013-01-17,8519,110553,184110
2013-01-18,8519,110553,184132
2013-01-20,8519,110553,184133
2013-01-21,8519,110553,184141
2013-01-22,8519,110553,184152
2013-01-23,8519,110553,184170
2013-01-24,8519,110553,184210
2013-01-25,8519,110553,184222
2013-01-28,8519,110553,184233
2013-01-29,8519,110553,184248
2013-01-30,8519,110553,184303
2013-01-31,8519,110561,184305
2013-02-01,8519,110561,184344
2013-02-03,8519,110561,184345
2013-02-04,8519,110561,184390
2013-02-05,8519,110561,184411
2013-02-06,8519,110561,184425
2013-02-07,8519,110561,184461
2013-02-08,8519,110561,184494
2013-02-11,8519,110561,184553
2013-02-12,8519,110561,184570
2013-02-13,8519,110561,184630
2013-02-14,8519,110561,184699
2013-02-15,8519,110561,184753
2013-02-17,8519,110561,184754
2013-02-18,8519,110561,184759
2013-02-19,8519,110597,184759
2013-02-20,8519,111727,184812
2013-02-21,8519,111727,184828
2013-02-22,8519,111727,184885
2013-02-25,8519,111727,185194
2013-02-26,8519,111727,185222
2013-02-27,8519,111727,185232
2013-02-28,8519,111727,185269
2013-03-01,8519,111727,185277
2013-03-04,8519,111735,185303
2013-03-05,8519,111735,185339
2013-03-06,8519,111735,185373
2013-03-07,8519,111735,185440
2013-03-08,8519,111735,185450
2013-03-11,8519,111735,185816
2013-03-12,8519,111735,185858
2013-03-13,8519,111735,185890
2013-03-14,8519,111735,185906
2013-03-15,8519,111735,185907
2013-03-18,8519,111735,185917
2013-03-19,8519,111735,185918
2013-03-21,8519,111735,185926
2013-03-22,8519,111735,185944
2013-03-25,8519,111735,185955
2013-03-26,8519,111736,186051
2013-03-27,8519,112296,186081
2013-03-28,8519,112296,186087
2013-04-02,8519,112296,186098
2013-04-03,8519,112700,186193
2013-04-04,8519,112797,186205
2013-04-05,8519,112797,186249
2013-04-08,8519,112797,186255
2013-04-10,8519,112797,186263
2013-04-11,8519,112797,186272
2013-04-12,8519,112797,186273
2013-04-15,8519,112797,186275
2013-04-17,8519,112797,186288
2013-04-19,8519,112797,186295
2013-04-22,8519,112797,186324
2013-04-23,8519,112797,186356
2013-04-24,8519,112797,186584
2013-04-25,8519,112822,186600
2013-04-26,8519,112844,186627
2013-04-29,8519,112844,186714
2013-04-30,8519,113204,186748
2013-05-01,8519,113204,186752
2013-05-02,8519,113204,186794
2013-05-03,8519,113204,186875
2013-05-04,8519,113204,186880
2013-05-06,8519,113204,186889
2013-05-07,8519,113204,186929
2013-05-08,8519,113290,186942
2013-05-09,8519,113308,187275
2013-05-10,8519,113308,187290
2013-05-13,8519,113308,187318
2013-05-14,8519,113358,187318
2013-05-15,8519,113358,187379
2013-05-16,8519,113358,187396
2013-05-17,8519,113358,187486
2013-05-20,8519,113358,187671
2013-05-21,8519,113358,187715
2013-05-22,8519,113358,187729
2013-05-23,8519,113358,187756
2013-05-24,8519,113363,187789
2013-05-28,8519,113363,187817
2013-05-29,8519,113363,187856
2013-05-30,8519,113363,187870
2013-05-31,8519,113363,187884
2013-06-03,8519,120505,187908
2013-06-04,8519,120505,187942
2013-06-05,8519,120513,187993
2013-06-06,8519,120513,188003
2013-06-07,8519,120513,188030
2013-06-08,8519,120513,188059
2013-06-09,8519,120513,188079
2013-06-10,8519,120513,188085
2013-06-11,8519,120513,188120
2013-06-12,8519,120513,188144
2013-06-13,8519,120513,188174
2013-06-14,8519,120513,188208
2013-06-17,8519,120513,188235
2013-06-18,8519,120513,188309
2013-06-19,8519,120513,188310
2013-06-20,8519,120534,188311
2013-06-25,8519,120534,188345
2013-06-26,8519,120534,188406
2013-06-27,8519,120807,188447
2013-06-28,8519,120807,188552
2013-06-29,8519,120807,188561
2013-07-01,8519,120807,188640
2013-07-02,8519,120807,188822
2013-07-03,8519,120807,188830
2013-07-04,8519,120807,188856
2013-07-05,8519,120807,188917
2013-07-08,8519,120807,188933
2013-07-09,8519,120807,188943
2013-07-10,8519,120807,189142
2013-07-11,8519,120856,189149
2013-07-12,8519,120856,189156
2013-07-15,8519,120856,189182
2013-07-16,8519,120856,189199
2013-07-17,8519,120856,189230
2013-07-18,8519,120856,189243
2013-07-19,8519,120869,189323
2013-07-22,8519,120869,189343
2013-07-23,8519,120869,189393
2013-07-24,8519,120869,189626
2013-07-25,8519,120869,189635
2013-07-26,8519,120869,189658
2013-07-29,8519,120869,189765
2013-07-30,8519,120869,189779
2013-07-31,8519,121349,189871
2013-08-02,8519,121349,189884
2013-08-04,8519,121349,189900
2013-08-05,8519,121349,190400
2013-08-06,8519,121349,190491
2013-08-07,8519,121349,190512
2013-08-08,8519,121349,190549
2013-08-09,8519,121349,190575
2013-08-12,8519,121349,190647
2013-08-13,8519,121349,190662
2013-08-14,8519,121467,190685
2013-08-15,8519,121467,190762
2013-08-16,8519,121467,190772
2013-08-18,8519,121467,190777
2013-08-19,8519,121467,190806
2013-08-20,8519,121467,190870
2013-08-21,8519,121498,210479
2013-08-22,8519,121498,265498
2013-08-23,8519,121498,265525
2013-08-26,8519,121498,265530
2013-08-27,8519,121498,265571
2013-08-28,8519,121498,265599
2013-08-29,8519,121498,265638
2013-08-30,8519,121498,265666
2013-08-31,8519,121498,265668
2013-09-02,8519,121498,265756
2013-09-03,8519,121498,265796
2013-09-04,8519,121498,265808
2013-09-05,8519,121498,265822
2013-09-06,8519,121498,265834
2013-09-07,8519,121498,265838
2013-09-09,8519,121498,265897
2013-09-10,8519,121498,266000
2013-09-11,8527,121498,266121
2013-09-12,8527,121498,266317
2013-09-13,8527,121498,266362
2013-09-16,8566,121498,266445
2013-09-17,8628,121498,266450
2013-09-18,8631,121498,266563
2013-09-19,8631,121498,266595
2013-09-20,8631,121498,266664
2013-09-23,8631,121498,266748
2013-09-24,8631,121892,266788
2013-09-25,8631,121892,266826
2013-09-26,8631,121892,266858
2013-09-27,8631,121892,266911
2013-09-30,8631,121892,266933
2013-10-01,8631,121892,266946
2013-10-02,8631,121892,267159
2013-10-03,8631,121901,267200
2013-10-04,8631,121901,267250
2013-10-05,8631,121901,267259
2013-10-06,8631,121901,267261
2013-10-07,8631,121901,267414
2013-10-08,8631,122668,267429
2013-10-09,8631,122668,267484
2013-10-10,8631,122668,267508
2013-10-11,8631,122668,267600
2013-10-14,8631,122668,267643
2013-10-15,8631,122676,267677
2013-10-16,8631,123705,267682
2013-10-17,8631,123708,267753
2013-10-18,8631,123729,267772
2013-10-20,8631,123729,267777
2013-10-21,8631,123729,267834
2013-10-22,8631,123729,267974
2013-10-23,8631,123729,268013
2013-10-24,8631,123729,268221
2013-10-25,8830,123729,268255
2013-10-28,8830,125131,268294
2013-10-29,8830,125131,268348
2013-10-30,8830,125131,268393
2013-10-31,8830,125131,268441
2013-11-01,8830,125131,268509
2013-11-03,8830,125131,268515
2013-11-04,8830,125131,268555
2013-11-05,8830,125131,268719
2013-11-06,8830,125131,268787
2013-11-07,8830,125131,268804
2013-11-08,8830,125131,268899
2013-11-11,8830,125131,268935
2013-11-12,8830,125131,268966
2013-11-13,8830,125131,268982
2013-11-14,8830,125131,269002
2013-11-15,8830,125131,269035
2013-11-18,8830,125141,269203
2013-11-19,8830,125145,269278
2013-11-20,8830,125145,269303
2013-11-21,8830,125145,269366
2013-11-22,8830,125145,269414
2013-11-24,8830,125145,269420
2013-11-25,8830,125145,269464
2013-11-26,8830,125145,269643
2013-11-27,8830,125767,269718
2013-11-28,8830,125767,269838
2013-11-29,8830,125767,269868
2013-12-02,8830,125767,269917
2013-12-03,8830,125767,269959
2013-12-04,8830,125767,270001
2013-12-05,8830,125767,270027
2013-12-06,8830,125767,270116
2013-12-09,8830,125767,270183
2013-12-10,8830,125767,270313
2013-12-11,8830,125767,270367
2013-12-12,8830,125767,270413
2013-12-16,8830,125767,270467
2013-12-17,8830,125767,270769
2013-12-18,8830,126367,270971
2013-12-19,8830,126367,271035
2013-12-20,8830,126367,271091
2013-12-23,8830,126367,271092
2013-12-24,8830,126367,271099
2014-01-02,8830,126367,271106
2014-01-06,8830,126367,271108
2014-01-07,8830,126367,271287
2014-01-08,8830,126367,271394
2014-01-09,8830,126367,271675
2014-01-10,8830,126367,271713
2014-01-11,8830,126367,271721
2014-01-12,8830,126367,271812
2014-01-13,8830,126367,271857
2014-01-14,8830,126367,271898
2014-01-15,8830,126367,271972
2014-01-16,8830,126367,272057
2014-01-17,8830,126367,272089
2014-01-20,8830,126623,272090
2014-01-21,8830,126623,272137
2014-01-22,8830,126623,272169
2014-01-23,8830,126623,272236
2014-01-24,8830,126623,272262
2014-01-25,8830,126623,272263
2014-01-26,8830,126623,272272
2014-01-27,8830,126623,272321
2014-01-28,8830,126679,272388
2014-01-29,8830,126679,272444
2014-01-30,8830,126679,272494
2014-01-31,8830,126679,272581
2014-02-03,8830,126679,272624
2014-02-04,8830,126679,272685
2014-02-05,8830,126679,272730
2014-02-06,8830,126679,272834
2014-02-07,8830,126679,272843
2014-02-08,8830,126679,272849
2014-02-10,8830,127188,272939
2014-02-11,8830,129750,272957
2014-02-12,8830,129750,273137
2014-02-13,8830,129750,273149
2014-02-14,8830,129750,273158
2014-02-17,8830,129750,273240
2014-02-18,8830,129752,273269
2014-02-19,8830,129752,273300
2014-02-20,8830,129752,273323
2014-02-21,8830,129752,273398
2014-02-24,8830,129752,273438
2014-02-25,8830,129752,273503
2014-02-26,8830,129752,273612
2014-02-27,8830,129752,273650
2014-02-28,8830,129752,273682
2014-03-02,8830,129752,273691
2014-03-03,8830,129799,273715
2014-03-04,8830,129799,273725
2014-03-05,8830,129799,273767
2014-03-06,8830,129799,273795
2014-03-07,8830,129799,273815
2014-03-10,8830,129799,273860
2014-03-11,8830,129799,273889
2014-03-12,8830,129799,273928
2014-03-14,8830,129799,273929
2014-03-17,8830,129799,273947
2014-03-18,8830,129799,273981
2014-03-19,8830,129799,273990
2014-03-20,8830,129799,274027
2014-03-22,8830,129799,274042
2014-03-24,8830,129799,274074
2014-03-25,8830,129799,274089
2014-03-26,8830,129909,274116
2014-03-27,8830,131368,274185
2014-03-28,8830,131368,274200
2014-03-31,8830,131368,274418
2014-04-01,8830,131368,274454
2014-04-02,8830,131368,274520
2014-04-03,8834,131368,274588
2014-04-04,8834,131368,275009
2014-04-05,8834,131368,275073
2014-04-06,8834,131368,275080
2014-04-08,8834,131368,275104
2014-04-09,8834,131368,275116
2014-04-10,8834,132930,275148
2014-04-11,8834,132930,275153
2014-04-13,8834,132930,275159
2014-04-14,8834,132930,275176
2014-04-15,8834,132930,275178
2014-04-17,8834,133432,275179
2014-04-18,8834,133450,275179
2014-04-22,8834,133450,275183
2014-04-23,8834,133468,275229
2014-04-24,8834,134641,275251
2014-04-25,8834,134641,275267
2014-04-28,8834,134641,275494
2014-04-29,8834,134641,275552
2014-04-30,8834,134641,275623
2014-05-01,8834,134641,275823
2014-05-02,8834,134641,275839
2014-05-03,8834,134641,275842
2014-05-05,8834,134641,275872
2014-05-06,8834,134641,275930
2014-05-07,8834,134641,275957
2014-05-08,8834,134641,276017
2014-05-09,8834,134641,276044
2014-05-10,8834,134641,276046
2014-05-12,8834,134641,276228
2014-05-13,8834,134641,276390
2014-05-14,8834,134641,276425
2014-05-15,8834,134641,276445
2014-05-16,8834,134641,276457
2014-05-19,8834,134641,276498
2014-05-20,8834,134641,276509
2014-05-21,8834,134641,276523
2014-05-22,8834,134641,276535
2014-05-23,8834,134641,276544
2014-05-26,8834,134641,276569
2014-05-27,8834,134641,276592
2014-05-28,8834,134641,276617
2014-05-29,8834,134641,276630
2014-05-30,8834,134641,276643
2014-06-02,8834,134641,276647
2014-06-03,8834,134641,276658
2014-06-04,8834,134641,276715
2014-06-05,8834,134641,276781
2014-06-06,8834,134641,276819
2014-06-08,8834,134641,276846
2014-06-09,8834,134641,276932
2014-06-10,8834,134641,276956
2014-06-11,8834,134641,276977
2014-06-12,8834,134641,277010
2014-06-13,8834,134641,277034
2014-06-14,8834,134641,277037
2014-06-16,8834,134641,277111
2014-06-17,8834,134641,277157
2014-06-18,8834,134641,277202
2014-06-19,8834,134641,277228
2014-06-20,8834,134641,277235
2014-06-23,8834,134641,277354
2014-06-24,8834,134641,277405
2014-06-25,8834,134641,277623
2014-06-26,8834,134641,277633
2014-06-27,8834,134641,277642
2014-06-30,8834,134641,277653
2014-07-01,8834,134641,277677
2014-07-02,8834,134641,277680
2014-07-03,8834,134641,277716
2014-07-04,8834,134641,277761
2014-07-07,8834,134641,277889
2014-07-08,8834,134641,277930
2014-07-09,8834,134641,277963
2014-07-10,8834,134641,278988
2014-07-11,8834,134641,278989
2014-07-14,8834,134641,279006
2014-07-15,8834,134641,279272
2014-07-16,8834,134641,279318
2014-07-17,8834,134641,279372
2014-07-18,8834,134641,279397
2014-07-21,8834,134641,279776
2014-07-23,8834,134641,279940
2014-07-24,8834,134657,279948
2014-07-25,8834,134657,279963
2014-07-28,8834,134657,280006
2014-07-29,8834,134657,280023
2014-07-30,8834,134657,280040
2014-07-31,8834,134657,280079
2014-08-01,8834,134657,280097
2014-08-04,8834,134657,280119
2014-08-05,8834,134657,280149
2014-08-06,8844,134657,280171
2014-08-07,8846,134657,280178
2014-08-08,8846,134657,280196
2014-08-11,8846,134657,280209
2014-08-12,8846,134657,280277
2014-08-13,8846,134657,280315
2014-08-14,8846,134657,280462
2014-08-15,8846,134657,280465
2014-08-18,8846,134657,280489
2014-08-19,8846,134671,280500
2014-08-20,8846,134672,280543
2014-08-21,8846,134672,280597
2014-08-22,8846,134672,280599
2014-08-25,8846,134672,280601
2014-08-26,8846,134672,280618
2014-08-27,8846,134672,280764
2014-08-28,8846,134672,280781
2014-08-29,8846,134672,280827
2014-09-01,8846,134672,280850
2014-09-02,8846,134672,280874
2014-09-03,8846,134672,280890
2014-09-04,8846,134672,280929
2014-09-05,8846,134672,280938
2014-09-08,8846,134672,280968
2014-09-09,8846,134672,280980
2014-09-10,8846,134672,281000
2014-09-11,8846,134672,281029
2014-09-12,8846,134672,281045
2014-09-15,8846,134672,281050
2014-09-16,8846,134672,281123
2014-09-17,8846,134672,281180
2014-09-18,8895,134672,281417
2014-09-19,8895,134672,281448
2014-09-22,8895,134672,281463
2014-09-23,8905,134672,281490
2014-09-24,8905,134672,281522
2014-09-25,8905,134672,281558
2014-09-26,8905,134672,281578
2014-09-29,8905,134672,281588
2014-09-30,8905,134672,281604
2014-10-01,8905,134672,281623
2014-10-02,8905,134672,281744
2014-10-03,8905,134672,281771
2014-10-06,8905,134672,281795
2014-10-07,8905,134673,281816
2014-10-08,8905,134673,281833
2014-10-09,8905,134950,281853
2014-10-10,8905,134950,281903
2014-10-13,8905,134950,281968
2014-10-14,8905,134950,281998
2014-10-15,8905,134950,282192
2014-10-16,8905,134950,282212
2014-10-17,8905,134950,282224
2014-10-19,8905,134950,282228
2014-10-20,8905,134950,282239
2014-10-21,8905,134950,282267
2014-10-22,8905,134950,282295
2014-10-23,8905,134950,282381
2014-10-24,8905,134950,282414
2014-10-25,8905,134950,282416
2014-10-26,8905,134950,282438
2014-10-27,8905,134950,282462
2014-10-28,8905,134950,282475
2014-10-29,8905,134951,282495
2014-10-30,8905,134952,282526
2014-10-31,8905,134952,282535
2014-11-03,8905,134952,282572
2014-11-04,8905,149739,282580
2014-11-05,8905,150193,282593
2014-11-06,8905,150193,282616
2014-11-07,8905,150193,282631
2014-11-10,8905,150193,282637
2014-11-11,8905,150193,282651
2014-11-12,8905,150193,282658
2014-11-13,8905,150193,282677
2014-11-14,8905,150193,282872
2014-11-17,8905,150388,283036
2014-11-18,8905,150463,283104
2014-11-19,8905,150463,283131
2014-11-20,8905,150463,283218
2014-11-21,8905,150623,283290
2014-11-24,8905,150623,283306
2014-11-25,8905,150751,283319
2014-11-26,8905,151231,283336
2014-11-27,8905,151231,283393
2014-11-28,8905,151231,283398
2014-11-30,8905,151231,283410
2014-12-01,8905,151231,283438
2014-12-02,8905,151231,283502
2014-12-03,8905,151231,283555
2014-12-04,8905,151970,283567
2014-12-05,8905,151970,283743
2014-12-08,8905,151970,283747
2014-12-09,8905,151970,283789
2014-12-10,8905,152066,283872
2014-12-11,8905,152066,283912
2014-12-12,8905,152066,283935
2014-12-13,8905,152066,283940
2014-12-15,8905,152066,283984
2014-12-16,8905,152066,284080
2014-12-17,8905,152066,284115
2014-12-18,8905,152066,284269
2014-12-19,8905,152066,284310
2014-12-21,8905,152066,284312
2014-12-22,8905,152066,284323
2014-12-23,8905,152066,284475
2014-12-29,8905,152066,284489
2014-12-30,8905,152066,284511
2014-12-31,8905,152066,284514
2015-01-02,8905,152066,284518
2015-01-03,8905,152066,284532
2015-01-05,8905,152066,284551
2015-01-06,8905,152066,284573
2015-01-07,8905,152066,284619
2015-01-08,8905,152066,284634
2015-01-09,8905,152066,284642
2015-01-10,8905,152066,284644
2015-01-12,8905,152066,284721
2015-01-13,8905,152066,284730
2015-01-14,8905,152066,284770
2015-01-15,8905,152066,284771
2015-01-16,8905,152682,284842
2015-01-18,8905,152682,284846
2015-01-19,8905,152682,285317
2015-01-20,8905,152682,285351
2015-01-21,8905,152682,285373
2015-01-22,8905,152682,285446
2015-01-23,8905,152682,285476
2015-01-26,8905,152682,285519
2015-01-27,8905,152682,285536
2015-01-28,8905,152682,285554
2015-01-29,8905,152682,285619
2015-01-30,8905,152682,285635
2015-02-02,8905,152682,285964
2015-02-03,8905,152682,286396
2015-02-04,8905,152682,286638
2015-02-05,8905,152682,286720
2015-02-06,8905,152682,286816
2015-02-07,8905,152682,286817
2015-02-09,8905,152682,286841
2015-02-10,8905,152704,286891
2015-02-11,8905,152704,286909
2015-02-12,8905,152704,286935
2015-02-13,8905,163189,286966
2015-02-14,8905,196186,286966
2015-02-16,8905,196186,287016
2015-02-17,8905,196186,287067
2015-02-18,8905,196186,287120
2015-02-19,8905,196186,287149
2015-02-20,8905,196186,287180
2015-02-23,8905,196188,287211
2015-02-24,8905,196188,287228
2015-02-25,8905,196188,287238
2015-02-26,8905,196188,287243
2015-02-27,8905,196188,287270
2015-03-02,8905,196188,287276
2015-03-03,8905,196188,287303
2015-03-04,8905,196188,287312
2015-03-05,8905,196188,287321
2015-03-06,8905,196188,287332
2015-03-08,8905,196188,287366
2015-03-09,8905,196188,287375
2015-03-10,8905,196188,287410
2015-03-11,8905,196188,287417
2015-03-12,8905,196188,287444
2015-03-13,8905,196188,287481
2015-03-16,8905,196188,287505
2015-03-17,8905,197253,287520
2015-03-18,8905,197758,287532
2015-03-19,8905,197758,287552
2015-03-20,8905,197758,287553
2015-03-22,8905,197758,287556
2015-03-23,8905,197758,287571
2015-03-24,8905,197758,287711
2015-03-25,8905,197758,287819
2015-03-26,8905,197758,287825
2015-03-27,8905,197758,287845
2015-03-29,8905,197758,287849
2015-03-30,8905,197758,287885
2015-03-31,8905,197758,287914
2015-04-01,8905,197758,288022
2015-04-02,8905,197758,288045
2015-04-07,8905,197758,288366
2015-04-08,8905,197758,288379
2015-04-09,8905,197758,288412
2015-04-10,8905,197758,288424
2015-04-11,8905,197758,288481
2015-04-13,8908,197758,288490
2015-04-15,8908,197758,288535
2015-04-16,8908,197758,288582
2015-04-17,8908,197758,288596
2015-04-19,8908,197758,288602
2015-04-20,8908,197786,288606
2015-04-21,8908,197786,288609
2015-04-22,8908,197786,288619
2015-04-23,8908,197786,288670
2015-04-24,8908,197786,288675
2015-04-26,8908,197786,288678
2015-04-27,8922,197786,288710
2015-04-28,8922,198211,288743
2015-04-29,8922,198211,288777
2015-04-30,8922,198211,288787
2015-05-04,8922,198211,288797
2015-05-05,8922,198211,288819
2015-05-06,8922,198212,288859
2015-05-07,8922,198212,288886
2015-05-08,8922,198212,288927
2015-05-10,8922,198212,288929
2015-05-11,8928,198212,288971
2015-05-12,8928,198212,289001
2015-05-13,8928,198212,289008
2015-05-14,8928,198212,289034
2015-05-15,8928,198212,289066
2015-05-18,8928,198212,289088
2015-05-19,8928,198212,289128
2015-05-20,8928,198212,289150
2015-05-21,8928,198212,289167
2015-05-22,8928,198212,289187
2015-05-25,8928,198212,289217
2015-05-26,8928,198212,289220
2015-05-27,8928,198212,289232
2015-05-28,8928,198212,289276
2015-05-29,8928,198212,289301
2015-06-01,8928,198212,289325
2015-06-02,8928,198212,289340
2015-06-03,8928,198212,289430
2015-06-04,8928,198212,289477
2015-06-05,8928,198212,289636
2015-06-06,8928,198212,289645
2015-06-08,8928,198212,289646
2015-06-09,8928,198212,289648
2015-06-11,8928,198212,289742
2015-06-12,8928,198212,289766
2015-06-15,8928,198212,289799
2015-06-16,8928,198212,289819
2015-06-17,8928,198212,289907
2015-06-18,8928,198212,290065
2015-06-19,8928,198212,290198
2015-06-22,8928,198212,290280
2015-06-23,8928,198212,290379
2015-06-24,8928,198212,290380
2015-06-25,8928,198212,290423
2015-06-26,8928,198212,290433
2015-06-27,8928,198212,290436
2015-06-28,8928,198212,290443
2015-06-29,8928,198212,290455
2015-06-30,8928,198212,290480
2015-07-01,8928,198212,290489
2015-07-02,8928,198212,290516
2015-07-03,8928,198212,290522
2015-07-06,8928,198212,290603
2015-07-07,8928,198212,290640
2015-07-08,8928,198212,290668
2015-07-09,8928,198212,290685
2015-07-10,8928,198212,290714
2015-07-13,8928,198212,290886
2015-07-14,8928,198212,290931
2015-07-15,8928,198212,290968
2015-07-16,8928,198212,291128
2015-07-17,8928,198212,291142
2015-07-20,8928,198212,291165
2015-07-21,8928,198212,291179
2015-07-22,8928,198212,291451
2015-07-23,8928,198212,291479
2015-07-24,8928,198212,291540
2015-07-27,8928,198212,291588
2015-07-28,8928,198212,291633
2015-07-29,8928,198212,291697
2015-07-30,8928,198212,291802
2015-07-31,8928,198212,291811
2015-08-01,8928,198212,291814
2015-08-03,8928,198212,291948
2015-08-04,8928,198212,291969
2015-08-05,8928,198212,291984
2015-08-06,8928,198212,292046
2015-08-07,8928,198212,292053
2015-08-09,8928,198212,292055
2015-08-10,8928,198212,292137
2015-08-11,8928,198212,292203
2015-08-12,8928,198212,292305
2015-08-13,8928,228682,292407
2015-08-14,8928,228687,292452
2015-08-17,8928,228687,292468
2015-08-18,8928,228714,292488
2015-08-19,8928,228732,292518
2015-08-20,8928,228732,292550
2015-08-21,8928,228732,292584
2015-08-24,8928,228732,292614
2015-08-25,8928,228732,292682
2015-08-26,8928,228732,292687
2015-08-27,8928,228732,292692
2015-08-28,8928,228732,292695
2015-09-02,8928,228732,292703
2015-09-03,8928,228732,292742
2015-09-04,8928,228732,292759
2015-09-07,8928,228732,292776
2015-09-08,8928,228732,292798
2015-09-09,8928,228732,292824
2015-09-10,8928,228732,292879
2015-09-11,8928,228732,292910
2015-09-14,8928,228732,292914
2015-09-15,8928,228732,292917
2015-09-16,8928,228732,292923
2015-09-17,8928,228732,292954
2015-09-18,8928,228737,292969
2015-09-21,8928,228737,292974
2015-09-22,8928,228887,292980
2015-09-23,8928,228889,292999
2015-09-24,8928,228889,293011
2015-09-25,8928,228889,293031
2015-09-28,8928,228909,293046
2015-09-29,8928,228909,293067
2015-09-30,8928,228914,293089
2015-10-01,8928,228942,293104
2015-10-02,8928,228942,293134
2015-10-05,8928,228942,293151
2015-10-06,8928,228942,293159
2015-10-07,8928,228942,293167
2015-10-08,8928,229246,293183
2015-10-09,8928,229246,293348
2015-10-12,8928,229255,293366
2015-10-13,8928,229256,293401
2015-10-14,8928,229256,294270
2015-10-15,8928,229256,294290
2015-10-20,8928,229256,294306
2015-10-21,8928,229256,298420
2015-10-22,8928,229256,298440
2015-10-23,8928,229256,298459
2015-10-26,8928,229291,298465
2015-10-27,8928,229291,298484
2015-10-28,8928,229291,298521
2015-10-29,8928,229291,298525
2015-10-30,8928,229291,298531
2015-10-31,8928,229292,298531
2015-11-02,8928,229292,298558
2015-11-03,8928,229292,298579
2015-11-04,8928,229301,298604
2015-11-05,8928,229301,298609
2015-11-06,8928,229301,298625
2015-11-09,8928,229611,298643
2015-11-10,8928,236550,298704
2015-11-11,8928,236550,298737
2015-11-12,8928,236550,298767
2015-11-16,8928,236550,298773
2015-11-17,8928,236550,298779
2015-11-18,8928,236550,298780
2015-11-19,8928,236550,298789
2015-11-20,8928,236550,298802
2015-11-23,8928,236550,298850
2015-11-24,8928,236550,299036
2015-11-25,8928,236550,299093
2015-11-26,8928,236550,299150
2015-11-27,8928,236550,299178
2015-11-30,8928,236550,299336
2015-12-01,8928,236550,299407
2015-12-02,8928,236550,299413
2015-12-03,8928,236550,299439
2015-12-04,8928,236550,299459
2015-12-07,8928,236550,299461
2015-12-08,8929,236550,299483
2015-12-09,8929,236550,299517
2015-12-10,8929,236550,299547
2015-12-11,8929,236550,299558
2015-12-14,8929,236550,299566
2015-12-15,8929,237094,299574
2015-12-16,8929,237094,299578
2015-12-17,8929,237094,299584
2015-12-18,8929,237094,299608
2015-12-21,8929,237094,299618
2016-01-04,8929,237098,299767
2016-01-05,8934,237098,299770
2016-01-06,8944,237098,299805
2016-01-07,8946,237098,299838
2016-01-08,8946,237098,299901
2016-01-09,8946,237098,299904
2016-01-11,8946,237098,299942
2016-01-12,8946,237098,299957
2016-01-13,8946,237098,300004
2016-01-14,8946,237098,300086
2016-01-15,8946,237098,300099
2016-01-18,8946,237098,300103
2016-01-20,8946,237098,300140
2016-01-21,8946,237098,300186
2016-01-22,8946,237098,300204
2016-01-25,8946,237098,300231
2016-01-26,8946,237098,300270
2016-01-27,8946,237098,300352
2016-01-28,8946,237098,300428
2016-01-29,8946,237098,300471
2016-02-01,8946,237098,300510
2016-02-02,8946,237098,300578
2016-02-03,8946,237643,301219
2016-02-04,8946,242530,301222
2016-02-05,8946,242530,301234
2016-02-08,8946,242530,301237
2016-02-09,8946,243311,301244
2016-02-10,8946,243318,301251
2016-02-11,8946,243746,301350
2016-02-12,8946,243746,301356
2016-02-15,8946,243746,301414
2016-02-16,8946,243760,301550
2016-02-17,8946,243760,301616
2016-02-18,8946,243760,301762
2016-02-19,8946,243760,301883
2016-02-22,8946,243760,301902
2016-02-23,8946,243760,302074
2016-02-24,8946,246238,302074
2016-02-25,8946,246238,302371
2016-02-26,8946,246238,302398
2016-02-29,8946,246250,302408
2016-03-01,8946,246250,302625
2016-03-02,8946,246250,302680
2016-03-03,8946,246250,302692
2016-03-04,8946,246250,302815
2016-03-05,8946,246250,302887
2016-03-07,8946,246250,302915
2016-03-08,8946,246250,302972
2016-03-09,8946,246250,303021
2016-03-10,8946,246250,303027
2016-03-11,8946,246250,303064
2016-03-12,8946,246250,303086
2016-03-14,8946,246250,303124
2016-03-15,8946,246250,303168
2016-03-16,8946,246250,303225
2016-03-17,8946,246250,303326
2016-03-18,8946,246250,303386
2016-03-19,8946,246250,303392
2016-03-21,8946,246459,303462
2016-03-22,8946,246459,303551
2016-03-23,8946,246460,303585
2016-03-24,8946,246460,303622
2016-03-25,8946,246460,303623
2016-03-29,8946,246460,303705
2016-03-30,8946,246460,303726
2016-03-31,8946,246460,303750
2016-04-01,8946,246460,303763
2016-04-02,8946,246460,303764
2016-04-03,8946,246460,303767
2016-04-04,8946,246460,303794
2016-04-05,8946,246460,303833
2016-04-06,8946,246460,303844
2016-04-07,8946,246460,303867
2016-04-08,8946,246460,303893
2016-04-11,8946,246460,303907
2016-04-12,8954,246460,303908
2016-04-13,8954,246460,303914
2016-04-14,8954,246460,303935
2016-04-19,8954,246460,303948
2016-04-20,8954,246460,303950
2016-04-21,8954,246460,303997
2016-04-22,8954,246460,304035
2016-04-25,8954,246460,304053
2016-04-26,8954,246460,304076
2016-04-27,8954,246460,304077
2016-04-28,8954,246460,304113
2016-05-03,8954,246460,304148
2016-05-04,8954,246460,304190
2016-05-05,8954,246460,304207
2016-05-06,8954,246460,304402
2016-05-07,8954,246460,304403
2016-05-09,8954,246461,304456
2016-05-11,8954,246461,304459
2016-05-12,8954,246461,304478
2016-05-13,8954,246473,304515
2016-05-14,8954,246473,304523
2016-05-15,8954,246473,304584
2016-05-16,8954,246473,304613
2016-05-17,8954,246474,304640
2016-05-18,8954,246474,304671
2016-05-19,8954,246478,304739
2016-05-20,8954,246554,304747
2016-05-23,8954,246554,304766
2016-05-24,8954,246558,304787
2016-05-25,8954,246558,304812
2016-05-26,8954,246558,304842
2016-05-27,8954,246558,304885
2016-05-31,8954,246558,304904
2016-06-01,8954,246560,304935
2016-06-02,8954,246560,305013
2016-06-03,8954,246560,305036
2016-06-04,8954,246560,305041
2016-06-06,8954,246560,308200
2016-06-07,8954,246560,308658
2016-06-08,8954,246560,308671
2016-06-09,8954,246560,308680
2016-06-10,8954,246560,308691
2016-06-13,8954,246560,308699
2016-06-14,8954,246560,308702
2016-06-15,8954,246812,308704
2016-06-16,8954,246812,308709
2016-06-17,8954,246812,310421
2016-06-19,8954,246812,310422
2016-06-20,8954,246812,310492
2016-06-21,8954,246812,310611
2016-06-22,8954,246812,310661
2016-06-23,8954,246812,310693
2016-06-24,8954,246812,310714
2016-06-27,8954,246812,310764
2016-06-28,8954,246812,310792
2016-06-29,8954,246812,310821
2016-06-30,8954,246812,310858
2016-07-01,8954,246812,310914
2016-07-02,8954,246812,310917
2016-07-04,8954,246812,311006
2016-07-05,8954,246812,311020
2016-07-06,8954,246812,311029
2016-07-07,8954,246812,311051
2016-07-11,8954,246812,311074
2016-07-12,8954,246812,311179
2016-07-13,8954,246934,311211
2016-07-14,8954,246934,311212
2016-07-15,8954,246934,311225
2016-07-18,8954,246934,311232
2016-07-19,8954,246934,311241
2016-07-20,8954,246934,311252
2016-07-21,8954,246934,311292
2016-07-25,8954,246934,311309
2016-07-26,8954,247348,311335
2016-07-27,8954,247348,316244
2016-07-28,8954,247348,316248
2016-07-29,8954,247348,316262
2016-08-01,8954,248879,316269
2016-08-02,8954,248879,316290
2016-08-03,8954,248879,316291
2016-08-04,8954,248879,316309
2016-08-05,8954,248879,316324
2016-08-08,8954,248879,316327
2016-08-09,8954,248879,316365
2016-08-10,8954,249705,316387
2016-08-11,8954,249705,316402
2016-08-15,8954,249713,316418
2016-08-16,8954,249713,316500
2016-08-17,8954,249713,316575
2016-08-18,8954,249713,316599
2016-08-19,8954,249713,316629
2016-08-21,8954,249713,316633
2016-08-22,8954,249713,316647
2016-08-23,8954,249713,316668
2016-08-24,8954,249713,316811
2016-08-25,8954,249713,316827
2016-08-26,8954,249713,316835
2016-09-06,8954,249713,316837
2016-09-08,8954,249713,316857
2016-09-09,8954,249713,316875
2016-09-12,8954,249713,316965
2016-09-13,8954,249713,317010
2016-09-14,8954,249713,317038
2016-09-15,8954,249713,317059
2016-09-16,8954,249713,317070
2016-09-19,8954,249713,317087
2016-09-20,8954,249713,317092
2016-09-21,8954,249713,317099
2016-09-22,8954,249713,317101
2016-09-26,8954,249776,317101
2016-09-28,8954,249776,317112
2016-09-30,8954,249776,317165
2016-10-03,8954,249776,317487
2016-10-04,8954,249776,317492
2016-10-05,8954,249779,317504
2016-10-06,8954,249779,317509
2016-10-07,8954,249779,317521
2016-10-10,8954,249779,317533
2016-10-11,8954,249779,317551
2016-10-12,8954,249779,317557
2016-10-13,8954,249779,317568
2016-10-14,8954,249779,317569
2016-10-18,8954,249779,317570
2016-10-19,8954,249784,317576
2016-10-21,8954,249786,317577
2016-10-24,8954,249786,317583
2016-10-25,8954,249786,317592
2016-10-26,8954,249787,317612
2016-10-27,8964,253773,317620
2016-10-28,8982,253773,317627
2016-10-31,8985,253797,317645
2016-11-01,8985,253797,317691
2016-11-02,8985,253797,317725
2016-11-03,8985,253797,317760
2016-11-07,8985,253797,317805
2016-11-08,8985,253797,317850
2016-11-09,8985,253797,317861
2016-11-10,8985,253797,317871
2016-11-11,8985,253797,317899
2016-11-14,8985,253797,317907
2016-11-15,8985,253797,317924
2016-11-16,8985,253797,317950
2016-11-17,8985,253797,317978
2016-11-18,8985,253797,317985
2016-11-21,8985,253797,317999
2016-11-22,8985,253797,318019
2016-11-23,8985,253797,318023
2016-11-24,9381,253797,318023
2016-11-25,9411,253797,318026
2016-11-28,9769,253797,318029
2016-11-29,9921,253797,318029
2016-11-30,9924,253797,318048
2016-12-01,9924,253797,318065
2016-12-02,9924,253797,318073
2016-12-05,9924,253797,318078
2016-12-06,9924,253797,318114
2016-12-07,9924,253797,318125
2016-12-08,9924,253797,318127
2016-12-13,9924,253797,318151
2016-12-14,9924,253797,318182
2016-12-15,9924,253797,318209
2016-12-19,9924,253797,318222
2016-12-20,9924,255992,318249
2016-12-21,9924,255992,318256
2016-12-22,9924,255992,318269
2017-01-04,9924,255992,318271
2017-01-05,9924,255992,318298
2017-01-06,9924,255992,318306
2017-01-09,9924,255992,318310
2017-01-10,9924,255992,318339
2017-01-11,9924,256018,318366
2017-01-12,9924,256018,318400
2017-01-16,9928,256018,318402
2017-01-17,9928,256018,318414
2017-01-18,9928,256066,318449
2017-01-19,9928,256066,318473
2017-01-20,9928,256066,318492
2017-01-23,9928,256093,318501
2017-01-24,9928,256093,318506
2017-01-25,9928,256093,318507
2017-01-26,9928,256093,318547
2017-01-27,9928,256093,318562
2017-01-30,9928,256093,318578
2017-01-31,9928,256093,318603
2017-02-01,9928,256093,318617
2017-02-02,9928,256093,318624
2017-02-06,9928,256093,318627
2017-02-07,9928,256093,318653
2017-02-08,9928,256093,318670
2017-02-09,9928,256093,318697
2017-02-10,9928,256093,318730
2017-02-13,9928,256093,318733
2017-02-14,9928,256093,318734
2017-02-15,9928,278047,318752
2017-02-16,9928,278047,318921
2017-02-17,9928,278047,318985
2017-02-18,9928,278047,318987
2017-02-20,9928,278047,319010
2017-02-21,9928,278047,319038
2017-02-22,9928,278047,319080
2017-02-23,9928,278047,319083
2017-02-24,9928,278047,319093
2017-02-27,9928,278047,319110
2017-02-28,9928,278047,319157
2017-03-01,9928,278047,319170
2017-03-02,9928,278047,319219
2017-03-03,9928,278047,319221
2017-03-06,9928,278047,319255
2017-03-07,9928,278801,319292
2017-03-08,9928,278801,319344
2017-03-09,9928,278801,319383
2017-03-10,9928,278801,319395
2017-03-11,9928,278801,319397
2017-03-13,9928,278801,319415
2017-03-14,9928,278801,319431
2017-03-15,9928,278801,319499
2017-03-16,9928,278801,319544
2017-03-17,9928,278801,319581
2017-03-20,9928,278801,319621
2017-03-21,9928,278801,319638
2017-03-22,9928,278803,319672
2017-03-23,9928,278803,319708
2017-03-24,9928,278803,319766
2017-03-27,9928,278803,319809
2017-03-29,9928,278803,319811
2017-03-30,9928,278803,319826
2017-03-31,9928,278803,319835
2017-04-03,9928,278803,319855
2017-04-04,9928,278803,319872
2017-04-05,9928,278803,319881
2017-04-06,9928,280092,319911
2017-04-07,9928,280092,319912
2017-04-10,9928,280092,319930
2017-04-11,9928,280092,319933
2017-04-12,9928,280092,319983
2017-04-13,9928,280092,320010
2017-04-14,9928,280092,320013
2017-04-17,9928,280092,320022
2017-04-18,9929,280092,320028
2017-04-20,9929,280092,320064
2017-04-21,9929,280092,320078
2017-04-24,9929,280092,320088
2017-04-25,9929,280092,320091
2017-04-26,9929,280092,320102
2017-04-27,9929,280092,320121
2017-04-28,9929,280092,320127
2017-04-30,9929,280092,320300
2017-05-01,9929,280092,320678
2017-05-02,9929,280092,320822
2017-05-03,9929,280092,321188
2017-05-04,9929,280092,321197
2017-05-05,9929,280092,321205
2017-05-08,9929,280092,321226
2017-05-09,9929,280092,321302
2017-05-10,9929,280092,321318
2017-05-11,9929,280092,321329
2017-05-12,9929,280092,321366
2017-05-13,9929,280092,321426
2017-05-14,9929,280092,321444
2017-05-15,9929,280092,321448
2017-05-16,9929,280092,321458
2017-05-17,9929,280092,321691
2017-05-18,9929,280092,321695
2017-05-19,9929,280092,321860
2017-05-20,9929,280092,321903
2017-05-22,9929,280296,321928
2017-05-23,9929,280296,321945
2017-05-24,9929,280299,321995
2017-05-25,9929,280299,322014
2017-05-26,9929,280299,322038
2017-05-28,9929,280299,322041
2017-05-30,9929,280299,322046
2017-05-31,9929,280299,322080
2017-06-01,9929,280299,322100
2017-06-02,9929,280299,322130
2017-06-05,9929,280299,322143
2017-06-06,9929,280299,322152
2017-06-07,9929,280299,322178
2017-06-08,9929,280299,322489
2017-06-09,9929,280299,322504
2017-06-12,9929,280299,322555
2017-06-13,9929,280299,322581
2017-06-14,9929,280299,322612
2017-06-15,9929,280299,322619
2017-06-16,9929,280299,322742
2017-06-19,9929,283933,322831
2017-06-20,9929,283933,322845
2017-06-21,9929,283933,322882
2017-06-22,9929,283933,323106
2017-06-23,9929,283933,323109
2017-06-24,9929,283933,323125
2017-06-26,9929,283933,323178
2017-06-27,9929,283948,323254
2017-06-28,9929,283951,323288
2017-06-29,9929,283951,323331
2017-06-30,9929,288952,323331
2017-07-02,9929,293645,323339
2017-07-03,9929,293645,323352
2017-07-04,9929,293645,323400
2017-07-05,9929,293645,323409
2017-07-07,9929,293645,323482
2017-07-10,9929,293645,323495
2017-07-11,9929,293645,323523
2017-07-12,9929,293645,323545
2017-07-13,9929,293645,323553
2017-07-14,9929,293645,323556
2017-07-15,9929,293645,323559
2017-07-17,9929,293645,323571
2017-07-18,9929,293645,323579
2017-07-19,9929,293645,323606
2017-07-20,9929,293645,323652
2017-07-21,9929,293645,323678
2017-07-24,9929,293645,323713
2017-07-25,9929,293645,323718
2017-07-26,9929,293645,323721
2017-07-27,9929,293645,323725
2017-07-28,9929,293645,323727
2017-07-31,9929,293645,323730
2017-08-01,9929,293645,323746
2017-08-02,9929,293657,323746
2017-08-03,9929,293657,323837
2017-08-04,9929,293657,331979
2017-08-05,9929,293657,338335
2017-08-06,9929,293657,347774
2017-08-07,9929,293657,358254
2017-08-08,9929,293657,364743
2017-08-09,9929,293657,365043
2017-08-10,9929,293657,365692
2017-08-11,9929,293657,374537
2017-08-14,9929,293657,374546
2017-08-15,9929,293657,374559
2017-08-16,9929,293657,374649
2017-08-17,9929,293657,374833
2017-08-18,9929,293657,374834
2017-08-19,9929,293657,375006
2017-08-21,9929,293657,375007
2017-08-22,9929,293657,375031
2017-08-23,9929,293657,375288
2017-08-24,9929,297161,375314
2017-08-26,9929,297161,375316
2017-08-28,9929,297161,375318
2017-08-29,9929,297763,375653
2017-08-30,9929,297780,375689
2017-08-31,9929,297780,375693
2017-09-01,9929,297780,375735
2017-09-04,9929,297780,375741
2017-09-05,9929,297780,375908
2017-09-06,9929,297780,375936
2017-09-07,9929,297780,375953
2017-09-08,9929,297780,375964
2017-09-11,9929,297780,375980
2017-09-12,9929,297780,375991
2017-09-13,9929,297780,375999
2017-09-14,9929,297780,376035
2017-09-15,9929,297780,376050
2017-09-17,9929,297780,376051
2017-09-18,9929,297780,376063
2017-09-19,9929,297780,376087
2017-09-20,9929,297780,376110
2017-09-21,9929,297780,376138
2017-09-24,9929,297780,376156
2017-09-25,9929,297780,376157
2017-09-26,9929,297780,376167
2017-09-27,9929,297780,376191
2017-09-28,9929,297780,376204
2017-09-29,9929,297780,376300
2017-10-02,9929,297780,376454
2017-10-03,9929,297780,376508
2017-10-04,9929,297780,376636
2017-10-05,9929,297780,376733
2017-10-06,9929,297780,376748
2017-10-09,9929,297780,376762
2017-10-10,9929,297780,376825
2017-10-11,9929,297780,376882
2017-10-12,9929,297780,376932
2017-10-13,9929,297780,376940
2017-10-16,9929,297780,376941
2017-10-17,9929,297780,376973
2017-10-18,9929,297780,376992
2017-10-19,9929,297780,380930
2017-10-20,9929,297780,380932
2017-10-23,9929,297780,380963
2017-10-24,9929,297780,380965
2017-10-25,9929,297789,380969
2017-10-27,9929,297789,380973
2017-10-30,9929,297789,381034
2017-10-31,9929,297789,381038
2017-11-02,9929,297789,381040
2017-11-03,9929,297789,381052
2017-11-06,9929,297789,381055
2017-11-07,9929,297789,381061
2017-11-08,9929,297789,381075
2017-11-09,9929,297789,381100
2017-11-10,9929,297789,381138
2017-11-11,9929,297789,381164
2017-11-13,9929,297789,381170
2017-11-14,9929,297789,381201
2017-11-15,9929,297789,381283
2017-11-16,9929,297789,381291
2017-11-17,9929,297789,381302
2017-11-20,9929,297789,381305
2017-11-21,9929,297789,381372
2017-11-22,9929,297789,381410
2017-11-23,9929,297789,381420
2017-11-24,9929,297799,381435
2017-11-27,9929,297799,381449
2017-11-28,9929,297799,381477
2017-11-29,9929,297799,381489
2017-11-30,9929,297799,381508
2017-12-01,9929,297799,381528
2017-12-04,9929,297799,381538
2017-12-05,9929,297799,381573
2017-12-06,9929,297799,381650
2017-12-07,9929,297799,381673
2017-12-08,9929,297799,382090
2017-12-11,9929,298239,382101
2017-12-12,9929,298239,382145
2017-12-13,9929,298239,382160
2017-12-14,9929,298239,382183
2017-12-15,9929,298239,382203
2017-12-18,9929,298239,382243
2017-12-19,9929,298239,382533
2017-12-20,9929,298239,382559
2017-12-21,9929,298239,382610
2017-12-22,9929,298239,382619
2018-01-02,9929,298239,382628
2018-01-03,9929,298239,382641
2018-01-04,9929,298239,382671
2018-01-05,9929,298239,382692
2018-01-08,9929,298239,382706
2018-01-09,9929,298239,382732
2018-01-10,9929,298239,382784
2018-01-11,9929,298239,382792
2018-01-12,9929,298239,383158
2018-01-15,9929,298239,385498
2018-01-16,9929,298239,385539
2018-01-17,9929,298239,385552
2018-01-18,9929,298239,385568
2018-01-19,9929,298239,385573
2018-01-22,9929,298239,385605
2018-01-23,9929,298239,385623
2018-01-24,9929,298239,385647
2018-01-25,9929,298239,385660
2018-01-29,9929,298239,385832
2018-01-30,9929,298239,385862
2018-01-31,9929,298239,385980
2018-02-01,9929,298239,385992
2018-02-02,9929,298239,386022
2018-02-05,9929,298239,386294
2018-02-06,9929,298239,386336
2018-02-07,9929,298239,386346
2018-02-08,9929,298239,386376
2018-02-09,9929,298239,386390
2018-02-11,9929,298239,386396
2018-02-12,9929,298239,386419
2018-02-13,9929,298239,386444
2018-02-14,9929,298239,386495
2018-02-15,9929,298239,386523
2018-02-16,9929,298289,386533
2018-02-19,9929,298289,386537
2018-02-20,9929,306114,386549
2018-02-21,9929,306114,386608
2018-02-22,9929,306114,386615
2018-02-23,9929,306114,386940
2018-02-25,9929,307029,386940
2018-02-26,9929,307029,386952
2018-02-27,9929,307047,386954
2018-02-28,9929,307047,386955
2018-03-01,9929,307047,386967
2018-03-02,9929,307047,387025
2018-03-05,9929,307047,387047
2018-03-06,9929,307047,387088
2018-03-07,9929,307047,387109
2018-03-08,9929,307047,387114
2018-03-09,9929,307047,387141
2018-03-12,9929,307047,387158
2018-03-13,9929,307047,387185
2018-03-14,9929,307047,387197
2018-03-15,9929,307047,387254
2018-03-16,9929,307047,387283
2018-03-19,9929,307049,387289
2018-03-20,9929,307049,387327
2018-03-21,9929,307049,387389
2018-03-22,9929,307049,387394
2018-03-23,9929,307049,387400
2018-03-25,9929,307049,387402
2018-03-26,9929,307049,387452
2018-03-27,9929,307049,387473
2018-03-28,9929,307049,387483
2018-03-29,9929,307049,399319
2018-04-04,9929,307049,399340
2018-04-05,9929,307049,399701
2018-04-06,9929,307049,399706
2018-04-09,9929,307049,399708
2018-04-10,9929,307049,400006
2018-04-11,9929,307049,400100
2018-04-12,9929,307049,400107
2018-04-13,9929,307049,400124
2018-04-16,9929,307049,400142
2018-04-23,9929,307049,400149
2018-04-24,9929,307049,400154
2018-04-25,9929,307049,400191
2018-04-26,9929,307049,400291
2018-04-27,9929,307049,400884
2018-04-30,9929,307049,401043
2018-05-01,9929,307049,401060
2018-05-02,9929,307049,401073
2018-05-03,9929,307050,405870
2018-05-04,9929,307050,405898
2018-05-05,9929,307050,405899
2018-05-08,9929,307050,405911
2018-05-09,9929,307050,405942
2018-05-10,9929,307050,405945
2018-05-11,9929,307050,405948
2018-05-14,9929,307050,405966
2018-05-15,9929,307050,405985
2018-05-16,9929,307050,406006
2018-05-17,9929,307050,406032
2018-05-18,9929,307050,406438
2018-05-21,9929,307050,406466
2018-05-22,9929,307050,406514
2018-05-23,9929,307050,406515
2018-05-24,9929,307050,406520
2018-05-25,9929,307050,406676
2018-05-27,9929,307050,407201
2018-05-29,9929,307050,407207
2018-05-30,9929,307050,407452
2018-05-31,9929,307050,407470
2018-06-01,9929,307148,407473
2018-06-04,9929,307148,407489
2018-06-05,9929,307148,407497
2018-06-06,9929,307148,407513
2018-06-07,9929,307148,407517
2018-06-08,9929,307148,407525
2018-06-11,9929,307148,407527
2018-06-12,9929,307148,407532
2018-06-13,9929,307148,407534
2018-06-14,9929,307148,407786
2018-06-15,9929,307148,407794
2018-06-16,9929,307148,407795
2018-06-18,9929,307148,407800
2018-06-19,9929,307148,407826
2018-06-20,9929,307148,407847
2018-06-21,9929,307148,407856
2018-06-22,9929,307148,407901
2018-06-25,9929,307148,407908
2018-06-26,9929,307148,408599
2018-06-27,9929,307148,408629
2018-06-28,9929,307148,408633
2018-06-29,9929,307148,408634
2018-07-02,9929,307148,408650
2018-07-03,9929,307148,408670
2018-07-04,9929,307148,408679
2018-07-06,9929,307148,408681
2018-07-09,9929,307148,408682
2018-07-10,9929,307148,408720
2018-07-11,9929,307148,408823
2018-07-12,9929,307148,408833
2018-07-13,9929,307148,408873
2018-07-15,9929,307148,408883
2018-07-16,9929,307148,408895
2018-07-17,9929,307148,409031
2018-07-18,9929,308234,409127
2018-07-19,9929,308234,409150
2018-07-20,9929,308234,409176
2018-07-21,9929,308234,409177
2018-07-23,9929,308243,409202
2018-07-24,9929,308245,409225
2018-07-25,9929,308263,409249
2018-07-26,9929,312253,409254
2018-07-27,9929,312257,409260
2018-07-28,9929,312257,409267
2018-07-30,9929,312257,409268
2018-07-31,9929,312257,409280
2018-08-01,9929,312257,409316
2018-08-02,9929,312257,409333
2018-08-03,9929,312257,409367
2018-08-06,9929,312257,409371
2018-08-07,9929,312257,409402
2018-08-08,9929,312257,409405
2018-08-09,9929,312257,409419
2018-08-10,9929,312257,409439
2018-08-13,9929,312257,409445
2018-08-14,9929,312257,409547
2018-08-15,9929,312257,409570
2018-08-16,9929,312257,409574
2018-08-17,9929,312257,409588
2018-08-20,9929,312257,409592
2018-08-21,9929,312257,410064
2018-08-22,9929,312257,410542
2018-08-23,9929,312257,410559
2018-08-24,9929,312257,410561
2018-08-27,9929,312257,410567
2018-08-28,9929,312257,410610
2018-08-29,9929,312257,410613
2018-08-30,9929,312257,410641
2018-09-04,9929,312257,410849
2018-09-05,9929,312257,411212
2018-09-06,9929,312257,411275
2018-09-07,9929,312433,411622
2018-09-08,9929,312433,411623
2018-09-10,9929,313186,411631
2018-09-11,9929,313186,411648
2018-09-12,9929,313231,411698
2018-09-13,9929,313231,411733
2018-09-14,9929,313231,411734
2018-09-16,9929,313231,411740
2018-09-17,9929,313231,411750
2018-09-18,9929,313231,411864
2018-09-19,9929,313231,411890
2018-09-20,9929,313231,411897
2018-09-21,9929,313231,411994
2018-09-22,9929,313231,412000
2018-09-23,9929,313231,412013
2018-09-24,9929,313231,412020
2018-09-25,9929,313231,412061
2018-09-26,9929,313231,412074
2018-09-27,9929,313231,412088
2018-09-28,9929,313231,412100
2018-09-29,9929,313231,412105
2018-10-01,9929,313231,412106
2018-10-02,9929,313231,412111
2018-10-03,9929,313231,412125
2018-10-04,9929,313231,412142
2018-10-05,9929,313231,412167
2018-10-08,9929,313231,412176
2018-10-09,9929,313231,412198
2018-10-10,9929,313231,412208
2018-10-11,9929,313231,412224
2018-10-12,9929,313231,412260
2018-10-14,9929,313231,412261
2018-10-15,9929,313231,412329
2018-10-16,9929,313231,412365
2018-10-17,9929,313231,412380
2018-10-18,9929,313231,412384
2018-10-19,9929,313231,412605
2018-10-22,9929,313231,412628
2018-10-23,9929,313231,412810
2018-10-24,9929,313231,413026
2018-10-25,9929,313231,413260
2018-10-26,9929,313231,414263
2018-10-29,9929,313231,414274
2018-10-30,9929,313231,414817
2018-10-31,9929,313231,415103
2018-11-01,9929,313231,415221
2018-11-04,9929,313231,415382
2018-11-05,9929,313231,415384
2018-11-07,9929,313231,415397
2018-11-08,9929,313231,415416
2018-11-09,9929,313231,415434
2018-11-10,9929,313231,415436
2018-11-12,9929,313231,415465
2018-11-13,9929,313231,415476
2018-11-14,9929,313231,415484
2018-11-15,9929,313231,415491
2018-11-16,9929,313231,415496
2018-11-19,9929,313231,420404
2018-11-20,9929,313231,420418
2018-11-21,9929,313231,420472
2018-11-22,9929,313275,420481
2018-11-23,9929,313275,420502
2018-11-24,9929,313275,420503
2018-11-25,9929,313275,420505
2018-11-26,9929,313275,420623
2018-11-27,9929,313275,420904
2018-11-28,9929,313275,421235
2018-11-29,9929,313275,421344
2018-11-30,9929,313275,421709
2018-12-01,9929,313275,421715
2018-12-03,9929,313275,421768
2018-12-04,9929,313275,421824
2018-12-05,9929,313275,421923
2018-12-06,9929,313275,421927
2018-12-07,9929,313275,421934
2018-12-10,9929,313275,421954
2018-12-11,9929,313275,421966
2018-12-12,9929,313275,421988
2018-12-13,9929,313275,422011
2018-12-14,9929,313275,422032
2018-12-15,9929,313275,422035
2018-12-17,9929,313275,422073
2018-12-18,9929,313275,422099
2018-12-19,9929,313275,422144
2018-12-20,9929,313275,422145
2018-12-21,9929,313275,422146
2018-12-22,9929,313275,422156
2018-12-24,9929,313275,422171
2018-12-27,9929,313275,422194
2018-12-28,9929,313275,422195
2018-12-29,9929,313275,422199
2018-12-30,9929,313275,422221
2018-12-31,9929,313275,422231
2019-01-02,9929,313275,422283
2019-01-03,9929,313275,422733
2019-01-04,9929,313275,422749
2019-01-07,9929,313275,422757
2019-01-08,9929,313275,422794
2019-01-09,9929,313275,422812
2019-01-10,9929,313275,422838
2019-01-11,9929,313275,422843
2019-01-12,9929,313275,422870
2019-01-13,9929,313275,423007
2019-01-14,9929,313275,423015
2019-01-15,9929,313275,423074
2019-01-16,9929,313275,423082
2019-01-17,9929,313275,423088
2019-01-18,9929,313275,423090
2019-01-19,9929,313275,423091
2019-01-21,9929,313275,423121
2019-01-22,9929,313275,423131
2019-01-23,9929,313275,426644
2019-01-24,9929,313275,426686
2019-01-25,9929,313275,427094
2019-01-28,9929,313275,427217
2019-01-29,9929,313642,427283
2019-01-30,9929,313642,427312
2019-01-31,9929,313649,427347
2019-02-01,9929,313649,427366
2019-02-05,9929,313649,427387
2019-02-06,9929,313649,427421
2019-02-07,9929,313649,427470
2019-02-08,9929,313649,427512
2019-02-09,9929,313649,427514
2019-02-10,9929,313649,427567
2019-02-11,9929,313649,427588
2019-02-12,9929,313649,427632
2019-02-13,9929,313649,427654
2019-02-14,9929,313649,427668
2019-02-15,9929,313649,427712
2019-02-16,9929,313649,427731
2019-02-18,9929,313649,427763
2019-02-19,9929,313649,427771
2019-02-20,9929,313649,427853
2019-02-21,9929,313649,428052
2019-02-22,9929,313649,428102
2019-02-23,9929,313649,428105
2019-02-25,9929,313649,428122
2019-02-26,9929,313649,428172
2019-02-27,9929,313649,428211
2019-02-28,9929,313649,428265
2019-03-01,9929,313649,428380
2019-03-03,9929,313649,428406
2019-03-04,9929,313649,428438
2019-03-05,9929,313649,428460
2019-03-06,9929,313649,428521
2019-03-07,9929,313649,428593
2019-03-08,9929,313649,428695
2019-03-11,9929,313649,429683
2019-03-12,9929,313693,429749
2019-03-13,9929,313694,429865
2019-03-14,9929,316969,429892
2019-03-15,9929,316970,429941
2019-03-16,9929,316970,429958
2019-03-17,9929,316987,429958
2019-03-18,9929,316987,430067
2019-03-19,9929,316987,430114
2019-03-20,9929,316993,430151
2019-03-21,9929,316993,430181
2019-03-22,9929,316993,430210
2019-03-25,9929,316993,430292
2019-03-26,9929,316993,430360
2019-03-27,9929,316993,430392
2019-03-28,9929,316993,430444
2019-03-29,9929,316993,430480
2019-04-01,9929,316993,430977
2019-04-02,9929,316993,431005
2019-04-03,9929,316993,431019
2019-04-04,9929,316993,431656
2019-04-05,9929,316993,431712
2019-04-06,9929,316993,431714
2019-04-08,9929,316993,431741
2019-04-09,9929,316993,431773
2019-04-10,9929,316993,431818
2019-04-11,9929,316993,431846
2019-04-12,9929,319712,431876
2019-04-14,9929,319712,431880
2019-04-15,9929,319772,431909
2019-04-16,9929,320436,436991
2019-04-17,9929,320436,437020
2019-04-18,9929,320436,437195
2019-04-19,9929,320436,437248
2019-04-23,9929,320436,437394
2019-04-24,9929,320436,437408
2019-04-25,9929,320436,437421
2019-04-26,9929,320440,437428
2019-04-27,9929,320440,437429
2019-04-29,9929,324051,437442
2019-04-30,9929,325806,437452
2019-05-01,9929,325806,437488
2019-05-02,9929,325806,437548
2019-05-03,9929,325806,437570
2019-05-06,9929,325806,437578
2019-05-07,9929,325806,437596
2019-05-08,9929,325806,437634
2019-05-09,9929,325806,437648
2019-05-10,9929,325806,437662
2019-05-11,9929,325806,437665
2019-05-12,9929,325806,437763
2019-05-13,9929,325806,437769
2019-05-14,9929,325806,437779
2019-05-15,9929,325806,437795
2019-05-16,9929,325806,437821
2019-05-17,9929,325806,437823
2019-05-20,9929,325806,437838
2019-05-21,9929,325806,437843
2019-05-22,9929,325806,437880
2019-05-23,9929,325806,437885
2019-05-24,9929,325806,437895
2019-05-26,9929,325806,437901
2019-05-27,9929,325806,437918
2019-05-28,9929,325806,437939
2019-05-29,9929,325806,437970
2019-05-30,9929,325806,438019
2019-05-31,9929,325806,438025
2019-06-01,9929,325806,438026
2019-06-03,9929,325806,438049
2019-06-04,9929,325806,438147
2019-06-05,9929,325806,438252
2019-06-06,9929,325806,438315
2019-06-07,9929,325806,438367
2019-06-10,9929,325806,438370
2019-06-11,9929,325806,438384
2019-06-12,9929,325806,438445
2019-06-13,9929,325806,438459
2019-06-14,9929,325806,438486
2019-06-16,9929,325806,438489
2019-06-17,9929,325806,438502
2019-06-18,9929,325806,438519
2019-06-19,9929,325806,438545
2019-06-20,9929,325806,438566
2019-06-21,9929,325806,438615
2019-06-23,9929,325806,438636
2019-06-24,9929,325806,438676
2019-06-25,9929,325806,438692
2019-06-26,9929,325806,438702
2019-06-27,9929,325806,438710
2019-06-28,9929,325806,438768
2019-07-01,9929,325806,438956
2019-07-02,9929,325806,439030
2019-07-03,9929,325806,439072
2019-07-04,9929,325806,439081
2019-07-05,9929,325806,439083
2019-07-06,9929,325806,439087
2019-07-08,9929,325806,439137
2019-07-09,9929,325847,439193
2019-07-10,9929,325847,439197
2019-07-11,9929,325847,497481
2019-07-12,9929,325847,497506
2019-07-13,9929,325847,497525
2019-07-14,9929,325847,497533
2019-07-15,9929,325847,497568
2019-07-16,9929,325847,497622
2019-07-17,9929,325847,497640
2019-07-18,9929,325847,497650
2019-07-19,9929,325847,497662
2019-07-22,9929,325847,497667
2019-07-23,9929,325847,497675
2019-07-24,9929,325847,497717
2019-07-25,9929,325847,497741
2019-07-26,9929,325847,502642
2019-07-27,9929,325847,502652
2019-07-28,9929,325847,502657
2019-07-29,9929,325847,502693
2019-07-30,9929,325847,502721
2019-07-31,9929,325847,502726
2019-08-01,9929,325847,502740
2019-08-02,9929,326222,502807
2019-08-05,9929,326236,502863
2019-08-06,9929,326236,502891
2019-08-07,9929,326236,502931
2019-08-08,9929,326236,503023
2019-08-12,9929,326236,503356
2019-08-13,9929,326236,503431
2019-08-14,9929,326236,503482
2019-08-15,9929,326236,503499
2019-08-16,9929,326236,503512
2019-08-17,9929,326236,503518
2019-08-19,9929,326236,503548
2019-08-20,9929,326236,503580
2019-08-21,9929,326236,503594
2019-08-22,9929,326236,503604
2019-08-23,9929,326236,503609
2019-08-24,9929,326236,503610
2019-08-25,9929,326236,503618
2019-08-27,9929,326236,503622
2019-08-28,9929,326236,503633
2019-08-29,9929,326236,503677
2019-08-30,9929,326236,503688
2019-08-31,9929,326236,503692
2019-09-02,9929,326236,503772
2019-09-03,9929,326236,503805
2019-09-04,9929,326562,503838
2019-09-06,9929,326562,503848
2019-09-09,9929,326562,503853
2019-09-10,9929,326562,503873
2019-09-11,9929,326562,503880
2019-09-12,9929,326562,503901
2019-09-13,9929,326562,503913
2019-09-15,9929,326562,503916
2019-09-16,9929,327003,503936
2019-09-17,9929,327003,503946
2019-09-18,9929,327018,503988
2019-09-19,9929,327018,504168
2019-09-20,9929,327018,504277
2019-09-23,9929,327025,504289
2019-09-24,9929,327025,504344
2019-09-25,9929,327025,504372
2019-09-26,9929,327025,504408
2019-09-27,9929,327025,504467
2019-09-28,9929,327025,504472
2019-09-29,9929,327025,504473
2019-09-30,9929,327025,504476
2019-10-01,9929,327025,504483
2019-10-02,9929,327025,504494
2019-10-03,9929,327025,504544
2019-10-04,9929,327025,506694
2019-10-07,9929,327025,506728
2019-10-08,9929,327025,506770
2019-10-09,9929,327025,506811
2019-10-10,9929,327025,506843
2019-10-11,9929,327025,506891
2019-10-12,9929,327025,506892
2019-10-14,9929,327025,506920
2019-10-15,9929,327025,506999
2019-10-16,9929,327025,507024
2019-10-17,9929,327132,507047
2019-10-18,9929,327132,507055
2019-10-19,9929,327132,507058
2019-10-21,9929,327132,507096
2019-10-22,9929,327132,507140
2019-10-23,9929,327132,507226
2019-10-24,9929,327132,507239
2019-10-25,9929,327132,507256
2019-10-26,9929,327132,507257
2019-10-28,9929,327132,507301
2019-10-29,9929,327132,507323
2019-10-30,9929,327132,509856
2019-10-31,9929,327132,509898
2019-11-01,9929,327132,509905
2019-11-02,9929,327132,509910
2019-11-03,9929,327132,509913
2019-11-04,9929,327132,509917
2019-11-05,9929,327132,509923
2019-11-06,9929,327132,509944
2019-11-07,9929,327132,509946
2019-11-08,9929,327132,509957
2019-11-10,9929,327132,509958
2019-11-11,9929,327132,510000
2019-11-12,9929,327132,510027
2019-11-13,9929,327132,510089
2019-11-14,9929,327132,510293
2019-11-15,9929,327132,510330
2019-11-18,9929,327132,510339
2019-11-19,9929,327132,510350
2019-11-20,9929,327132,510404
2019-11-21,9929,327132,510470
2019-11-22,9929,327132,510489
2019-11-25,9929,327132,510510
2019-11-26,9929,327132,510558
2019-11-27,9929,327132,510580
2019-11-28,9929,327132,510699
2019-11-29,9929,327132,510983
2019-12-01,9929,327132,510984
2019-12-02,9929,327132,511026
2019-12-03,9929,327132,516002
2019-12-04,9929,327132,516025
2019-12-05,9929,327132,516711
2019-12-06,9929,327132,516716
2019-12-09,9929,327132,516734
2019-12-10,9929,327132,516763
2019-12-11,9929,327150,517363
2019-12-12,9929,327150,517540
2019-12-13,9929,461849,517609
2019-12-15,9929,489869,517620
2019-12-16,9929,489869,517638
2019-12-17,9929,489869,517646
2019-12-18,9929,489869,517670
2019-12-19,9929,489869,517679
2019-12-20,9929,489869,517688
2019-12-22,9929,489869,517691
2019-12-23,9929,489869,517695
2019-12-24,9929,489869,517697
2019-12-27,9929,489869,517701
2019-12-28,9929,489869,517702
2019-12-31,9929,489869,517723
2020-01-01,9929,489869,517744
2020-01-02,9929,489869,517779
2020-01-03,9929,489869,517803
2020-01-06,9929,489869,517827
2020-01-07,9929,489869,517900
2020-01-08,9929,489869,517920
2020-01-09,9929,489869,517928
2020-01-10,9944,490274,517936
2020-01-11,9944,490274,517938
2020-01-13,9944,496041,517969
2020-01-14,9949,496041,518036
2020-01-15,9950,496041,518072
2020-01-16,9950,496041,518118
2020-01-17,9950,496042,518131
2020-01-18,9950,496042,518132
2020-01-20,9953,496050,518182
2020-01-21,9953,496050,518393
2020-01-22,9953,496050,518493
2020-01-23,9956,496050,518549
2020-01-24,9956,496050,518614
2020-01-25,9956,496050,518631
2020-01-27,9956,497364,518648
2020-01-28,9956,497364,521279
2020-01-29,9956,497364,521302
2020-01-30,9956,497364,521312
2020-01-31,9956,497364,521319
2020-02-03,9956,497364,521343
2020-02-04,9956,497364,521349
2020-02-05,9956,497364,521353
2020-02-07,9956,497364,521356
2020-02-10,9956,497364,521453
2020-02-11,9956,497364,521470
2020-02-12,9956,497364,521480
2020-02-13,9956,497364,521503
2020-02-14,9956,497364,521521
2020-02-17,9956,497364,521570
2020-02-18,9956,497449,521570
2020-02-19,9956,497449,521587
2020-02-20,9956,497449,521606
2020-02-21,9956,497449,522110
2020-02-23,9956,497449,522523
2020-02-24,9956,497449,522541
2020-02-25,9956,497449,522598
2020-02-26,9956,497449,522610
2020-02-27,9956,497449,522640
2020-02-28,9956,497449,522655
2020-03-01,9956,497449,522657
2020-03-02,9956,497449,522702
2020-03-03,9956,497449,522748
2020-03-04,9956,497449,522751
2020-03-05,9956,497449,522756
2020-03-06,9956,497449,522758
2020-03-07,9956,497449,522768
2020-03-09,9956,497449,522815
2020-03-10,9956,497449,522824
2020-03-11,9956,497449,522863
2020-03-12,9956,497449,522882
2020-03-13,9956,497449,522908
2020-03-14,9956,497449,522910
2020-03-15,9956,497449,522926
2020-03-16,9956,497449,522928
2020-03-17,9956,497449,523294
2020-03-18,9956,497449,523889
2020-03-19,9956,497449,523909
2020-03-20,9956,497449,524035
2020-03-23,9956,497449,524054
2020-03-24,9956,497449,524073
2020-03-25,9956,497449,527723
2020-03-26,9956,497449,527727
2020-03-27,9956,497449,527853
2020-03-28,9956,497449,527854
2020-03-29,9956,497449,527905
2020-03-30,9956,497449,527933
2020-03-31,9956,497449,527936
2020-04-01,9956,497449,527952
2020-04-02,9956,497449,527985
2020-04-03,9956,497449,528018
2020-04-04,9956,497449,528064
2020-04-05,9956,497449,528075
2020-04-06,9956,497449,528092
2020-04-07,9956,497449,528465
2020-04-08,9956,497467,528533
2020-04-09,9956,497467,528590
2020-04-10,9956,497467,528604
2020-04-11,9956,497467,528627
2020-04-12,9956,497467,528629
2020-04-13,9956,497467,528693
2020-04-14,9956,504391,529259
2020-04-15,9956,504391,529320
2020-04-16,9956,504391,529338
2020-04-17,9956,504391,529372
2020-04-19,9956,504391,529373
2020-04-20,9956,504391,529388
2020-04-21,9956,506088,529406
2020-04-22,9956,506088,529426
2020-04-23,9956,506088,529456
2020-04-24,9956,506088,529473
2020-04-27,9956,506088,529510
2020-04-28,9956,506088,529525
2020-04-29,9956,506088,529530
2020-04-30,9956,506088,529534
2020-05-01,9956,506088,529538
2020-05-03,9956,506088,529539
2020-05-04,9956,506088,529548
2020-05-05,9956,506088,529573
2020-05-06,9956,506088,529588
2020-05-07,9956,506088,529604
2020-05-08,9956,506088,529608
2020-05-09,9956,506088,529614
2020-05-11,9956,506088,529648
2020-05-12,9956,509161,529800
2020-05-13,9956,509161,529844
2020-05-14,9956,509161,529896
2020-05-15,9956,509161,529950
2020-05-18,9960,509161,529999
2020-05-19,9960,509161,530001
2020-05-20,10147,509161,530028
2020-05-21,10147,509161,530182
2020-05-22,10147,509161,530214
2020-05-23,10147,509161,530217
2020-05-25,10147,509161,530241
2020-05-26,10147,509161,530286
2020-05-27,10147,509161,530292
2020-05-28,10147,509161,530346
2020-05-29,10147,509161,530485
2020-05-30,10147,509161,530499
2020-05-31,10147,509161,530503
2020-06-01,10147,509161,530523
2020-06-02,10147,509161,530552
2020-06-03,10147,509161,531116
2020-06-04,10147,509161,531200
2020-06-05,10147,509161,531234
2020-06-06,10147,509161,531290
2020-06-08,10147,509161,531302
2020-06-09,10147,509161,531331
2020-06-10,10147,509161,531367
2020-06-11,10147,509169,531396
2020-06-12,10147,509171,531405
2020-06-13,10147,509171,531406
2020-06-14,10147,509171,531408
2020-06-15,10147,509776,531445
2020-06-16,10147,509776,531463
2020-06-17,10147,509776,531494
2020-06-18,10147,509776,531522
2020-06-19,10147,509776,531587
2020-06-20,10147,509776,531628
2020-06-21,10147,509776,531631
2020-06-22,10147,509776,531643
2020-06-23,10147,509776,531653
2020-06-24,10147,509776,531660
2020-06-25,10147,511608,531700
2020-06-26,10147,511608,531729
2020-06-27,10147,511608,531736
2020-06-28,10147,511608,531739
2020-06-29,10147,511615,531761
2020-06-30,10147,511615,531801
2020-07-01,10147,511615,532091
2020-07-02,10147,511615,532110
2020-07-03,10147,511615,532237
2020-07-04,10147,511615,532251
2020-07-06,10147,511615,532310
2020-07-07,10147,511615,532337
2020-07-08,10147,511615,532411
2020-07-09,10147,511615,532425
2020-07-10,10147,511615,532490
2020-07-12,10147,511615,532539
2020-07-13,10147,511615,532624
2020-07-14,10147,511615,532668
2020-07-15,10147,511615,532672
2020-07-16,10147,511615,532715
2020-07-17,10147,511615,532796
2020-07-18,10147,511615,532802
2020-07-19,10147,511615,532806
2020-07-20,10147,511615,532809
2020-07-21,10147,511615,532812
2020-07-22,10147,511615,532823
2020-07-23,10147,511615,532835
2020-07-24,10147,511615,533000
2020-07-27,10147,511615,533005
2020-07-28,10147,511615,533016
2020-07-29,10147,511615,533023
2020-07-30,10147,511615,533032
2020-07-31,10147,511615,533070
2020-08-01,10147,511615,533079
2020-08-03,10147,511615,533262
2020-08-04,10147,511615,533283
2020-08-05,10147,511615,533982
2020-08-06,10147,511615,534000
2020-08-07,10147,511615,534326
2020-08-08,10147,511615,534329
2020-08-09,10147,511615,534749
2020-08-10,10147,511615,534753
2020-08-11,10147,511615,534759
2020-08-12,10147,511619,534762
2020-08-13,10147,511619,534817
2020-08-14,10147,511619,534846
2020-08-16,10147,511619,534848
2020-08-17,10147,511772,534868
2020-08-18,10147,511772,534882
2020-08-20,10147,511772,534890
2020-08-21,10147,511772,534902
2020-08-24,10148,511772,534931
2020-08-25,10148,511772,535199
2020-08-26,10148,511772,535322
2020-08-27,10148,511772,535343
2020-08-28,10148,511772,535354
2020-08-29,10148,511772,535357
2020-09-01,10148,511772,535361
2020-09-02,10148,511772,535377
2020-09-03,10148,511867,535399
2020-09-04,10148,511867,535409
2020-09-07,10148,511867,535414
2020-09-08,10148,511867,535427
2020-09-09,10148,511889,535448
2020-09-10,10148,511951,535457
2020-09-11,10148,511951,535465
2020-09-14,10148,511951,535493
2020-09-15,10148,511951,555456
2020-09-16,10148,511951,582859
2020-09-17,10148,511951,582872
2020-09-18,10148,511951,582902
2020-09-19,10148,511951,582911
2020-09-20,10148,511951,582912
2020-09-21,10148,511951,583088
2020-09-22,10148,511951,583109
2020-09-23,10148,511951,583114
2020-09-24,10148,511951,583149
2020-09-25,10148,511951,583297
2020-09-27,10148,511951,583299
2020-09-28,10148,511951,583341
2020-09-29,10148,511951,583370
2020-09-30,10148,511951,583382
2020-10-01,10148,511951,583391
2020-10-02,10148,511951,583402
2020-10-03,10148,511951,583403
2020-10-05,10148,511951,583429
2020-10-06,10148,511951,583453
2020-10-07,10148,511951,583480
2020-10-08,10148,511951,583593
2020-10-09,10148,511951,583604
2020-10-11,10148,511951,583607
2020-10-12,10148,511951,583775
2020-10-13,10148,511951,583782
2020-10-14,10148,511951,583792
2020-10-15,10148,511951,583831
2020-10-16,10148,511951,583990
2020-10-17,10148,511951,584022
2020-10-19,10148,511951,584540
2020-10-20,10148,511951,584947
2020-10-21,10148,513070,585338
2020-10-22,10148,513070,585342
2020-10-23,10148,513070,585344
2020-10-26,10148,513070,585357
2020-10-27,10148,513070,585367
2020-10-28,10148,513070,585413
2020-10-29,10148,513076,585486
2020-10-30,10148,513076,586419
2020-10-31,10148,513076,586424
2020-11-01,10148,513076,586426
2020-11-02,10148,513076,586448
2020-11-03,10148,513076,586468
2020-11-04,10148,513076,586475
2020-11-05,10148,513076,586569
2020-11-06,10148,513076,586584
2020-11-09,10148,513076,586624
2020-11-10,10148,513076,586649
2020-11-11,10148,513076,586678
2020-11-12,10148,513076,586685
2020-11-13,10148,513076,586782
2020-11-15,10148,513076,586785
2020-11-16,10148,513076,586827
2020-11-17,10148,513076,586930
2020-11-18,10148,513076,587000
2020-11-19,10148,513076,587152
2020-11-20,10148,513076,587230
2020-11-23,10148,513076,587344
2020-11-24,10148,513076,587396
2020-11-25,10148,513076,587851
2020-11-26,10148,513076,588551
2020-11-27,10148,514618,588557
2020-11-29,10148,514618,588755
2020-11-30,10148,514618,588952
2020-12-01,10148,514618,589266
2020-12-02,10148,514618,589298
2020-12-03,10148,514618,589303
2020-12-04,10148,514632,589345
2020-12-07,10148,514632,589579
2020-12-08,10148,514632,591134
2020-12-09,10148,514632,591165
2020-12-10,10148,514632,591561
2020-12-11,10148,514632,591640
2020-12-14,10148,514632,591647
2020-12-15,10148,514632,591669
2020-12-16,10148,514632,591672
2020-12-17,10148,514632,591686
2020-12-20,10148,514632,591689
2020-12-21,10148,514632,591696
2020-12-22,10148,514632,591705
2020-12-23,10148,514632,591925
2020-12-24,10148,514632,592092
2020-12-25,10148,514632,592174
2020-12-28,10148,514632,592337
2020-12-29,10148,514632,592705
2020-12-30,10148,514632,592980
2020-12-31,10148,514632,593015
2021-01-01,10148,514632,593027
2021-01-04,10148,514632,593028
2021-01-05,10148,514632,593154
2021-01-06,10148,514632,593205
2021-01-07,10148,514632,593238
2021-01-08,10148,514632,593293
2021-01-11,10148,514632,593372
2021-01-12,10148,514632,593496
2021-01-13,10148,514632,593508
2021-01-14,10148,514632,593738
2021-01-15,10148,514632,593971
2021-01-16,10148,514632,593973
2021-01-18,10148,514632,594367
2021-01-19,10148,514632,594481
2021-01-20,10148,514632,594562
2021-01-21,10148,514632,594650
2021-01-22,10148,514632,594752
2021-01-23,10148,514632,594755
2021-01-25,10148,514632,594769
2021-01-26,10148,514632,594776
2021-01-27,10148,514632,594855
2021-01-28,10148,514632,594921
2021-01-29,10148,514632,595139
2021-01-30,10148,514632,595146
2021-02-01,10148,514632,595570
2021-02-02,10148,514632,595748
2021-02-03,10148,514632,595774
2021-02-04,10148,514632,595782
2021-02-05,10148,514632,595975
2021-02-08,10148,514632,596010
2021-02-09,10148,514632,596067
2021-02-10,10148,514632,596185
2021-02-11,10148,514632,596214
2021-02-12,10148,514632,596454
2021-02-13,10148,514632,596456
2021-02-14,10148,514632,596457
2021-02-15,10148,514632,596542
2021-02-16,10148,514632,596589
2021-02-17,10148,514632,596614
2021-02-18,10148,514632,596728
2021-02-19,10148,514632,596889
2021-02-21,10148,514632,596892
2021-02-22,10148,514632,596953
2021-02-23,10148,514632,598710
2021-02-24,10148,514632,598746
2021-02-25,10148,514632,598757
2021-02-26,10148,529148,598769
2021-03-01,10148,529148,598816
2021-03-02,10148,529148,598856
2021-03-03,10148,529148,598881
2021-03-04,10148,529274,598913
2021-03-05,10148,529274,598983
2021-03-08,10148,529274,599020
2021-03-09,10148,529274,599085
2021-03-10,10148,529274,599097
2021-03-11,10148,529274,599115
2021-03-12,10148,529274,599260
2021-03-14,10148,529274,599270
2021-03-15,10148,529274,599318
2021-03-16,10148,529274,599337
2021-03-17,10148,529274,599346
2021-03-18,10148,529274,599769
2021-03-19,10148,529274,600807
2021-03-22,10148,529274,600809
2021-03-23,10148,529274,600826
2021-03-24,10148,529274,600840
2021-03-25,10148,529274,600887
2021-03-26,10148,529274,601059
2021-03-29,10148,529274,601065
2021-03-30,10148,529274,601083
2021-03-31,10148,529274,601156
2021-04-01,10148,529274,601188
2021-04-02,10148,529274,601197
2021-04-04,10148,529274,601232
2021-04-05,10148,529274,601233
2021-04-06,10148,529274,601245
2021-04-07,10148,529274,601299
2021-04-08,10148,529274,601391
2021-04-09,10148,529274,601511
2021-04-10,10148,529274,601514
2021-04-12,10150,529274,601517
2021-04-13,10153,529274,601528
2021-04-14,10153,529274,601573
2021-04-15,10153,529894,601632
2021-04-16,10153,529894,601893
2021-04-19,10159,529894,601952
2021-04-20,10159,529894,602127
2021-04-21,10159,529894,602137
2021-04-22,10159,529894,602368
2021-04-23,10159,529894,602640
2021-04-26,10159,529894,602659
2021-04-27,10159,529894,602689
2021-04-28,10159,529894,603408
2021-04-29,10159,529894,603430
2021-04-30,10159,529894,603463
2021-05-01,10159,529894,603696
2021-05-03,10159,529894,603729
2021-05-04,10159,529894,603757
2021-05-05,10159,529894,603773
2021-05-06,10159,529894,603798
2021-05-07,10159,529894,603828
2021-05-09,10159,529894,603833
2021-05-10,10159,529894,603858
2021-05-11,10159,529894,603882
2021-05-12,10159,529894,603935
2021-05-13,10159,529894,603986
2021-05-14,10159,529894,604217
2021-05-18,10161,529894,604242
2021-05-19,10161,529894,604328
2021-05-20,10161,529894,604338
2021-05-21,10161,529894,604801
2021-05-25,10161,529894,604973
2021-05-26,10161,529894,605148
2021-05-27,10161,529894,605169
2021-05-28,10161,529894,605199
2021-06-01,10161,529894,605207
2021-06-02,10161,529894,605623
2021-06-03,10161,529894,605956
2021-06-04,10161,529894,606113
2021-06-06,10161,529894,606120
2021-06-07,10161,529894,606173
2021-06-08,10239,529894,606509
2021-06-09,10244,529894,606569
2021-06-10,10244,529894,606920
2021-06-11,10244,529894,606984
2021-06-14,10244,529896,606987
2021-06-15,10244,529901,607097
2021-06-16,10244,529903,607274
2021-06-17,10244,529913,607348
2021-06-18,10244,529913,607402
2021-06-20,10244,529913,607407
2021-06-21,10268,529913,607422
2021-06-22,10268,529913,607425
2021-06-23,10268,529913,607490
2021-06-24,10268,529913,607554
2021-06-25,10268,529913,607596
2021-06-26,10268,529913,607620
2021-06-27,10268,529914,607621
2021-06-28,10268,529915,607645
2021-06-29,10268,529915,607714
2021-06-30,10268,529915,607732
2021-07-01,10268,529915,607791
2021-07-02,10268,529915,607797
2021-07-03,10268,529915,607799
2021-07-05,10268,529915,607816
2021-07-06,10268,529915,607842
2021-07-07,10268,529915,607959
2021-07-08,10268,529915,607970
2021-07-09,10268,529915,608046
2021-07-10,10268,529915,608069
2021-07-12,10268,529915,608078
2021-07-13,10268,529915,608089
2021-07-14,10268,529915,608329
2021-07-15,10268,529915,608917
2021-07-16,10268,529915,608990
2021-07-19,10268,529915,609071
2021-07-20,10268,529915,609105
2021-07-21,10268,529915,609240
2021-07-22,10268,529915,610212
2021-07-23,10268,529915,610339
2021-07-24,10268,529915,610355
2021-07-26,10268,529915,611700
2021-07-27,10268,529915,611984
2021-07-28,10268,529915,613236
2021-07-29,10268,529915,613400
2021-07-30,10268,529915,613465
2021-08-02,10268,529915,613504
2021-08-03,10268,529915,613513
2021-08-04,10268,529915,613544
2021-08-05,10268,529915,614342
2021-08-06,10268,529915,614362
2021-08-09,10268,529915,614398
2021-08-10,10268,529915,614418
2021-08-11,10268,529915,614422
2021-08-12,10268,529915,614441
2021-08-13,10268,529915,614455
2021-08-16,10268,529915,614471
2021-08-17,10268,529915,614560
2021-08-18,10268,529915,614594
2021-08-19,10268,529915,614603
2021-08-20,10268,529915,614606
2021-08-21,10268,529915,614610
2021-08-23,10268,529915,614621
2021-08-24,10268,530177,614634
2021-08-25,10268,530643,614646
2021-08-26,10268,530643,614656
2021-08-27,10268,530643,614669
2021-08-29,10268,530643,615093
2021-08-30,10268,530643,615097
2021-08-31,10268,530643,615425
2021-09-01,10268,530643,615450
2021-09-02,10268,530643,615503
2021-09-03,10268,530643,616040
2021-09-04,10268,530643,616049
2021-09-05,10268,530643,616131
2021-09-06,10268,530643,616153
2021-09-07,10268,530643,616218
2021-09-08,10268,530643,616485
2021-09-09,10268,530643,616504
2021-09-10,10268,530643,616531
2021-09-11,10268,530643,616533
2021-09-12,10268,530643,616551
2021-09-13,10268,530643,616557
2021-09-14,10268,530643,616582
2021-09-15,10268,530643,616590
2021-09-16,10268,530643,616848
2021-09-17,10268,530643,616909
2021-09-20,10268,530643,617120
2021-09-21,10268,530643,617236
2021-09-22,10268,530643,617248
2021-09-23,10268,530643,617270
2021-09-24,10268,530643,617272
2021-09-27,10268,530643,617340
2021-09-28,10268,530932,617386
2021-09-29,10268,530932,617411
2021-09-30,10268,530932,617474
2021-10-01,10268,530932,617480
2021-10-04,10268,530932,617848
2021-10-05,10268,530932,617855
2021-10-06,10268,530932,618043
2021-10-07,10268,530932,618049
2021-10-08,10268,530932,618564
2021-10-11,10268,530932,618616
2021-10-12,10268,530932,618639
2021-10-13,10268,530932,618741
2021-10-14,10268,530932,618811
2021-10-15,10268,530932,618825
2021-10-18,10268,530932,618850
2021-10-19,10268,530932,618852
2021-10-21,10268,530932,618883
2021-10-22,10268,530932,620043
2021-10-25,10268,530932,620103
2021-10-26,10268,530932,620769
2021-10-27,10268,530932,620827
2021-10-28,10268,530932,622208
2021-10-29,10268,530982,622348
2021-11-01,10268,530982,622361
2021-11-02,10268,530982,622364
2021-11-03,10268,530982,622381
2021-11-04,10268,530982,622418
2021-11-05,10268,530982,622444
2021-11-06,10268,530982,622445
2021-11-08,10268,530982,622495
2021-11-09,10268,530982,622543
2021-11-10,10268,530982,622560
2021-11-11,10268,530982,622565
2021-11-12,10268,530982,622581
2021-11-15,10268,530983,622610
2021-11-16,10268,530983,622622
2021-11-17,10268,530983,622630
2021-11-18,10268,530983,622637
2021-11-19,10268,530983,622711
2021-11-20,10268,530983,622716
2021-11-22,10268,530983,622982
2021-11-23,10268,530986,623138
2021-11-24,10268,530997,623407
2021-11-25,10268,530997,625023
2021-11-26,10268,530997,625025
2021-11-29,10268,530997,625041
2021-11-30,10268,530997,625043
2021-12-01,10268,530997,625056
2021-12-02,10268,530997,631869
2021-12-06,10268,530997,632407
2021-12-07,10268,530997,632431
2021-12-08,10268,530997,632471
2021-12-10,10268,530997,632474
2021-12-14,10268,530997,632655
2021-12-15,10268,530997,632750
2021-12-16,10268,530997,633047
2021-12-17,10268,530997,633055
2021-12-20,10268,530997,633057
2021-12-21,10268,530997,633073
2021-12-22,10268,530997,633079
2021-12-23,10268,530997,633081
2021-12-29,10268,530997,633100
2021-12-30,10268,530997,633390
2021-12-31,10268,530997,633499
2022-01-03,10268,530997,633674
2022-01-04,10268,530997,633719
2022-01-05,10268,530997,633723
2022-01-06,10268,530997,634342
2022-01-08,10268,530997,634344
2022-01-10,10268,530997,634355
2022-01-11,10268,530997,634370
2022-01-12,10268,530997,634391
2022-01-13,10268,530997,635010
2022-01-14,10268,531434,635010
2022-01-15,10268,531488,635010
2022-01-16,10268,531578,635010
2022-01-17,10268,535252,635010
2022-01-18,10277,535936,635033
2022-01-19,10284,536149,635059
2022-01-20,10284,539326,635079
2022-01-21,10295,539326,635087
2022-01-22,10322,539326,635087
2022-01-23,10373,539326,635087
2022-01-24,10407,539326,635090
2022-01-25,10409,539326,635094
2022-01-26,10409,539326,635157
2022-01-27,10411,539326,635193
2022-01-31,10411,539326,635205
2022-02-01,10411,539326,635243
2022-02-02,10411,539326,635249
2022-02-03,10411,539326,635294
2022-02-04,10411,539326,635323
2022-02-05,10411,539326,635337
2022-02-07,10411,539326,635366
2022-02-08,10411,539326,635454
2022-02-09,10411,539326,635479
2022-02-10,10411,539326,635501
2022-02-14,10411,539326,635567
2022-02-15,10411,539326,635579
2022-02-17,10411,539326,635581
2022-02-18,10411,539326,635621
2022-02-23,10411,539326,635624
2022-02-24,10411,539326,635637
2022-02-25,10411,539326,635638
2022-02-28,10411,539326,635644
2022-03-01,10411,539326,635969
2022-03-02,10411,539326,636007
2022-03-03,10411,539326,637596
2022-03-04,10411,539326,637625
2022-03-06,10411,539326,637627
2022-03-07,10411,539326,637642
2022-03-08,10411,539326,637668
2022-03-09,10411,539326,637693
2022-03-10,10411,539326,637716
2022-03-11,10411,539326,637721
2022-03-15,10411,539326,637722
2022-03-18,10411,539326,637734
2022-03-21,10411,539326,637744
2022-03-22,10411,539326,637803
2022-03-23,10411,539326,637807
2022-03-24,10411,539326,637812
2022-03-25,10411,539326,637829
2022-03-30,10411,539326,637842
2022-04-04,10411,539326,637877
2022-04-05,10411,539326,637883
2022-04-07,10411,539326,637899
2022-04-19,10411,539326,637900
2022-04-20,10411,539326,637912
2022-04-21,10411,539338,637919
2022-04-22,10411,539338,637926
2022-04-25,10411,539338,637935
2022-04-26,10411,539338,637945
2022-04-27,10411,539338,637969
2022-05-06,10411,539338,637980
2022-05-09,10411,539338,637992
2022-05-10,10411,539338,637996
2022-05-16,10411,539338,638004
2022-05-18,10411,539338,638290
2022-05-19,10411,539338,638291
2022-05-20,10411,539338,639347
2022-05-21,10411,539338,640577
2022-05-22,10411,539338,642370
2022-05-23,10411,539338,642609
2022-05-24,10411,539338,643662
2022-05-25,10411,539338,644665
2022-05-26,10411,539338,644695
2022-05-27,10411,539338,644696
2022-05-30,10411,539338,644721
2022-05-31,10411,539338,644739
2022-06-01,10411,539338,644778
2022-06-02,10411,539338,644795
2022-06-03,10411,539338,644912
2022-06-04,10411,539338,644936
2022-06-05,10411,539338,644938
2022-06-06,10411,539338,645067
2022-06-07,10411,539338,646060
2022-06-08,10411,539338,646071
2022-06-09,10411,539338,646085
2022-06-10,10411,539338,646930
2022-06-13,10411,539338,646932
2022-06-14,10411,539338,646953
2022-06-15,10411,539338,646970
2022-06-16,10411,539338,646972
2022-06-17,10411,539338,646982
2022-06-22,10411,539338,646989
2022-06-23,10411,539338,647179
2022-06-24,10411,539338,647593
2022-06-25,10411,539338,647916
2022-06-27,10411,539338,647917
2022-06-28,10411,539338,647929
2022-06-30,10411,539338,647952
2022-07-01,10411,539338,647955
2022-07-03,10411,539338,647960
2022-07-04,10411,539338,647961
2022-07-05,10411,539338,647971
2022-07-06,10411,539338,648285
2022-07-07,10411,539338,648654
2022-07-08,10411,539338,648846
2022-07-09,10411,539347,648870
2022-07-12,10411,540286,648874
2022-07-13,10411,540286,648876
2022-07-14,10411,541377,648876
2022-07-16,10411,541377,648878
2022-07-17,10411,541377,648879
2022-07-18,10411,541377,648883
2022-07-19,10411,541377,648887
2022-07-20,10411,541377,648890
2022-07-26,10411,541377,648900
2022-07-27,10411,541377,648906
2022-07-28,10411,541377,648943
2022-07-29,10411,541377,648954
2022-07-31,10411,541402,648954
2022-08-01,10411,541419,648954
2022-08-05,10411,541419,648955
2022-08-07,10411,541492,648955
2022-08-08,10411,541493,648955
2022-08-09,10411,541499,648955
2022-08-10,10411,541523,648956
2022-08-18,10411,541523,648958
2022-08-20,10411,541523,648959
2022-08-21,10411,541523,648960
2022-08-22,10411,541586,648960
2022-08-23,10411,541731,648960
2022-08-24,10411,541786,648960
2022-08-25,10411,541817,648960
2022-08-26,10411,541858,648960
2022-08-29,10411,541868,648960
2022-08-31,10411,541871,648960
2022-09-05,10411,541871,648961
2022-09-06,10411,541871,648970
2022-09-07,10411,541871,648971
2022-09-11,10411,542239,648971
2022-09-12,10411,542583,648971
2022-09-14,10411,542583,648973
2022-09-15,10411,542584,648973
2022-09-20,10411,542584,648977
2022-09-22,10411,542584,648985
2022-09-23,10411,542584,648986
2022-09-25,10411,542584,648987
2022-09-27,10411,542584,648988
2022-09-30,10411,542869,648988
2022-10-02,10411,542869,648989
2022-10-03,10411,542869,648993
2022-10-05,10411,542869,649174
2022-10-06,10411,542869,649176
2022-10-07,10417,542869,649199
2022-10-10,10417,542869,649201
2022-10-11,10417,542869,649202
2022-10-12,10417,542869,649214
2022-10-13,10417,542869,649685
2022-10-14,10417,542869,649696
2022-10-19,10504,542869,649704
2022-10-20,10504,544650,649742
2022-10-21,10504,544650,649744
2022-10-25,10504,544650,649755
2022-10-26,10504,544650,649768
2022-10-27,10504,544650,649835
2022-10-28,10504,544650,649863
2022-10-31,10504,544651,649863
2022-11-01,10504,544661,649898
2022-11-02,10504,544682,649898
2022-11-03,10504,544690,649900
2022-11-04,10504,544703,649920
2022-11-07,10504,568505,649921
2022-11-08,10504,595666,649926
2022-11-09,10504,595666,649929
2022-11-10,10504,595666,649934
2022-11-11,10504,595666,649936
2022-11-14,10504,595700,649937
2022-11-15,10504,595723,649950
2022-11-16,10504,595727,649953
2022-11-17,10504,595727,649963
2022-11-18,10504,595727,649980
2022-11-22,10504,595727,649985
2022-11-24,10504,595727,649992
2022-11-25,10504,595727,649997
2022-11-28,10504,595727,650002
2022-11-29,10504,595727,650008
2022-11-30,10504,595727,650031
2022-12-01,10504,595727,650033
2022-12-02,10504,595727,650036
2022-12-06,10504,595727,650040
2022-12-08,10504,595727,650044
2022-12-12,10504,595727,650047
2022-12-13,10504,595727,650052
2022-12-14,10504,595727,650056
2022-12-15,10504,595727,650069
2022-12-16,10504,595727,650071
2022-12-20,10504,595727,650075
2022-12-21,10504,595727,650077
2022-12-24,10504,595727,650078
2023-01-01,10504,595727,650085
2023-01-02,10504,595727,650158
2023-01-03,10504,595727,650164
2023-01-04,10504,595727,650168
2023-01-05,10504,595727,650171
2023-01-06,10504,595727,650173
2023-01-07,10504,595727,650177
2023-01-08,10504,595727,650189
2023-01-09,10504,595753,650197
2023-01-10,10504,595781,650202
2023-01-11,10504,595781,650210
2023-01-12,10504,595781,650226
2023-01-13,10504,595781,650380
2023-01-15,10504,595781,650387
2023-01-16,10504,595781,650477
2023-01-17,10504,595781,650502
2023-01-18,10504,595781,650583
2023-01-19,10504,595781,650786
2023-01-20,10517,595781,650796
2023-01-21,10517,595781,650797
2023-01-23,10517,595781,650799
2023-01-24,10517,595851,650799
2023-01-25,10517,595851,650800
2023-01-26,10517,595851,650803
2023-01-27,10517,595851,651074
2023-01-31,10517,595851,651098
2023-02-01,10517,596392,651132
2023-02-02,10517,596392,651240
2023-02-03,10517,596392,651353
2023-02-04,10517,596392,651356
2023-02-06,10517,596392,651436
2023-02-07,10517,600308,651502
2023-02-08,10517,603602,651638
2023-02-09,10517,603602,651776
2023-02-13,10517,604937,651776
2023-02-14,10517,605034,651778
2023-02-15,10517,605034,652413
2023-02-16,10517,605370,652416
2023-02-17,10517,605370,652417
2023-02-20,10517,605370,652920
2023-02-21,10517,605370,653535
2023-02-22,10517,605370,653820
2023-02-23,10517,605370,653849
2023-02-24,10517,605370,653882
2023-02-26,10517,606672,653882
2023-02-27,10517,606672,653889
2023-02-28,10517,606672,653901
2023-03-01,10517,606672,653905
2023-03-02,10517,606672,654810
2023-03-03,10517,606672,655934
2023-03-05,10517,606672,655935
2023-03-06,10517,606674,655992
2023-03-08,10517,606674,655998
2023-03-09,10517,606683,656028
2023-03-10,10517,606683,656122
2023-03-11,10517,606683,656127
2023-03-12,10517,606683,656128
2023-03-13,10517,606683,656152
2023-03-14,10517,606683,656157
2023-03-15,10517,606683,656174
2023-03-16,10517,606683,656342
2023-03-17,10517,606683,656384
2023-03-18,10517,607343,656384
2023-03-20,10517,607343,656405
2023-03-21,10517,607343,656410
2023-03-22,10517,607343,656419
2023-03-23,10517,607343,656458
2023-03-24,10847,607343,656462
2023-03-26,10847,607346,656462
2023-03-27,10847,607351,656465
2023-03-28,10847,607351,656674
2023-03-29,10847,607351,656710
2023-03-30,10847,607351,656748
2023-03-31,10847,607351,656761
2023-04-03,10847,607351,656763
2023-04-04,10847,607351,656772
2023-04-05,10847,607351,656773
2023-04-06,10847,607351,656776
2023-04-09,12091,607351,656776
2023-04-10,15035,607351,656776
2023-04-11,15435,607351,656788
2023-04-12,15924,607351,656794
2023-04-13,16031,607351,656796
2023-04-14,16031,607351,656797
2023-04-18,16031,607351,656802
2023-04-21,16031,607351,656891
2023-04-25,16031,607351,656894
2023-04-26,16031,607351,656895
2023-04-27,16031,607351,656906
2023-04-28,16031,607382,656910
2023-04-29,16031,607396,656910
2023-04-30,16031,607403,656910
2023-05-02,16031,607451,656910
2023-05-03,16031,607515,656910
2023-05-04,16031,607548,656910
2023-05-05,16031,607560,656910
2023-05-08,16031,607562,656912
2023-05-09,16031,607562,656916
2023-05-11,16031,607562,657050
2023-05-12,16031,607562,657053
2023-05-14,16031,607562,657055
2023-05-15,16031,607562,657062
2023-05-16,16031,607562,657085
2023-05-17,16031,607562,657110
2023-05-18,16031,607562,657121
2023-05-19,16031,607562,657135
2023-05-20,16031,607562,657137
2023-05-22,16031,607562,657163
2023-05-23,16031,607562,657330
2023-05-24,16031,607562,657384
2023-05-25,16031,607562,657386
2023-05-26,16031,607562,657401
2023-05-29,16031,607562,657409
2023-05-30,16031,607562,657411
2023-05-31,16031,607562,657429
2023-06-02,16031,607562,657436
2023-06-05,16031,607562,657471
2023-06-06,16031,607562,657606
2023-06-07,16031,607562,657651
2023-06-08,16031,607562,657718
2023-06-09,16031,607562,657728
2023-06-12,16031,607562,658628
2023-06-13,16031,607562,658655
2023-06-14,16031,607562,658705
2023-06-15,16031,607562,658709
2023-06-16,16031,607562,658810
2023-06-19,16031,607562,658813
2023-06-20,16031,607562,658848
2023-06-21,16031,607562,658911
2023-06-22,16031,607562,659022
2023-06-23,16031,607562,659027
2023-06-26,16031,607562,659032
2023-06-27,16031,607562,659052
2023-06-28,16031,607562,659054
2023-06-29,16031,607562,659057
2023-06-30,16031,607562,659082
2023-07-03,16031,607562,659101
2023-07-04,16031,607562,659107
2023-07-05,16031,607562,659113
2023-07-10,16031,607562,659135
2023-07-11,16031,607562,659344
2023-07-12,16031,607562,659405
2023-07-13,16031,607562,659415
2023-07-14,16031,607562,659429
2023-07-18,16031,607562,659430
2023-07-19,16031,607562,659439
2023-07-20,16031,607562,659440
2023-07-24,16031,607562,659488
2023-07-25,16031,607562,661511
2023-07-26,16031,607562,664662
2023-07-27,16031,607562,664678
2023-07-28,16031,607562,664691
2023-07-31,16031,607562,664698
2023-08-01,16031,607562,664702
2023-08-02,16031,607563,664711
2023-08-03,16031,607563,665158
2023-08-04,16031,607563,665167
2023-08-09,16031,607563,665378
2023-08-10,16031,607563,665404
2023-08-14,16031,607563,665436
2023-08-15,16031,607563,665443
2023-08-16,16031,607563,665448
2023-08-17,16031,607563,665457
2023-09-01,16031,607563,665855
2023-09-03,16031,607563,666010
2023-09-04,16031,607563,666803
2023-09-05,16031,607563,667704
2023-09-06,16031,607563,667707
2023-09-07,16031,607563,668017
2023-09-08,16031,607563,669085
2023-09-11,16031,607563,669120
2023-09-12,16031,607563,669144
2023-09-13,16031,607563,669174
2023-09-14,16031,607563,669200
2023-09-15,16031,607563,669215
2023-09-17,16031,607563,669218
2023-09-18,16031,607563,669231
2023-09-19,16031,607563,669241
2023-09-20,16031,607563,669248
2023-09-21,16031,607563,669254
2023-09-22,16031,607563,669258
2023-09-24,16031,607563,669260
2023-09-25,16031,607563,669262
2023-09-26,16031,607563,669326
2023-09-28,16031,607563,669782
2023-09-29,16031,607563,669794
2023-10-01,16031,607563,669796
2023-10-02,16031,607563,669809
2023-10-03,16031,607563,669834
2023-10-04,16031,607563,669835
2023-10-05,16031,607563,669853
2023-10-06,16031,607563,669858
2023-10-07,16031,607563,669860
2023-10-09,16031,607563,669867
2023-10-10,16031,607563,669868
2023-10-11,16031,607563,669875
2023-10-12,16031,607563,669888
2023-10-13,16031,607563,669898
2023-10-15,16031,607563,669899
2023-10-16,16031,607563,669919
2023-10-17,16031,607563,669935
2023-10-18,16031,607563,669936
2023-10-19,16031,607563,669942
2023-10-20,16031,607563,669956
2023-10-23,16031,607563,669964
2023-10-24,16031,607563,670036
2023-10-25,16031,607563,670037
2023-10-26,16031,607563,670042
2023-10-27,16031,607563,670056
2023-10-28,16031,607563,670062
2023-10-30,16031,607563,670074
2023-10-31,16031,607563,670105
2023-11-02,16031,607563,670108
2023-11-03,16031,607571,670108
2023-11-06,16031,607579,670108
2023-11-07,16031,607583,670108
2023-11-08,16031,607621,670114
2023-11-10,16031,607621,670124
2023-11-13,16031,607621,670130
2023-11-14,16031,607621,670152
2023-11-15,16031,607631,670171
2023-11-16,16031,607631,670176
2023-11-20,16031,607631,670180
2023-11-21,16031,607631,670184
2023-11-24,16031,608613,670185
2023-11-28,16031,608613,670233
2023-11-29,16031,608613,670240
2023-11-30,16031,609030,670241
2023-12-01,16031,609030,670249
2023-12-05,16031,609034,670260
2023-12-06,16031,609034,670273
2023-12-07,16031,609034,670866
2023-12-08,16031,609034,671027
2023-12-10,16031,609034,671130
2023-12-11,16031,609034,671825
2023-12-12,16031,609034,671827
2023-12-15,16031,609034,671852
2023-12-16,16031,609034,671879
2023-12-17,16031,609034,674359
2023-12-19,16031,609034,674362
2023-12-20,16031,609034,674363
2024-01-02,16031,609034,674366
2024-01-03,16031,609034,674796
2024-01-04,16031,609034,674805
2024-01-05,16031,609034,674829
2024-01-08,16031,609034,675010
2024-01-09,16031,609034,675016
2024-01-10,16031,609034,675057
2024-01-11,16031,609034,675059
2024-01-16,16031,609034,675063
2024-01-17,16031,609034,675069
2024-01-18,16031,609034,675134
2024-01-19,16031,609034,675140
2024-01-22,16031,609034,675186
2024-01-23,16031,609034,675277
2024-01-25,16031,609034,675297
2024-01-26,16031,609034,675303
2024-01-28,16031,609034,675577
2024-01-30,16031,609034,675585
2024-01-31,16031,609034,675687
2024-02-01,16031,609034,675713
2024-02-02,16031,609034,675809
2024-02-05,16031,609034,675811
2024-02-06,16031,609034,676104
2024-02-07,16031,609034,676646
2024-02-08,16031,609034,677018
2024-02-09,16031,609034,677548
2024-02-10,16031,609034,677733
2024-02-11,16031,609034,678743
2024-02-12,16031,609034,680824
2024-02-13,16031,609034,682316
2024-02-14,16031,609034,684654
2024-02-15,16031,609034,687185
2024-02-16,16031,609034,688478
2024-02-17,16031,609034,689732
2024-02-18,16031,609034,690602
2024-02-19,16031,609034,691777
2024-02-20,16031,609034,693360
2024-02-21,16031,609034,695143
2024-02-22,16031,609034,697109
2024-02-23,16031,609034,699590
2024-02-24,16031,609034,700433
2024-02-25,16031,609034,701156
2024-02-26,16031,609034,703127
2024-02-27,16032,609034,705005
2024-02-28,16032,609034,707219
2024-02-29,16032,609034,707294
2024-03-01,16032,609034,707298
2024-03-04,16032,609034,707299
2024-03-05,16032,609034,707319
2024-03-08,16032,609034,707320
2024-03-09,16032,609034,708636
2024-03-10,16032,609034,708640
2024-03-11,16032,609034,708642
2024-03-14,16032,609034,708643
2024-03-15,16032,609034,708956
2024-03-18,16032,609034,708981
2024-03-20,16032,609034,709051
2024-03-21,16032,609034,710400
2024-03-22,16032,609034,710635
2024-03-23,16032,609034,710637
2024-03-24,16032,609034,710638
2024-03-25,16032,609034,711013
2024-03-26,16032,609034,711799
2024-03-27,16032,609034,712747
2024-03-28,16032,609034,713561
2024-03-29,16032,609034,713642
2024-03-30,16032,609034,713700
2024-03-31,16032,609034,713734
2024-04-01,16032,609034,713754
2024-04-02,16032,609034,713953
2024-04-03,16032,609034,714700
2024-04-04,16032,609034,716457
2024-04-05,16032,609034,717350
2024-04-06,16032,609034,718090
2024-04-07,16032,609034,718761
2024-04-08,16032,609034,720683
2024-04-09,16032,609034,722671
2024-04-10,16032,609034,723956
2024-04-11,16032,609034,724527
2024-04-12,16032,609034,729892
2024-04-13,16032,609034,730061
2024-04-14,16032,609034,730297
2024-04-15,16032,609034,744044
2024-04-16,16032,609034,744578
2024-04-17,16032,609034,745154
2024-04-18,16032,609034,745677
2024-04-19,16032,609034,746396
2024-04-20,16032,609034,746758
2024-04-21,16032,609034,747126
2024-04-22,16032,609034,747858
2024-04-23,16032,609034,749045
2024-04-24,16032,609034,750577
2024-04-25,16032,609034,752028
2024-04-26,16032,609034,753652
2024-04-27,16032,609034,754119
2024-04-28,16032,609034,754908
2024-04-29,16032,609034,756246
2024-04-30,16032,609034,758284
2024-05-01,16032,609034,759602
2024-05-02,16032,609034,759978
2024-05-03,16032,609034,760011
2024-05-05,16032,609054,760011
2024-05-06,16032,609063,760057
2024-05-07,16032,609065,760073
2024-05-08,16032,609076,760077
2024-05-09,16032,609106,760077
2024-05-10,16032,609106,875304
2024-05-11,16032,609114,875304
2024-05-12,16032,609133,875304
2024-05-13,16032,609137,945275
2024-05-14,16032,609137,955796
2024-05-15,16032,609137,956109
2024-05-16,16032,609148,956112
2024-05-17,16032,609148,956113
2024-05-20,16032,609148,956124
2024-05-21,16032,609148,956136
2024-05-23,16032,609148,956560
2024-06-03,16032,609148,956568
2024-06-04,16032,609148,956594
2024-06-05,16032,609148,956600
2024-06-10,16032,609148,956618
2024-06-11,16032,609148,956627
2024-06-12,16032,609148,956628
2024-06-13,16032,609148,956636
2024-06-14,16032,609148,956647
2024-06-16,16032,609148,956649
2024-06-17,16032,609148,956672
2024-06-18,16032,609148,956676
2024-06-20,16032,609148,956678
2024-06-21,16032,609148,956684
2024-06-24,16032,609148,956702
2024-06-25,16032,609148,956727
2024-06-26,16032,609148,956730
2024-06-27,16032,609148,956763
2024-06-28,16032,609148,956764
2024-07-01,16032,609148,956821
2024-07-02,16032,609148,956840
2024-07-04,16032,609148,956951
2024-07-05,16032,609148,956967
2024-07-08,16032,609148,956981
2024-07-09,16032,609148,957125
2024-07-10,16032,609148,957300
2024-07-11,16032,609148,957511
2024-07-12,16032,609148,958053
2024-07-13,16032,609148,958256
2024-07-14,16032,609148,958385
2024-07-15,16032,609148,958407
2024-07-16,16032,609148,958697
2024-07-17,16032,609148,959268
2024-07-18,16032,609148,959579
2024-07-22,16032,609148,959967
2024-07-23,16032,609148,960446
2024-07-24,16032,609148,961403
2024-07-25,16032,609148,962111
2024-07-26,16032,611335,962705
2024-07-27,16032,611335,962862
2024-07-28,16032,615940,962863
2024-07-29,16032,621167,963833
2024-07-30,16032,625781,964198
2024-07-31,16032,625781,964860
2024-08-01,16032,625781,965222
2024-08-03,16032,625781,965703
2024-08-04,16032,625781,965935
2024-08-05,16032,625781,966067
2024-08-06,16032,625781,966788
2024-08-07,16032,625781,967452
2024-08-08,16032,625781,967932
2024-08-09,16032,625781,968712
2024-08-10,16032,626929,970136
2024-08-11,16032,627753,970343
2024-08-12,16032,627753,970958
2024-08-13,16032,627753,971369
2024-08-14,16032,627753,972271
2024-08-15,16032,627753,973384
2024-08-19,16032,628267,973961
2024-08-20,16032,628524,974821
2024-08-21,16032,628524,975901
2024-08-22,16032,628524,977024
2024-08-23,16032,628524,978326
2024-08-24,16032,628524,979470
2024-08-25,16032,628524,980416
2024-08-26,16032,628524,981360
2024-08-27,16032,628524,983016
2024-08-28,16032,628524,984130
2024-08-29,16032,628524,985821
2024-08-30,16032,628524,986663
2024-08-31,16032,628524,987782
2024-09-01,16032,628524,988455
2024-09-02,16032,628524,989092
2024-09-03,16032,628524,989431
2024-09-06,16032,628524,989432
2024-09-09,16032,628524,989479
2024-09-10,16032,628524,989540
2024-09-11,16032,628524,989565
2024-09-12,16032,628524,989575
2024-09-13,16032,628524,989576
2024-09-16,16032,628524,989585
2024-09-17,16032,628524,989651
2024-09-18,16032,628524,989661
2024-09-19,16032,628524,989670
2024-09-20,16032,628524,989707
2024-09-24,16032,628524,989743
2024-09-25,16032,628524,990003
2024-09-26,16032,628524,990190
2024-09-27,16032,628524,990209
2024-09-28,16032,628524,990312
2024-09-29,16032,628524,990590
2024-09-30,16032,628524,990623
2024-10-01,16032,628524,990677
2024-10-02,16032,628524,990708
2024-10-03,16032,628524,990750
2024-10-04,16032,628524,990763
2024-10-07,16032,628524,990766
2024-10-08,16032,628524,990767
2024-10-09,16032,628528,990792
2024-10-10,16032,628528,990800
2024-10-11,16032,628528,990805
2024-10-13,16032,628528,990834
2024-10-14,16032,628528,990852
2024-10-15,16032,628528,990876
2024-10-16,16032,628528,991478
2024-10-17,16032,628528,991530
2024-10-18,16032,628528,992117
2024-10-22,16032,628528,992128
2024-10-23,16032,628528,992204
2024-10-24,16032,628528,992270
2024-10-25,16032,628528,992280
2024-10-28,16032,628528,992391
2024-10-29,16032,628528,992392
2024-10-30,16032,628528,992480
2024-10-31,16032,628528,992607
2024-11-01,16032,628528,992706
2024-11-02,16032,628528,992795
2024-11-03,16032,628528,992797
2024-11-04,16032,628528,992873
2024-11-05,16032,628528,992876
2024-11-06,16032,628528,992878
2024-11-07,16032,628528,992889
2024-11-08,16032,628528,992897
2024-11-09,16032,628528,992901
2024-11-11,16032,628528,995096
2024-11-12,16032,628528,996817
2024-11-13,16032,628528,997343
2024-11-15,16032,628528,997346
2024-11-18,16032,628528,997356
2024-11-19,16032,628528,997359
2024-11-20,16032,628528,997372
2024-11-21,16032,628528,997433
2024-11-22,16032,628528,997521
2024-11-24,16032,628528,997525
2024-11-25,16032,628528,997535
2024-11-26,16032,628528,997643
2024-11-27,16032,628528,997667
2024-11-28,16032,629247,997744
2024-11-29,16032,629247,997912
2024-12-02,16032,629247,997933
2024-12-03,16032,629247,998049
2024-12-04,16032,629247,998062
2024-12-05,16032,629247,998191
2024-12-06,16032,629247,998276
2024-12-07,16032,629247,998579
2024-12-08,16032,629247,998645
2024-12-09,16032,629247,998936
2024-12-10,16032,629247,999458
2024-12-11,16032,629247,999619
2024-12-12,16032,629247,999740
2024-12-13,16032,629247,999763
2024-12-14,16032,629247,999911
2024-12-15,16032,629247,1000212
2024-12-16,16032,629247,1000713
2024-12-17,16032,629247,1000980
2024-12-18,16032,629247,1001335
2024-12-19,16032,629247,1001655
2024-12-20,16032,629247,1002119
2024-12-22,16032,629247,1002590
2024-12-23,16032,629247,1002967
2024-12-24,16032,629247,1003437
2024-12-25,16032,629247,1003740
2024-12-26,16032,629247,1004152
2024-12-27,16032,629247,1004818
2024-12-28,16032,629247,1005028
2024-12-29,16032,629247,1006131
2024-12-30,16032,629247,1006891
2024-12-31,16032,629247,1007248
2025-01-01,16032,629247,1008363
2025-01-02,16032,629247,1009256
2025-01-03,16032,629247,1010511
2025-01-04,16032,629247,1010887
2025-01-05,16032,629247,1012124
2025-01-06,16032,629247,1012984
2025-01-07,16032,629247,1014135
2025-01-08,16032,629247,1015453
2025-01-09,16032,629247,1016900
2025-01-10,16032,629247,1018297
2025-01-11,16032,629247,1018603
2025-01-12,16032,629247,1019376
2025-01-13,16032,629247,1020096
2025-01-14,16032,629247,1021267
2025-01-15,16032,629247,1021945
2025-01-16,16032,629247,1022846
2025-01-17,16032,629247,1023783
2025-01-19,16032,629247,1024545
2025-01-20,16032,629247,1025928
2025-01-21,16032,629247,1026755
2025-01-22,16032,629247,1027894
2025-01-23,16032,629247,1028618
2025-01-24,16032,629247,1029774
2025-01-25,16032,629247,1030746
2025-01-26,16032,629247,1031845
2025-01-27,16032,629247,1033571
2025-01-28,16032,629247,1034401
2025-01-29,16032,629247,1034447
2025-01-30,16032,629247,1034456
2025-01-31,16032,629247,1034469
2025-02-02,16032,629247,1034471
2025-02-03,16032,629247,1034475
2025-02-04,16032,629247,1034478
2025-02-05,16032,629247,1034635
2025-02-06,16032,629247,1034636
2025-02-07,16032,629247,1034637
2025-02-11,16032,629247,1034643
2025-02-12,16032,629247,1034681
2025-02-13,16032,629247,1034682
2025-02-14,16032,629247,1034683
2025-02-15,16032,629247,1034687
2025-02-17,16032,629247,1034717
2025-02-18,16032,629247,1034727
2025-02-19,16032,629247,1034730
2025-02-20,16032,629247,1034949
2025-02-24,16032,629247,1035671
2025-02-25,16032,629247,1040119
2025-02-26,16032,629247,1044926
2025-02-27,16032,629247,1051823
2025-02-28,16032,629247,1054575
2025-03-01,16032,629247,1055539
2025-03-03,16032,629247,1055616
2025-03-04,16032,629247,1055621
2025-03-05,16032,629247,1057486
2025-03-06,16032,629247,1057523
2025-03-07,16032,629247,1057524
2025-03-09,16032,629247,1057730
2025-03-10,16032,629247,1058001
2025-03-11,16032,629247,1058003
2025-03-12,16032,629247,1058028
2025-03-13,16032,629247,1058032
2025-03-17,16032,629247,1062795
2025-03-18,16032,629247,1064571
2025-03-19,16032,629247,1064747
2025-03-20,16032,629247,1064809
2025-03-23,16032,629247,1064826
2025-03-24,16032,629247,1064840
2025-03-25,16375,629247,1064895
2025-03-26,16406,629247,1064898
2025-03-27,16406,629247,1064902
2025-03-28,16406,629247,1064919
2025-03-31,16406,629247,1064944
2025-04-03,16406,629247,1064953
2025-04-07,16406,629247,1065022
2025-04-08,16406,629247,1065025
2025-04-09,16406,629247,1065026
2025-04-10,16406,629247,1065029
2025-04-11,16406,629247,1065031
2025-04-14,16406,629247,1065033
2025-04-15,16406,629247,1066062
2025-04-16,16406,629247,1066065
2025-04-22,16406,629247,1066084
2025-04-24,16406,629247,1066102
2025-04-28,16406,629247,1066111
2025-04-30,16406,629247,1066801
2025-05-01,16406,629247,1066806
2025-05-02,16406,629247,1066818
2025-05-06,16406,629247,1066836
2025-05-07,16406,629247,1066932
2025-05-08,16406,629247,1066953
2025-05-09,16406,629247,1067007
2025-05-13,16406,629247,1067008
2025-05-14,16406,629247,1067018
2025-05-15,16412,629247,1067040
2025-05-19,16412,629247,1067052
2025-05-20,16412,629247,1067075
2025-05-21,16412,629247,1067160
2025-05-22,16412,629247,1067355
2025-05-23,16412,629247,1067491
2025-05-24,16412,629247,1067555
2025-05-25,16412,629247,1067588
2025-05-26,16412,629247,1067674
2025-05-27,16412,629247,1067761
2025-05-28,16412,629247,1068006
2025-05-29,16412,629247,1068731
2025-06-02,16412,629247,1068805
2025-06-03,16412,629247,1068911
2025-06-04,16412,629247,1068965
2025-06-05,16412,629247,1068970
2025-06-06,16412,629247,1069406
2025-06-09,16412,629247,1069425
2025-06-10,16412,629247,1069440
2025-06-11,16412,629247,1069456
2025-06-12,16412,629247,1069514
2025-06-13,16412,630409,1069516
2025-06-16,16412,630409,1069668
2025-06-17,16425,630409,1069669
2025-06-18,16425,630409,1069673
2025-06-19,16425,630409,1069675
2025-06-23,16425,630409,1069678
2025-06-24,16425,630409,1070359
2025-06-25,16425,630409,1070363
2025-06-26,16425,630445,1070367
2025-06-27,16425,630484,1070368
2025-06-30,16425,630484,1070370
2025-07-01,16425,630484,1070685
2025-07-02,16425,630484,1071128
2025-07-03,16425,630484,1071163
2025-07-04,16425,630484,1071205
2025-07-06,16425,630484,1071259
2025-07-07,16425,630484,1071283
2025-07-08,16425,630484,1071309
2025-07-09,16425,630484,1071369
2025-07-10,16425,630484,1071661
2025-07-11,16425,630484,1081962
2025-07-12,16425,630484,1082206
2025-07-13,16425,630484,1082207
2025-07-14,16425,630484,1082255
2025-07-16,16425,630484,1082269
2025-07-18,16425,630484,1082270
2025-07-21,16425,630484,1082304
2025-07-22,16425,630484,1082344
2025-07-23,16425,630484,1082374
2025-07-24,16425,630484,1082529
2025-07-27,16425,630484,1082530
2025-07-28,16425,630484,1082531
2025-07-29,16425,630484,1082532
2025-08-01,16425,630484,1082817
2025-08-02,16425,630484,1083525
2025-08-04,16425,630484,1083535
2025-08-05,16425,630484,1083546
2025-08-06,16425,630484,1083566
2025-08-07,16425,630484,1083574
2025-08-08,16425,630484,1083586
2025-08-11,16425,630484,1083673
2025-08-12,16425,630484,1083934
2025-08-13,16425,630484,1083935
2025-08-14,16425,630484,1083951
2025-08-15,16425,630484,1083962
2025-08-17,16425,630484,1083981
2025-08-18,16425,630484,1084202
2025-08-19,16425,630484,1084205
2025-08-21,16425,630484,1084219
2025-08-22,16425,630484,1084254
2025-08-23,16425,630484,1084256
2025-08-24,16425,630484,1084258
2025-08-26,16425,630484,1084260
2025-08-27,16425,630484,1084297
2025-08-28,16425,630484,1084483
2025-08-30,16425,630484,1084487
2025-09-01,16425,630484,1084490
2025-09-02,16425,630484,1084573
2025-09-03,16425,630484,1084618
2025-09-04,16425,630484,1084642
2025-09-05,16425,630484,1084665
2025-09-08,16425,630484,1084670
2025-09-09,16425,630484,1084727
2025-09-10,16425,630484,1084758
2025-09-11,16425,630484,1084799
2025-09-12,16425,630484,1084938
2025-09-13,16425,630484,1084976
2025-09-15,16425,630484,1084979
2025-09-16,16425,630484,1085034
2025-09-17,16425,630484,1085058
2025-09-18,16425,630484,1085089
2025-09-19,16425,630484,1085151
2025-09-22,16425,630484,1085171
2025-09-23,16425,630484,1085214
2025-09-26,16425,630484,1085216
2025-09-30,16425,630484,1085218
2025-10-01,16425,630484,1085420
2025-10-02,16425,630484,1085433
2025-10-03,16425,630484,1085458
2025-10-06,16425,630484,1085508
2025-10-07,16425,630484,1085520
2025-10-09,16425,630484,1085527
2025-10-10,16425,630484,1085529
2025-10-15,16425,630484,1085532
2025-10-21,16425,630484,1085541
2025-10-22,16425,630484,1085545
2025-10-28,16425,630484,1085548
2025-10-29,16425,630484,1085554
2025-10-30,16425,630484,1088131
2025-11-03,16425,630484,1092392
2025-11-04,16425,630484,1093386
2025-11-05,16425,630484,1094695
2025-11-07,16425,630484,1094763
2025-11-17,16425,630527,1094763
2025-11-20,16425,630527,1094804
2025-11-21,16425,630527,1095256
2025-11-24,16425,630527,1095257
2025-11-28,16425,630527,1136224
2025-12-02,16425,630527,1136246
2025-12-09,16425,630527,1136347
2025-12-10,16425,630527,1136556
2025-12-15,16425,630527,1136777
2025-12-16,16425,630527,1136842
2025-12-18,16425,630527,1136931
2025-12-19,16425,630527,1137047
2025-12-20,16425,630527,1137205
2025-12-21,16425,630527,1137346
2025-12-29,16425,630527,1139921
2026-01-02,16425,630566,1139921
2026-01-03,16425,630574,1139921
2026-01-04,16425,630727,1139941
2026-01-07,16425,630786,1139941
