Date,N-ary_interactions_reports,All_interactions_after_spoke_expansion,All_interaction_reports,Binary_interaction_reports
2003-08-05,0,2,2,2
2003-08-06,0,7,7,7
2003-08-08,0,9,9,9
2003-08-20,0,12,12,12
2003-08-21,1,18,15,14
2003-08-27,2,23,16,14
2003-09-03,2,24,17,15
2003-09-05,2,25,18,16
2003-09-09,2,27,20,18
2003-09-10,2,30,23,21
2003-09-11,2,31,24,22
2003-09-12,2,32,25,23
2003-09-15,3,35,27,24
2003-09-16,4,48,38,34
2003-09-19,5,60,39,34
2003-09-22,5,62,41,36
2003-09-23,5,63,42,37
2003-09-24,11,102,50,39
2003-09-25,15,126,58,43
2003-09-26,17,158,66,49
2003-10-02,17,160,68,51
2003-10-03,17,161,69,52
2003-10-09,18,163,70,52
2003-10-10,18,165,72,54
2003-10-14,24,182,79,55
2003-10-22,24,187,84,60
2003-10-23,24,190,87,63
2003-10-24,27,202,96,69
2003-10-31,27,203,97,70
2003-11-03,27,208,102,75
2003-11-04,28,222,111,83
2003-11-05,29,231,118,89
2003-11-06,29,237,124,95
2003-11-07,31,250,131,100
2003-11-10,35,265,142,107
2003-11-11,37,299,168,131
2003-11-12,38,326,191,153
2003-11-13,42,359,219,177
2003-11-14,43,384,242,199
2003-11-18,48,410,252,204
2003-11-24,49,425,266,217
2003-11-25,54,466,301,247
2003-11-26,54,471,306,252
2003-11-27,54,479,314,260
2003-11-28,54,496,331,277
2003-12-01,55,516,350,295
2003-12-02,55,524,358,303
2003-12-03,55,547,381,326
2003-12-04,55,571,405,350
2003-12-05,57,596,426,369
2003-12-08,57,603,433,376
2003-12-09,57,623,453,396
2003-12-10,58,635,464,406
2003-12-11,60,648,475,415
2003-12-12,60,662,489,429
2003-12-15,66,686,503,437
2003-12-16,66,705,522,456
2003-12-17,68,719,529,461
2003-12-18,68,736,546,478
2004-01-05,68,742,552,484
2004-01-06,69,760,569,500
2004-01-07,71,16523,16329,16258
2004-01-08,71,21451,21257,21186
2004-01-09,71,21453,21259,21188
2004-01-12,72,21461,21266,21194
2004-01-13,73,21492,21296,21223
2004-01-14,75,21505,21306,21231
2004-01-15,81,21525,21319,21238
2004-01-16,84,21539,21329,21245
2004-01-20,84,21547,21337,21253
2004-01-21,89,21571,21356,21267
2004-01-26,91,21588,21369,21278
2004-01-27,91,21592,21373,21282
2004-01-28,96,21606,21382,21286
2004-01-29,98,21623,21396,21298
2004-02-04,98,21624,21397,21299
2004-02-10,99,21630,21402,21303
2004-02-11,99,21634,21406,21307
2004-02-12,99,21635,21407,21308
2004-02-15,99,21642,21414,21315
2004-02-16,99,21643,21415,21316
2004-02-19,99,21652,21424,21325
2004-02-20,99,21654,21426,21327
2004-02-23,99,21655,21427,21328
2004-02-24,100,21663,21434,21334
2004-02-27,100,21665,21436,21336
2004-03-01,101,21669,21439,21338
2004-03-02,101,21671,21441,21340
2004-03-03,103,21709,21451,21348
2004-03-04,105,21728,21468,21363
2004-03-05,105,21729,21469,21364
2004-03-08,105,21750,21490,21385
2004-03-09,105,21753,21493,21388
2004-03-10,107,21793,21495,21388
2004-03-11,108,21853,21503,21395
2004-03-12,108,21854,21504,21396
2004-03-16,108,21857,21507,21399
2004-03-19,110,21870,21517,21407
2004-03-20,112,21877,21521,21409
2004-03-21,113,21895,21538,21425
2004-03-22,116,21916,21551,21435
2004-03-23,118,21927,21559,21441
2004-03-24,119,21948,21579,21460
2004-03-25,119,21949,21580,21461
2004-03-26,120,21963,21592,21472
2004-03-29,120,21965,21594,21474
2004-03-30,121,21978,21598,21477
2004-03-31,126,21998,21606,21480
2004-04-01,126,22002,21610,21484
2004-04-02,127,22017,21616,21489
2004-04-04,127,22022,21621,21494
2004-04-05,128,22046,21628,21500
2004-04-13,128,22048,21630,21502
2004-04-18,128,22056,21638,21510
2004-04-20,128,22060,21642,21514
2004-04-21,131,22069,21648,21517
2004-04-22,131,22075,21654,21523
2004-04-23,131,22085,21664,21533
2004-04-28,131,22372,21951,21820
2004-04-29,131,26922,26501,26370
2004-05-02,131,26932,26511,26380
2004-05-04,131,26938,26517,26386
2004-05-05,131,26956,26535,26404
2004-05-06,131,26967,26546,26415
2004-05-10,132,26990,26557,26425
2004-05-11,132,26994,26561,26429
2004-05-12,132,27089,26656,26524
2004-05-13,133,27133,26667,26534
2004-05-14,133,27140,26674,26541
2004-05-17,133,27150,26684,26551
2004-05-18,135,27380,26697,26562
2004-05-19,135,27389,26706,26571
2004-05-20,137,27473,26714,26577
2004-05-21,137,27474,26715,26578
2004-05-22,138,27502,26724,26586
2004-05-24,138,27506,26728,26590
2004-05-25,138,27510,26732,26594
2004-05-26,138,27528,26750,26612
2004-05-27,138,29319,28541,28403
2004-05-28,138,29327,28549,28411
2004-06-02,138,29330,28552,28414
2004-06-03,139,29381,28583,28444
2004-06-04,144,29401,28596,28452
2004-06-08,144,29404,28599,28455
2004-06-09,144,29407,28602,28458
2004-06-10,144,29414,28609,28465
2004-06-11,147,29438,28630,28483
2004-06-14,147,29440,28632,28485
2004-06-15,147,29462,28654,28507
2004-06-16,152,29485,28670,28518
2004-06-17,156,29497,28677,28521
2004-06-18,156,29535,28715,28559
2004-06-22,157,29538,28716,28559
2004-06-25,159,29542,28718,28559
2004-06-28,161,29558,28723,28562
2004-06-29,161,29566,28731,28570
2004-06-30,164,29682,28746,28582
2004-07-01,165,29696,28759,28594
2004-07-05,165,29697,28760,28595
2004-07-06,165,29702,28765,28600
2004-07-07,165,29706,28769,28604
2004-07-08,165,29711,28774,28609
2004-07-09,165,29713,28776,28611
2004-07-13,168,29741,28799,28631
2004-07-14,169,30055,29105,28936
2004-07-15,169,30058,29108,28939
2004-07-16,169,30171,29221,29052
2004-07-20,169,30195,29245,29076
2004-07-21,169,30216,29266,29097
2004-07-22,171,31706,30752,30581
2004-07-23,181,32191,30764,30583
2004-07-26,181,32200,30773,30592
2004-07-28,182,32203,30775,30593
2004-07-29,182,32207,30779,30597
2004-07-30,186,32226,30789,30603
2004-08-03,189,32371,30792,30603
2004-08-04,189,32385,30806,30617
2004-08-06,195,32404,30816,30621
2004-08-09,196,32433,30839,30643
2004-08-10,196,32441,30847,30651
2004-08-11,199,32451,30854,30655
2004-08-12,204,32487,30859,30655
2004-08-16,207,32524,30875,30668
2004-08-17,212,32595,30894,30682
2004-08-18,218,32677,30911,30693
2004-08-26,218,32729,30963,30745
2004-08-27,220,32734,30966,30746
2004-08-28,222,32760,30973,30751
2004-08-29,224,32770,30981,30757
2004-08-30,229,32793,30991,30762
2004-09-03,229,32798,30996,30767
2004-09-06,229,32799,30997,30768
2004-09-07,229,32806,31004,30775
2004-09-08,229,32823,31021,30792
2004-09-09,229,32827,31025,30796
2004-09-10,229,32830,31028,30799
2004-09-13,229,32833,31031,30802
2004-09-14,229,32835,31033,30804
2004-09-15,229,32859,31057,30828
2004-09-17,229,32885,31083,30854
2004-09-27,229,32886,31084,30855
2004-09-28,230,32901,31098,30868
2004-09-29,230,32904,31101,30871
2004-09-30,230,32910,31107,30877
2004-10-01,232,32916,31111,30879
2004-10-04,232,32925,31120,30888
2004-10-05,232,32939,31134,30902
2004-10-06,232,32946,31141,30909
2004-10-07,232,32955,31150,30918
2004-10-08,232,32960,31155,30923
2004-10-11,235,33004,31196,30961
2004-10-12,235,33015,31207,30972
2004-10-13,237,33023,31212,30975
2004-10-14,237,33036,31225,30988
2004-10-19,237,33043,31232,30995
2004-10-22,237,33050,31239,31002
2004-10-25,237,33063,31252,31015
2004-10-26,237,33070,31259,31022
2004-10-27,237,33072,31261,31024
2004-10-28,238,33124,31309,31071
2004-11-02,238,33130,31315,31077
2004-11-03,239,33145,31321,31082
2004-11-05,250,33184,31346,31096
2004-11-08,250,33197,31359,31109
2004-11-09,251,33219,31377,31126
2004-11-10,251,33234,31392,31141
2004-11-11,252,33242,31399,31147
2004-11-12,252,33245,31402,31150
2004-11-15,252,33247,31404,31152
2004-11-17,255,33259,31413,31158
2004-11-18,255,33260,31414,31159
2004-11-22,256,33266,31419,31163
2004-11-23,256,33274,31427,31171
2004-11-25,256,33275,31428,31172
2004-11-26,258,33377,31440,31182
2004-11-29,261,33384,31444,31183
2004-12-02,265,33398,31448,31183
2004-12-03,267,33427,31471,31204
2004-12-06,267,33435,31479,31212
2004-12-07,267,33439,31483,31216
2004-12-08,267,33459,31503,31236
2004-12-09,267,33460,31504,31237
2004-12-10,271,33484,31508,31237
2004-12-13,271,33485,31509,31238
2004-12-14,271,33487,31511,31240
2004-12-15,271,33491,31515,31244
2004-12-16,271,35312,33336,33065
2004-12-17,271,35315,33339,33068
2004-12-20,271,35324,33348,33077
2004-12-21,271,35331,33355,33084
2004-12-22,271,35332,33356,33085
2005-01-04,271,35534,33558,33287
2005-01-10,271,35537,33561,33290
2005-01-11,271,35538,33562,33291
2005-01-14,271,35543,33567,33296
2005-01-20,271,35550,33574,33303
2005-01-21,271,35590,33614,33343
2005-01-22,271,35597,33621,33350
2005-01-24,271,35601,33625,33354
2005-01-25,271,35611,33635,33364
2005-01-26,271,35623,33647,33376
2005-01-27,271,35665,33689,33418
2005-01-28,274,35856,33877,33603
2005-02-01,274,35877,33898,33624
2005-02-02,274,35882,33903,33629
2005-02-03,274,35883,33904,33630
2005-02-04,274,35894,33915,33641
2005-02-07,274,35913,33934,33660
2005-02-08,275,35962,33982,33707
2005-02-09,281,36019,34030,33749
2005-02-10,281,36020,34031,33750
2005-02-11,281,36030,34041,33760
2005-02-14,281,36031,34042,33761
2005-02-15,282,36054,34064,33782
2005-02-16,283,36064,34073,33790
2005-02-18,283,36066,34075,33792
2005-02-21,283,36083,34092,33809
2005-02-22,284,36097,34105,33821
2005-02-23,291,36171,34133,33842
2005-02-24,297,36243,34183,33886
2005-02-25,297,36258,34198,33901
2005-02-28,297,38106,36046,35749
2005-03-02,297,38109,36049,35752
2005-03-03,303,38151,36071,35768
2005-03-04,313,38232,36113,35800
2005-03-07,314,38253,36116,35802
2005-03-08,314,38258,36121,35807
2005-03-09,318,38291,36149,35831
2005-03-10,318,38350,36208,35890
2005-03-11,318,38360,36218,35900
2005-03-14,318,38378,36236,35918
2005-03-15,325,38440,36282,35957
2005-03-16,326,38481,36322,35996
2005-03-17,329,38509,36347,36018
2005-03-18,334,38541,36361,36027
2005-03-21,334,38553,36373,36039
2005-03-22,337,38569,36382,36045
2005-03-24,337,38595,36408,36071
2005-03-29,337,38623,36436,36099
2005-03-30,337,38647,36460,36123
2005-03-31,337,38653,36466,36129
2005-04-01,339,38671,36482,36143
2005-04-04,339,38684,36495,36156
2005-04-05,341,38725,36528,36187
2005-04-06,347,38768,36564,36217
2005-04-07,353,38824,36592,36239
2005-04-08,361,38902,36637,36276
2005-04-11,363,38928,36659,36296
2005-04-12,367,38990,36716,36349
2005-04-13,380,39091,36762,36382
2005-04-14,380,39097,36768,36388
2005-04-15,387,39185,36818,36431
2005-04-18,394,39289,36842,36448
2005-04-19,399,39360,36865,36466
2005-04-20,401,39447,36949,36548
2005-04-21,401,39511,37013,36612
2005-04-25,402,39520,37018,36616
2005-04-26,413,39592,37031,36618
2005-04-27,421,39630,37052,36631
2005-04-29,421,39707,37129,36708
2005-05-03,421,39722,37144,36723
2005-05-04,421,39726,37148,36727
2005-05-05,424,39759,37151,36727
2005-05-06,424,39774,37166,36742
2005-05-11,424,39780,37172,36748
2005-05-12,430,40020,37206,36776
2005-05-13,432,40040,37216,36784
2005-05-16,432,40046,37222,36790
2005-05-17,433,40066,37240,36807
2005-05-18,433,40071,37245,36812
2005-05-19,433,40079,37253,36820
2005-05-20,435,40091,37263,36828
2005-05-23,435,40108,37280,36845
2005-05-24,436,40160,37331,36895
2005-05-25,438,40189,37358,36920
2005-05-26,438,40257,37426,36988
2005-05-27,440,40269,37431,36991
2005-06-01,440,40272,37434,36994
2005-06-02,440,40301,37463,37023
2005-06-03,453,40420,37535,37082
2005-06-06,457,40490,37601,37144
2005-06-07,459,40550,37624,37165
2005-06-08,459,40557,37631,37172
2005-06-09,460,40579,37652,37192
2005-06-10,470,40629,37683,37213
2005-06-13,490,41228,38242,37752
2005-06-14,490,41233,38247,37757
2005-06-15,499,41270,38275,37776
2005-06-17,499,41271,38276,37777
2005-06-20,504,41331,38307,37803
2005-06-21,505,41362,38332,37827
2005-06-22,508,41455,38420,37912
2005-06-23,508,41523,38488,37980
2005-06-24,518,41660,38557,38039
2005-06-27,518,41716,38613,38095
2005-06-28,530,41823,38639,38109
2005-06-29,530,41840,38656,38126
2005-06-30,530,41846,38662,38132
2005-07-01,530,41855,38671,38141
2005-07-05,531,41862,38677,38146
2005-07-07,531,41899,38714,38183
2005-07-08,533,41937,38750,38217
2005-07-09,533,41938,38751,38218
2005-07-11,533,41940,38753,38220
2005-07-12,541,41996,38777,38236
2005-07-13,544,42012,38790,38246
2005-07-14,547,42050,38818,38271
2005-07-15,561,42403,38855,38294
2005-07-18,561,42417,38869,38308
2005-07-19,564,42511,38879,38315
2005-07-20,564,42526,38894,38330
2005-07-21,568,42554,38911,38343
2005-07-22,569,43103,39459,38890
2005-07-25,571,43136,39490,38919
2005-07-26,572,43180,39530,38958
2005-07-27,576,43217,39563,38987
2005-07-28,583,43284,39594,39011
2005-07-29,583,43516,39826,39243
2005-08-01,594,43634,39866,39272
2005-08-02,594,43637,39869,39275
2005-08-03,594,43646,39878,39284
2005-08-04,594,43677,39909,39315
2005-08-05,595,43683,39914,39319
2005-08-08,595,43704,39935,39340
2005-08-09,595,43713,39944,39349
2005-08-10,595,43766,39997,39402
2005-08-11,595,43795,40026,39431
2005-08-12,600,43833,40059,39459
2005-08-15,600,43841,40067,39467
2005-08-16,600,43856,40082,39482
2005-08-17,601,43869,40094,39493
2005-08-18,601,43894,40119,39518
2005-08-19,601,43902,40127,39526
2005-08-22,601,43954,40179,39578
2005-08-23,601,43976,40201,39600
2005-08-24,601,43982,40207,39606
2005-08-25,611,44040,40228,39617
2005-08-26,611,44041,40229,39618
2005-08-30,614,44057,40232,39618
2005-09-02,615,44061,40233,39618
2005-09-05,619,44080,40242,39623
2005-09-06,623,44089,40246,39623
2005-09-07,627,44109,40257,39630
2005-09-09,629,44115,40259,39630
2005-09-12,629,44128,40272,39643
2005-09-13,632,44143,40278,39646
2005-09-14,633,44148,40282,39649
2005-09-20,635,44156,40288,39653
2005-09-21,636,44158,40289,39653
2005-09-22,636,44167,40298,39662
2005-09-23,639,44191,40318,39679
2005-09-26,640,44197,40323,39683
2005-09-27,640,44199,40325,39685
2005-09-28,640,45270,41396,40756
2005-09-29,641,45314,41430,40789
2005-09-30,641,45407,41523,40882
2005-10-03,641,45411,41527,40886
2005-10-04,641,45415,41531,40890
2005-10-05,641,45423,41539,40898
2005-10-06,641,45445,41561,40920
2005-10-07,641,45465,41581,40940
2005-10-11,641,45508,41624,40983
2005-10-12,641,45535,41651,41010
2005-10-13,643,45588,41697,41054
2005-10-14,648,45684,41785,41137
2005-10-17,649,45702,41802,41153
2005-10-18,650,45722,41821,41171
2005-10-19,653,45785,41881,41228
2005-10-20,653,45789,41885,41232
2005-10-21,655,45880,41889,41234
2005-10-24,655,45896,41905,41250
2005-10-25,655,45910,41919,41264
2005-10-26,655,45941,41950,41295
2005-10-27,655,45946,41955,41300
2005-10-28,655,45947,41956,41301
2005-11-02,655,45966,41975,41320
2005-11-03,662,46010,41994,41332
2005-11-04,662,46020,42004,41342
2005-11-07,662,46046,42030,41368
2005-11-08,664,46068,42050,41386
2005-11-09,669,46102,42079,41410
2005-11-10,669,46129,42106,41437
2005-11-11,678,46314,42277,41599
2005-11-14,678,46339,42302,41624
2005-11-15,679,46381,42306,41627
2005-11-16,679,46421,42346,41667
2005-11-17,681,46460,42369,41688
2005-11-18,690,49703,45567,44877
2005-11-21,690,49735,45599,44909
2005-11-22,691,49844,45611,44920
2005-11-23,692,52656,48390,47698
2005-11-24,692,52675,48409,47717
2005-11-25,692,52678,48412,47720
2005-11-28,692,52684,48418,47726
2005-11-29,693,52760,48439,47746
2005-11-30,694,52777,48448,47754
2005-12-01,698,52916,48567,47869
2005-12-05,704,52941,48582,47878
2005-12-06,712,52980,48606,47894
2005-12-07,719,53006,48619,47900
2005-12-08,725,53050,48653,47928
2005-12-09,727,53137,48675,47948
2005-12-12,727,53141,48679,47952
2005-12-13,727,53149,48687,47960
2005-12-14,727,53181,48719,47992
2005-12-15,727,53283,48821,48094
2005-12-16,727,53297,48835,48108
2005-12-19,727,53302,48840,48113
2005-12-20,737,53445,48850,48113
2005-12-21,750,53577,48865,48115
2005-12-22,751,53621,48870,48119
2005-12-23,751,53622,48871,48120
2006-01-04,752,53628,48876,48124
2006-01-06,754,53632,48878,48124
2006-01-09,756,53670,48897,48141
2006-01-10,758,53724,48933,48175
2006-01-11,758,53744,48953,48195
2006-01-12,758,53746,48955,48197
2006-01-13,758,53753,48962,48204
2006-01-16,758,53761,48970,48212
2006-01-17,761,53818,49024,48263
2006-01-18,761,53828,49034,48273
2006-01-20,762,53869,49074,48312
2006-01-23,769,54013,49097,48328
2006-01-24,771,54206,49102,48331
2006-01-25,2864,80325,51515,48651
2006-01-26,2864,80327,51517,48653
2006-01-27,2864,80335,51525,48661
2006-01-30,2871,80419,51532,48661
2006-01-31,2878,80659,51539,48661
2006-02-01,2885,83509,54289,51404
2006-02-02,2891,83614,54303,51412
2006-02-03,2891,83625,54314,51423
2006-02-06,2891,83674,54363,51472
2006-02-07,2900,83709,54385,51485
2006-02-08,2908,83819,54416,51508
2006-02-09,2909,83844,54417,51508
2006-02-10,2913,83902,54467,51554
2006-02-13,2916,83932,54488,51572
2006-02-14,2920,83975,54518,51598
2006-02-15,2978,87190,57138,54160
2006-02-16,2979,87205,57151,54172
2006-02-17,2979,87233,57179,54200
2006-02-20,2980,87252,57196,54216
2006-02-21,2983,87452,57391,54408
2006-02-22,2988,87490,57420,54432
2006-02-23,2989,87510,57439,54450
2006-02-24,2990,87556,57481,54491
2006-02-27,3000,87600,57510,54510
2006-02-28,3001,88458,58367,55366
2006-03-01,3004,88485,58391,55387
2006-03-02,3007,88519,58422,55415
2006-03-03,3012,88558,58437,55425
2006-03-06,3015,88636,58445,55430
2006-03-07,3022,88684,58459,55437
2006-03-08,3028,88759,58505,55477
2006-03-09,3655,94994,59395,55740
2006-03-10,3665,95145,59429,55764
2006-03-13,3673,95176,59447,55774
2006-03-14,3682,95256,59495,55813
2006-03-15,3689,95300,59525,55836
2006-03-16,3691,95346,59542,55851
2006-03-17,3691,95354,59550,55859
2006-03-20,3705,95455,59632,55927
2006-03-21,3709,95476,59643,55934
2006-03-22,3711,95496,59657,55946
2006-03-24,3711,95614,59775,56064
2006-03-27,3727,95950,59805,56078
2006-03-28,3742,96062,59891,56149
2006-03-29,3748,96090,59908,56160
2006-03-31,3751,96120,59935,56184
2006-04-03,3752,96133,59947,56195
2006-04-04,3761,96917,59984,56223
2006-04-05,3765,96952,60014,56249
2006-04-06,3767,96971,60029,56262
2006-04-07,3767,96995,60053,56286
2006-04-10,3769,97090,60145,56376
2006-04-11,3773,97132,60183,56410
2006-04-12,3773,97160,60211,56438
2006-04-13,3775,97179,60228,56453
2006-04-18,3775,97184,60233,56458
2006-04-20,3775,97187,60236,56461
2006-04-21,3775,97260,60309,56534
2006-04-24,3779,97293,60338,56559
2006-04-25,3779,97303,60348,56569
2006-04-26,3780,97345,60389,56609
2006-04-27,3784,97439,60412,56628
2006-04-28,3788,97486,60427,56639
2006-04-30,3788,97488,60429,56641
2006-05-01,3788,97491,60432,56644
2006-05-02,3791,97536,60460,56669
2006-05-03,3794,97580,60465,56671
2006-05-04,3794,97583,60468,56674
2006-05-05,3796,97599,60482,56686
2006-05-08,3796,97602,60485,56689
2006-05-09,3800,97633,60512,56712
2006-05-10,3801,97655,60533,56732
2006-05-11,3801,97664,60542,56741
2006-05-15,3802,97672,60549,56747
2006-05-16,3803,97680,60556,56753
2006-05-17,3803,97687,60563,56760
2006-05-18,3803,97700,60576,56773
2006-05-19,3803,97703,60579,56776
2006-05-22,3805,98298,61172,57367
2006-05-23,3805,98299,61173,57368
2006-05-26,3809,98326,61184,57375
2006-05-30,3809,98345,61203,57394
2006-05-31,3809,98374,61232,57423
2006-06-02,3809,98500,61358,57549
2006-06-05,3809,98510,61368,57559
2006-06-06,3809,98514,61372,57563
2006-06-07,3809,98519,61377,57568
2006-06-08,3809,98521,61379,57570
2006-06-09,3811,98546,61402,57591
2006-06-13,3811,98613,61469,57658
2006-06-14,3811,98615,61471,57660
2006-06-15,3811,99489,62345,58534
2006-06-16,3812,99523,62378,58566
2006-06-20,3812,99538,62393,58581
2006-06-21,3813,99558,62412,58599
2006-06-22,3813,99560,62414,58601
2006-06-23,3815,99580,62432,58617
2006-06-26,3815,99581,62433,58618
2006-06-27,3815,99590,62442,58627
2006-06-28,3815,99593,62445,58630
2006-06-29,3820,99658,62481,58661
2006-06-30,3820,99663,62486,58666
2006-07-03,3820,99679,62502,58682
2006-07-04,3821,99701,62523,58702
2006-07-05,3821,99727,62549,58728
2006-07-06,3821,99746,62568,58747
2006-07-07,3822,99783,62600,58778
2006-07-10,3826,99826,62636,58810
2006-07-11,3830,99959,62677,58847
2006-07-12,3833,100009,62722,58889
2006-07-13,3835,100068,62769,58934
2006-07-14,3844,100176,62845,59001
2006-07-17,3844,100181,62850,59006
2006-07-18,3845,100191,62859,59014
2006-07-19,3846,100232,62897,59051
2006-07-20,3847,100253,62915,59068
2006-07-21,3847,100267,62929,59082
2006-07-24,3853,100317,62955,59102
2006-07-25,3861,100386,63012,59151
2006-07-26,3863,100447,63071,59208
2006-07-27,3868,100531,63124,59256
2006-07-28,3868,100560,63153,59285
2006-07-31,3869,100567,63159,59290
2006-08-01,3870,100579,63170,59300
2006-08-02,3870,100581,63172,59302
2006-08-03,3871,100600,63190,59319
2006-08-04,3874,100635,63214,59340
2006-08-07,3885,100705,63241,59356
2006-08-08,3892,100741,63270,59378
2006-08-09,3894,100786,63313,59419
2006-08-10,3900,100851,63372,59472
2006-08-11,3903,100889,63407,59504
2006-08-14,3905,100946,63462,59557
2006-08-15,3907,100974,63487,59580
2006-08-16,3911,101009,63517,59606
2006-08-17,3911,101027,63535,59624
2006-08-18,3922,101123,63586,59664
2006-08-21,3930,101210,63664,59734
2006-08-22,3941,101319,63753,59812
2006-08-23,3946,101402,63802,59856
2006-08-24,3949,101437,63828,59879
2006-08-25,3950,101448,63835,59885
2006-08-28,3958,101490,63861,59903
2006-08-29,3968,101533,63881,59913
2006-08-30,3981,101601,63926,59945
2006-08-31,3984,101657,63979,59995
2006-09-01,3985,101703,64024,60039
2006-09-04,3985,101746,64067,60082
2006-09-05,3990,101766,64078,60088
2006-09-06,3993,101791,64100,60107
2006-09-07,4001,101825,64116,60115
2006-09-08,4004,101852,64140,60136
2006-09-11,4011,101873,64153,60142
2006-09-12,4025,101936,64177,60152
2006-09-13,4026,101967,64207,60181
2006-09-14,4031,101987,64219,60188
2006-09-15,4031,101999,64231,60200
2006-09-16,4031,102007,64239,60208
2006-09-17,4032,102021,64252,60220
2006-09-18,4034,102049,64278,60244
2006-09-19,4034,102052,64281,60247
2006-09-20,4141,102857,64936,60795
2006-09-21,4141,102861,64940,60799
2006-09-22,4142,109350,71428,67286
2006-09-23,4142,109351,71429,67287
2006-09-26,4142,109357,71435,67293
2006-09-27,4143,109384,71460,67317
2006-09-28,4144,109504,71578,67434
2006-09-29,4147,109563,71633,67486
2006-10-02,4148,109592,71650,67502
2006-10-03,4149,109625,71682,67533
2006-10-04,4149,109628,71685,67536
2006-10-05,4150,109631,71686,67536
2006-10-06,4150,109886,71941,67791
2006-10-09,4159,109982,71963,67804
2006-10-10,4161,110063,71994,67833
2006-10-11,4161,110066,71997,67836
2006-10-12,4161,110079,72010,67849
2006-10-13,4161,110093,72024,67863
2006-10-16,4161,110094,72025,67864
2006-10-23,4161,110139,72070,67909
2006-10-24,4162,110184,72110,67948
2006-10-25,5738,118925,74105,68367
2006-10-26,5738,118948,74128,68390
2006-10-27,5738,118959,74139,68401
2006-10-30,5753,119043,74202,68449
2006-10-31,5760,119169,74311,68551
2006-11-01,5776,119244,74366,68590
2006-11-02,5782,119287,74402,68620
2006-11-03,5782,119496,74611,68829
2006-11-06,5785,119585,74697,68912
2006-11-07,5785,119606,74718,68933
2006-11-08,5789,119643,74748,68959
2006-11-09,5789,119661,74766,68977
2006-11-10,5789,119680,74785,68996
2006-11-13,5789,119689,74794,69005
2006-11-14,5794,119716,74815,69021
2006-11-15,5794,119727,74826,69032
2006-11-16,5795,119731,74829,69034
2006-11-17,5798,119768,74862,69064
2006-11-20,5800,119796,74883,69083
2006-11-21,5801,119814,74900,69099
2006-11-22,5803,119830,74914,69111
2006-11-23,5805,119844,74926,69121
2006-11-24,5816,119920,74960,69144
2006-11-27,5816,119926,74966,69150
2006-11-28,5827,120113,74989,69162
2006-11-29,5838,120155,75011,69173
2006-11-30,5840,120174,75028,69188
2006-12-01,5842,120250,75056,69214
2006-12-04,5851,120305,75098,69247
2006-12-05,5873,120416,75130,69257
2006-12-06,5880,120445,75151,69271
2006-12-07,5881,120450,75155,69274
2006-12-08,5882,120457,75161,69279
2006-12-11,5892,120482,75174,69282
2006-12-12,5893,120487,75178,69285
2006-12-13,5897,120506,75193,69296
2006-12-14,5897,120507,75194,69297
2006-12-15,5897,120512,75199,69302
2006-12-18,5899,120523,75208,69309
2006-12-19,5902,120541,75216,69314
2006-12-20,5902,120557,75232,69330
2006-12-21,5907,120579,75244,69337
2006-12-22,5908,120583,75245,69337
2007-01-02,5908,120590,75252,69344
2007-01-03,5908,120601,75263,69355
2007-01-04,5910,120624,75279,69369
2007-01-05,5921,120682,75321,69400
2007-01-08,5921,120701,75340,69419
2007-01-09,5921,120702,75341,69420
2007-01-10,5944,120802,75378,69434
2007-01-11,5945,120811,75386,69441
2007-01-12,5945,120816,75391,69446
2007-01-16,5945,120822,75397,69452
2007-01-17,5947,120831,75404,69457
2007-01-18,5947,120836,75409,69462
2007-01-19,5947,120867,75440,69493
2007-01-22,5953,120910,75470,69517
2007-01-23,5954,120917,75476,69522
2007-01-24,5960,120971,75493,69533
2007-01-25,5964,120982,75498,69534
2007-01-26,5969,121056,75511,69542
2007-01-28,5969,121060,75515,69546
2007-01-29,5978,121127,75545,69567
2007-01-30,5982,121200,75561,69579
2007-01-31,5984,121216,75573,69589
2007-02-01,5984,121221,75578,69594
2007-02-02,5984,121223,75580,69596
2007-02-05,5987,121296,75650,69663
2007-02-06,5987,122162,76516,70529
2007-02-07,5989,122184,76536,70547
2007-02-08,5996,122227,76569,70573
2007-02-09,6013,122300,76612,70599
2007-02-13,6021,122335,76638,70617
2007-02-14,6021,122349,76652,70631
2007-02-15,6021,122357,76660,70639
2007-02-16,6022,122400,76702,70680
2007-02-19,6022,122410,76712,70690
2007-02-20,6033,122468,76752,70719
2007-02-21,6048,122552,76783,70735
2007-02-22,6048,122600,76831,70783
2007-02-23,6050,122664,76893,70843
2007-02-25,6050,122668,76897,70847
2007-02-26,6051,122679,76907,70856
2007-02-27,6052,122688,76914,70862
2007-02-28,6052,122704,76930,70878
2007-03-01,6054,122718,76937,70883
2007-03-02,6059,122734,76946,70887
2007-03-05,6071,122845,76978,70907
2007-03-06,6075,122872,77000,70925
2007-03-07,6081,122925,77034,70953
2007-03-08,6084,122952,77055,70971
2007-03-09,6088,122974,77069,70981
2007-03-12,6088,122978,77073,70985
2007-03-13,6090,123004,77095,71005
2007-03-14,6090,123042,77133,71043
2007-03-15,6092,123108,77197,71105
2007-03-16,6092,123112,77201,71109
2007-03-19,6094,123119,77206,71112
2007-03-20,6095,123139,77225,71130
2007-03-21,6097,123195,77230,71133
2007-03-22,6097,123198,77233,71136
2007-03-23,6099,123210,77243,71144
2007-03-26,6101,123219,77249,71148
2007-03-27,6113,123596,77270,71157
2007-03-28,6120,123704,77289,71169
2007-03-29,6120,123708,77293,71173
2007-03-30,6122,123720,77295,71173
2007-04-02,6123,123729,77303,71180
2007-04-03,6126,123742,77311,71185
2007-04-04,6134,123865,77339,71205
2007-04-05,6141,123894,77361,71220
2007-04-10,6145,123938,77382,71237
2007-04-11,6145,123959,77403,71258
2007-04-12,6145,123966,77410,71265
2007-04-13,6145,123974,77418,71273
2007-04-16,6146,123977,77420,71274
2007-04-17,6149,125047,78267,72118
2007-04-18,6150,125058,78277,72127
2007-04-19,6150,125062,78281,72131
2007-04-20,6157,125108,78319,72162
2007-04-22,6158,125113,78323,72165
2007-04-23,6164,125166,78345,72181
2007-04-24,6165,125173,78351,72186
2007-04-25,6165,125285,78463,72298
2007-04-26,6165,125289,78467,72302
2007-04-27,6168,125307,78481,72313
2007-04-30,6168,125312,78486,72318
2007-05-01,6176,125379,78511,72335
2007-05-02,6185,125432,78526,72341
2007-05-03,6185,125433,78527,72342
2007-05-04,6186,125440,78532,72346
2007-05-08,6187,125460,78550,72363
2007-05-09,6192,125477,78561,72369
2007-05-10,6193,125479,78562,72369
2007-05-11,6200,125525,78571,72371
2007-05-14,6209,125594,78597,72388
2007-05-15,6218,125663,78633,72415
2007-05-16,6221,125681,78639,72418
2007-05-17,6221,125692,78650,72429
2007-05-18,6221,125700,78658,72437
2007-05-21,6230,125748,78670,72440
2007-05-22,6230,125759,78681,72451
2007-05-23,6232,125766,78684,72452
2007-05-24,6232,125767,78685,72453
2007-05-25,6236,125800,78714,72478
2007-05-29,6236,125807,78721,72485
2007-05-30,6237,125838,78740,72503
2007-05-31,6241,125886,78748,72507
2007-06-04,6241,125890,78752,72511
2007-06-05,6242,125906,78767,72525
2007-06-06,6242,125916,78777,72535
2007-06-07,6249,125934,78786,72537
2007-06-11,6249,125940,78792,72543
2007-06-12,6252,125961,78806,72554
2007-06-13,6255,125989,78830,72575
2007-06-14,6257,126010,78845,72588
2007-06-15,6258,126018,78851,72593
2007-06-18,6264,126046,78867,72603
2007-06-19,6269,126094,78904,72635
2007-06-20,6275,126179,78947,72672
2007-06-21,6275,126193,78961,72686
2007-06-22,6276,126205,78971,72695
2007-06-25,6281,126231,78990,72709
2007-06-26,6285,126247,79000,72715
2007-06-27,6286,126251,79003,72717
2007-06-28,6288,126259,79009,72721
2007-06-29,6292,126352,79095,72803
2007-07-02,6292,126358,79101,72809
2007-07-03,6292,126362,79105,72813
2007-07-04,6292,126367,79110,72818
2007-07-06,6297,126524,79256,72959
2007-07-08,6297,138452,91184,84887
2007-07-11,6298,138492,91218,84920
2007-07-12,6300,138506,91230,84930
2007-07-13,6300,138542,91266,84966
2007-07-16,6322,138747,91330,85008
2007-07-17,6325,138781,91360,85035
2007-07-18,6330,138835,91385,85055
2007-07-19,6330,138846,91396,85066
2007-07-20,6335,138885,91430,85095
2007-07-23,6345,138951,91456,85111
2007-07-24,6346,138961,91465,85119
2007-07-25,6348,139285,91696,85348
2007-07-26,6348,139363,91774,85426
2007-07-27,6351,139374,91782,85431
2007-07-29,6351,139378,91786,85435
2007-07-30,6351,139468,91876,85525
2007-07-31,6351,139480,91888,85537
2007-08-01,6352,139494,91901,85549
2007-08-02,6358,139545,91910,85552
2007-08-03,6360,139554,91917,85557
2007-08-06,6363,139563,91923,85560
2007-08-07,6363,139610,91970,85607
2007-08-08,6366,139637,91994,85628
2007-08-09,6367,139655,92000,85633
2007-08-10,6367,139679,92024,85657
2007-08-13,6369,139688,92031,85662
2007-08-14,6369,139709,92052,85683
2007-08-15,6369,139718,92061,85692
2007-08-16,6391,140552,92084,85693
2007-08-17,6391,140568,92100,85709
2007-08-20,6391,140569,92101,85710
2007-08-21,6392,140597,92117,85725
2007-08-22,6392,140602,92122,85730
2007-08-23,6392,140609,92129,85737
2007-08-24,6394,140672,92153,85759
2007-08-27,6394,140707,92188,85794
2007-08-28,6396,140763,92219,85823
2007-08-29,6397,140787,92238,85841
2007-08-30,6398,140833,92279,85881
2007-08-31,6398,140839,92285,85887
2007-09-03,6422,141113,92351,85929
2007-09-04,6425,141146,92376,85951
2007-09-05,6425,141166,92396,85971
2007-09-07,6425,141214,92444,86019
2007-09-10,6425,141241,92471,86046
2007-09-11,6428,141309,92536,86108
2007-09-12,6433,141381,92602,86169
2007-09-13,6434,141432,92652,86218
2007-09-14,6437,141510,92724,86287
2007-09-15,6437,141517,92731,86294
2007-09-17,6437,141552,92766,86329
2007-09-18,6443,141612,92817,86374
2007-09-19,6461,141749,92857,86396
2007-09-20,6463,141774,92880,86417
2007-09-21,6464,141810,92915,86451
2007-09-23,6464,141811,92916,86452
2007-09-24,6465,141864,92968,86503
2007-09-25,6469,141925,93024,86555
2007-09-26,6471,141961,93054,86583
2007-09-27,6477,142016,93103,86626
2007-09-28,6479,142063,93148,86669
2007-10-01,6484,142131,93202,86718
2007-10-02,6484,142161,93232,86748
2007-10-03,6485,142198,93268,86783
2007-10-04,6492,142253,93290,86798
2007-10-05,6507,142352,93329,86822
2007-10-08,6507,142367,93344,86837
2007-10-09,6507,142381,93358,86851
2007-10-10,6507,142413,93390,86883
2007-10-11,6510,142453,93427,86917
2007-10-12,6513,142496,93467,86954
2007-10-15,6513,142546,93517,87004
2007-10-16,6517,142564,93531,87014
2007-10-17,6518,142584,93550,87032
2007-10-18,6518,142648,93614,87096
2007-10-19,6518,142670,93636,87118
2007-10-23,6518,142682,93648,87130
2007-10-24,6526,142703,93661,87135
2007-10-25,6530,142714,93668,87138
2007-10-26,6537,142737,93684,87147
2007-10-29,6541,142748,93690,87149
2007-10-30,6555,142829,93744,87189
2007-10-31,6559,142884,93794,87235
2007-11-01,6559,142887,93797,87238
2007-11-02,6561,142902,93810,87249
2007-11-05,6562,142913,93820,87258
2007-11-06,6562,142984,93891,87329
2007-11-07,6564,143006,93906,87342
2007-11-08,6566,143061,93922,87356
2007-11-09,6569,143095,93953,87384
2007-11-12,6569,143103,93961,87392
2007-11-13,6571,143132,93986,87415
2007-11-14,6577,143167,94013,87436
2007-11-15,6578,143182,94027,87449
2007-11-16,6586,143226,94063,87477
2007-11-19,6588,143245,94080,87492
2007-11-20,6592,143277,94108,87516
2007-11-21,6594,143324,94144,87550
2007-11-22,6597,143349,94164,87567
2007-11-23,6600,143383,94195,87595
2007-11-26,6600,143390,94202,87602
2007-11-27,6606,143488,94219,87613
2007-11-28,6608,143540,94267,87659
2007-11-29,6616,143638,94335,87719
2007-11-30,6623,143722,94408,87785
2007-12-03,6627,143769,94450,87823
2007-12-04,6640,143829,94493,87853
2007-12-05,6645,143887,94545,87900
2007-12-06,6646,143932,94588,87942
2007-12-07,6646,143951,94607,87961
2007-12-10,6649,143994,94646,87997
2007-12-11,6650,144048,94699,88049
2007-12-12,6658,144102,94721,88063
2007-12-13,6658,144123,94742,88084
2007-12-14,6659,144161,94778,88119
2007-12-17,6662,144213,94817,88155
2007-12-18,6663,144223,94826,88163
2007-12-19,6663,144229,94832,88169
2007-12-20,6663,144240,94843,88180
2007-12-21,6664,144243,94845,88181
2007-12-22,6664,144259,94861,88197
2008-01-02,6664,144263,94865,88201
2008-01-03,6664,144281,94883,88219
2008-01-04,6664,144301,94903,88239
2008-01-07,6668,144353,94946,88278
2008-01-08,6673,144409,94996,88323
2008-01-09,6675,144942,95525,88850
2008-01-10,6676,144951,95533,88857
2008-01-11,6676,144953,95535,88859
2008-01-14,6676,145040,95622,88946
2008-01-15,6679,145089,95645,88966
2008-01-16,6679,145109,95665,88986
2008-01-17,6679,145114,95670,88991
2008-01-18,6679,145116,95672,88993
2008-01-19,6679,145117,95673,88994
2008-01-21,6679,148823,99379,92700
2008-01-22,6680,148862,99417,92737
2008-01-23,6681,148882,99436,92755
2008-01-24,6685,152133,102675,95990
2008-01-25,6686,152139,102680,95994
2008-01-28,6691,152157,102691,96000
2008-01-29,6693,152708,103240,96547
2008-01-30,6693,152717,103249,96556
2008-01-31,6693,152721,103253,96560
2008-02-01,6693,152725,103257,96564
2008-02-04,6694,152751,103280,96586
2008-02-05,6695,152773,103299,96604
2008-02-06,6700,152869,103324,96624
2008-02-07,6705,152905,103349,96644
2008-02-08,6706,152918,103359,96653
2008-02-11,6708,152950,103387,96679
2008-02-12,6708,152951,103388,96680
2008-02-13,6710,152960,103393,96683
2008-02-15,6711,153015,103403,96692
2008-02-18,6711,153021,103409,96698
2008-02-19,6714,153118,103503,96789
2008-02-20,6714,153135,103520,96806
2008-02-21,6717,153222,103602,96885
2008-02-22,6717,153236,103616,96899
2008-02-25,6721,153309,103628,96907
2008-02-27,6727,154043,103676,96949
2008-02-28,6734,154164,103685,96951
2008-02-29,6736,154180,103699,96963
2008-03-03,6736,154190,103709,96973
2008-03-04,6748,154229,103736,96988
2008-03-05,6755,154257,103757,97002
2008-03-06,6757,154280,103778,97021
2008-03-07,6757,154291,103789,97032
2008-03-10,6757,154304,103802,97045
2008-03-11,6758,154307,103804,97046
2008-03-12,6758,154314,103811,97053
2008-03-13,6760,154328,103821,97061
2008-03-14,6760,154330,103823,97063
2008-03-17,6760,154339,103832,97072
2008-03-18,6760,154343,103836,97076
2008-03-19,6763,154362,103852,97089
2008-03-20,6763,154371,103861,97098
2008-03-25,6763,154381,103871,97108
2008-03-26,6768,154423,103908,97140
2008-03-27,6768,154428,103913,97145
2008-03-28,6768,154432,103917,97149
2008-03-31,6768,154465,103950,97182
2008-04-01,6768,154480,103965,97197
2008-04-02,6768,154483,103968,97200
2008-04-03,6773,154507,103986,97213
2008-04-04,6777,154521,103996,97219
2008-04-08,6777,154537,104012,97235
2008-04-09,6779,154544,104017,97238
2008-04-10,6782,154578,104046,97264
2008-04-11,6783,154595,104062,97279
2008-04-14,6797,154688,104141,97344
2008-04-15,6798,154707,104158,97360
2008-04-16,6799,154733,104181,97382
2008-04-17,6800,154745,104192,97392
2008-04-18,6800,154752,104199,97399
2008-04-21,6800,154759,104206,97406
2008-04-22,6802,154774,104219,97417
2008-04-23,6802,154776,104221,97419
2008-04-24,6806,154813,104253,97447
2008-04-25,6806,154823,104263,97457
2008-04-28,6810,154852,104287,97477
2008-04-29,6812,154864,104296,97484
2008-04-30,6812,154874,104306,97494
2008-05-01,6812,154881,104313,97501
2008-05-02,6818,154929,104354,97536
2008-05-06,6823,154967,104386,97563
2008-05-07,6827,154994,104409,97582
2008-05-08,6831,155057,104442,97611
2008-05-09,6838,155094,104470,97632
2008-05-12,6843,155108,104477,97634
2008-05-13,6844,155116,104484,97640
2008-05-14,6848,155158,104521,97673
2008-05-15,6858,155364,104542,97684
2008-05-16,6858,155379,104557,97699
2008-05-19,6864,155424,104594,97730
2008-05-20,6864,155476,104646,97782
2008-05-21,6878,155541,104688,97810
2008-05-22,6881,155556,104696,97815
2008-05-23,6882,155568,104707,97825
2008-05-27,6882,155577,104716,97834
2008-05-28,6890,155607,104736,97846
2008-05-29,6894,155619,104744,97850
2008-05-30,6897,155693,104749,97852
2008-06-02,6897,155703,104759,97862
2008-06-03,6900,155723,104776,97876
2008-06-04,6902,155777,104828,97926
2008-06-05,6903,155836,104886,97983
2008-06-06,6906,155851,104895,97989
2008-06-09,6911,155871,104909,97998
2008-06-10,6912,155889,104924,98012
2008-06-11,6916,155920,104948,98032
2008-06-12,6920,155957,104973,98053
2008-06-13,6920,155970,104986,98066
2008-06-16,6921,155981,104990,98069
2008-06-17,6932,156032,105016,98084
2008-06-18,6933,156070,105052,98119
2008-06-19,6934,156088,105068,98134
2008-06-20,6934,156090,105070,98136
2008-06-23,6942,156118,105089,98147
2008-06-24,6947,156134,105100,98153
2008-06-25,6951,156148,105109,98158
2008-06-26,6951,156149,105110,98159
2008-06-27,6955,156170,105124,98169
2008-06-30,6964,156227,105147,98183
2008-07-01,6968,156301,105210,98242
2008-07-02,6968,156310,105219,98251
2008-07-03,6968,156334,105243,98275
2008-07-04,6968,156338,105247,98279
2008-07-07,6968,156342,105251,98283
2008-07-08,6979,156419,105296,98317
2008-07-09,6987,156469,105333,98346
2008-07-10,6992,156545,105394,98402
2008-07-11,6999,156582,105421,98422
2008-07-14,7000,156592,105430,98430
2008-07-15,7000,156615,105453,98453
2008-07-16,7010,156748,105575,98565
2008-07-17,7011,156790,105611,98600
2008-07-18,7011,156814,105635,98624
2008-07-21,7013,156859,105678,98665
2008-07-22,7019,156876,105689,98670
2008-07-23,7023,156915,105720,98697
2008-07-24,7026,156934,105734,98708
2008-07-25,7028,156945,105743,98715
2008-07-28,7029,156966,105763,98734
2008-07-29,7030,156987,105783,98753
2008-07-31,7030,156993,105789,98759
2008-08-05,7036,157032,105815,98779
2008-08-06,7041,157068,105846,98805
2008-08-07,7045,157096,105866,98821
2008-08-08,7050,157148,105913,98863
2008-08-11,7050,157165,105930,98880
2008-08-12,7056,157219,105978,98922
2008-08-13,7065,157282,106027,98962
2008-08-15,7065,157305,106050,98985
2008-08-18,7065,157325,106070,99005
2008-08-19,7065,157330,106075,99010
2008-08-20,7065,157336,106081,99016
2008-08-21,7066,157353,106097,99031
2008-08-22,7066,157368,106112,99046
2008-08-26,7066,157374,106118,99052
2008-08-27,7066,157383,106127,99061
2008-08-28,7067,157391,106129,99062
2008-08-29,7068,157457,106194,99126
2008-09-01,7068,157460,106197,99129
2008-09-02,7068,157551,106288,99220
2008-09-03,7068,157595,106332,99264
2008-09-04,7068,157597,106334,99266
2008-09-05,7068,157603,106340,99272
2008-09-08,7068,157621,106358,99290
2008-09-09,7068,157634,106371,99303
2008-09-10,7074,157689,106418,99344
2008-09-11,7077,157757,106430,99353
2008-09-12,7087,157851,106502,99415
2008-09-15,7091,157905,106550,99459
2008-09-16,7094,157923,106563,99469
2008-09-17,7094,159137,107777,100683
2008-09-18,7094,159172,107812,100718
2008-09-19,7112,159285,107870,100758
2008-09-22,7114,159323,107902,100788
2008-09-23,7129,159421,107960,100831
2008-09-24,7129,159436,107975,100846
2008-09-25,7137,159566,108088,100951
2008-09-26,7140,159641,108159,101019
2008-09-29,7148,159709,108214,101066
2008-09-30,7148,159719,108224,101076
2008-10-01,7173,159843,108282,101109
2008-10-02,7175,159869,108299,101124
2008-10-03,7179,159904,108330,101151
2008-10-06,7181,159933,108356,101175
2008-10-07,7184,159956,108375,101191
2008-10-08,7195,160098,108400,101205
2008-10-09,7195,160114,108416,101221
2008-10-10,7195,160120,108422,101227
2008-10-13,7201,160159,108448,101247
2008-10-14,7201,160206,108495,101294
2008-10-15,7208,160318,108557,101349
2008-10-16,7208,160343,108582,101374
2008-10-17,7212,160390,108608,101396
2008-10-20,7215,160415,108630,101415
2008-10-21,7219,160452,108663,101444
2008-10-22,7220,160576,108689,101469
2008-10-23,7223,160617,108722,101499
2008-10-24,7225,160627,108729,101504
2008-10-27,7225,160638,108740,101515
2008-10-28,7225,160657,108759,101534
2008-10-29,7225,160667,108769,101544
2008-10-30,7225,160706,108808,101583
2008-11-03,7225,160711,108813,101588
2008-11-04,7237,160785,108860,101623
2008-11-05,7242,160859,108921,101679
2008-11-06,7242,160887,108949,101707
2008-11-07,7243,160930,108991,101748
2008-11-10,7243,160965,109026,101783
2008-11-11,7247,160988,109045,101798
2008-11-12,7258,161068,109077,101819
2008-11-13,7265,161112,109087,101822
2008-11-14,7267,161698,109671,102404
2008-11-17,7270,161732,109702,102432
2008-11-18,7279,161858,109754,102475
2008-11-19,7290,161925,109810,102520
2008-11-20,7291,162080,109964,102673
2008-11-21,7293,162206,110088,102795
2008-11-24,7293,162217,110099,102806
2008-11-25,7295,162222,110101,102806
2008-11-26,7312,162299,110161,102849
2008-11-27,7314,162307,110167,102853
2008-11-28,7314,162309,110169,102855
2008-11-29,7314,162312,110172,102858
2008-12-01,7320,162365,110218,102898
2008-12-02,7345,162489,110286,102941
2008-12-03,7347,162510,110303,102956
2008-12-04,7353,162550,110337,102984
2008-12-05,7355,162663,110448,103093
2008-12-08,7356,162672,110456,103100
2008-12-09,7358,162696,110478,103120
2008-12-10,7358,162714,110496,103138
2008-12-11,7358,162716,110498,103140
2008-12-12,7358,162723,110505,103147
2008-12-15,7359,162763,110544,103185
2008-12-16,7360,162829,110609,103249
2008-12-18,7360,162830,110610,103250
2008-12-19,7424,163514,111002,103578
2009-01-05,7427,163574,111055,103628
2009-01-06,7429,163605,111084,103655
2009-01-07,7430,163632,111110,103680
2009-01-08,7434,163656,111130,103696
2009-01-09,7437,163686,111157,103720
2009-01-15,7443,163707,111171,103728
2009-01-16,7454,164050,111499,104045
2009-01-19,7454,164065,111514,104060
2009-01-20,7456,164077,111521,104065
2009-01-21,7457,164164,111522,104065
2009-01-22,7460,164350,111559,104099
2009-01-23,7497,164517,111619,104122
2009-01-26,7498,164524,111624,104126
2009-01-27,7502,164544,111638,104136
2009-01-28,7505,164595,111658,104153
2009-01-29,7508,164623,111683,104175
2009-01-30,7508,164626,111686,104178
2009-02-02,7508,164635,111695,104187
2009-02-03,7508,164645,111705,104197
2009-02-04,7509,164664,111721,104212
2009-02-05,7513,164680,111733,104220
2009-02-06,7513,164683,111736,104223
2009-02-09,7519,164717,111750,104231
2009-02-10,7519,164719,111752,104233
2009-02-11,7519,164723,111756,104237
2009-02-12,7519,164727,111760,104241
2009-02-13,7522,165066,111773,104251
2009-02-15,7522,165075,111782,104260
2009-02-16,7522,165089,111796,104274
2009-02-17,7523,165100,111806,104283
2009-02-18,7523,165130,111836,104313
2009-02-19,7524,165139,111843,104319
2009-02-23,7689,166277,112376,104687
2009-02-24,7691,166378,112473,104782
2009-02-25,7691,166416,112511,104820
2009-02-27,7691,166430,112525,104834
2009-03-02,7691,166437,112532,104841
2009-03-03,7693,166732,112714,105021
2009-03-04,7694,166753,112734,105040
2009-03-05,7695,166768,112740,105045
2009-03-06,7697,166782,112752,105055
2009-03-09,7697,166785,112755,105058
2009-03-10,7700,166808,112775,105075
2009-03-11,7704,166846,112803,105099
2009-03-12,7704,166861,112818,105114
2009-03-13,7706,166876,112825,105119
2009-03-16,7706,166882,112831,105125
2009-03-17,7708,166913,112860,105152
2009-03-18,7709,166943,112889,105180
2009-03-19,7712,166953,112894,105182
2009-03-20,7712,166968,112909,105197
2009-03-23,7712,167040,112981,105269
2009-03-24,7714,167127,113063,105349
2009-03-25,7716,167145,113079,105363
2009-03-26,7718,167162,113094,105376
2009-03-27,7718,167167,113099,105381
2009-03-30,7721,167227,113139,105418
2009-03-31,7723,167288,113198,105475
2009-04-01,7723,167370,113280,105557
2009-04-02,7727,167404,113310,105583
2009-04-06,7747,167468,113333,105586
2009-04-07,7748,167707,113348,105600
2009-04-08,7749,167835,113361,105612
2009-04-09,7749,167873,113399,105650
2009-04-14,7751,167896,113405,105654
2009-04-15,7757,167947,113437,105680
2009-04-16,7759,167976,113456,105697
2009-04-17,7759,168001,113481,105722
2009-04-20,7759,168016,113496,105737
2009-04-21,7760,168064,113508,105748
2009-04-22,7760,168068,113512,105752
2009-04-24,7760,168585,114029,106269
2009-04-28,7760,168596,114040,106280
2009-04-29,7762,168616,114058,106296
2009-05-01,7762,168619,114061,106299
2009-05-05,7762,168697,114139,106377
2009-05-06,7762,168702,114144,106382
2009-05-07,7766,168780,114176,106410
2009-05-08,7766,168788,114184,106418
2009-05-11,7768,168819,114210,106442
2009-05-12,7769,168830,114220,106451
2009-05-13,7770,168833,114222,106452
2009-05-14,7770,168844,114233,106463
2009-05-15,7771,168853,114241,106470
2009-05-18,7775,168869,114252,106477
2009-05-19,7775,168878,114261,106486
2009-05-20,7781,169705,115082,107301
2009-05-21,7781,169716,115093,107312
2009-05-22,7785,169741,115105,107320
2009-05-27,7785,171546,116910,109125
2009-05-28,7785,171572,116936,109151
2009-06-01,7789,171590,116950,109161
2009-06-02,7796,171626,116963,109167
2009-06-03,7796,171641,116978,109182
2009-06-04,7796,171655,116992,109196
2009-06-05,7796,172136,117473,109677
2009-06-08,7798,172177,117510,109712
2009-06-09,7802,172201,117529,109727
2009-06-10,7815,172242,117550,109735
2009-06-11,7823,172288,117569,109746
2009-06-12,7824,172298,117578,109754
2009-06-15,7824,172317,117597,109773
2009-06-16,7830,172346,117620,109790
2009-06-19,7838,172497,117633,109795
2009-06-22,7844,172570,117680,109836
2009-06-23,7851,172609,117708,109857
2009-06-24,7869,172754,117741,109872
2009-06-29,7871,172778,117760,109889
2009-06-30,7871,172803,117785,109914
2009-07-01,7871,172813,117795,109924
2009-07-02,7871,172822,117804,109933
2009-07-06,7871,172824,117806,109935
2009-07-07,7871,172835,117817,109946
2009-07-08,7871,172971,117953,110082
2009-07-09,7871,172973,117955,110084
2009-07-13,7881,173057,117978,110097
2009-07-14,7898,173181,118010,110112
2009-07-15,7908,173261,118042,110134
2009-07-16,7918,173343,118068,110150
2009-07-17,7919,173354,118078,110159
2009-07-20,7924,173379,118097,110173
2009-07-21,7924,173387,118105,110181
2009-07-22,7924,173429,118147,110223
2009-07-23,7925,173448,118165,110240
2009-07-24,7926,173456,118172,110246
2009-07-27,7926,173602,118318,110392
2009-07-28,7927,173672,118366,110439
2009-07-29,7935,173919,118380,110445
2009-07-31,7935,173922,118383,110448
2009-08-03,7938,173941,118397,110459
2009-08-04,7945,173983,118431,110486
2009-08-06,7946,174031,118477,110531
2009-08-07,7947,174055,118500,110553
2009-08-10,7947,174074,118519,110572
2009-08-11,7948,174102,118546,110598
2009-08-12,7948,174113,118557,110609
2009-08-13,7948,174117,118561,110613
2009-08-14,7955,174136,118572,110617
2009-08-17,7971,174219,118613,110642
2009-08-18,7971,178002,122396,114425
2009-08-19,7977,178066,122452,114475
2009-08-20,7979,178077,122460,114481
2009-08-24,7979,178086,122469,114490
2009-08-25,7979,178092,122475,114496
2009-08-26,7980,178118,122479,114499
2009-08-27,7980,178121,122482,114502
2009-08-28,7985,178143,122490,114505
2009-09-01,7986,178217,122563,114577
2009-09-02,7992,178293,122587,114595
2009-09-03,7994,178318,122608,114614
2009-09-04,7999,178368,122638,114639
2009-09-08,8004,178388,122651,114647
2009-09-09,8014,178437,122674,114660
2009-09-10,8014,178443,122680,114666
2009-09-11,8014,178444,122681,114667
2009-09-14,8014,178445,122682,114668
2009-09-15,8015,178447,122683,114668
2009-09-16,8023,178495,122714,114691
2009-09-18,8025,178514,122727,114702
2009-09-21,8025,178517,122730,114705
2009-09-22,8025,178520,122733,114708
2009-09-23,8025,178525,122738,114713
2009-09-24,8025,178539,122752,114727
2009-09-25,8025,178546,122759,114734
2009-09-28,8026,178557,122769,114743
2009-09-29,8026,178560,122772,114746
2009-09-30,8026,178561,122773,114747
2009-10-01,8027,178568,122779,114752
2009-10-02,8028,178577,122787,114759
2009-10-05,8032,178604,122810,114778
2009-10-06,8037,178619,122818,114781
2009-10-07,8037,178627,122826,114789
2009-10-08,8043,178669,122834,114791
2009-10-09,8047,178758,122841,114794
2009-10-12,8054,178773,122849,114795
2009-10-13,8066,178860,122876,114810
2009-10-14,8067,178937,122887,114820
2009-10-15,8067,178952,122902,114835
2009-10-16,8067,178977,122927,114860
2009-10-19,8067,178980,122930,114863
2009-10-20,8067,178984,122934,114867
2009-10-21,8067,178998,122948,114881
2009-10-22,8071,179045,122979,114908
2009-10-23,8071,179061,122995,114924
2009-10-26,8074,179072,123002,114928
2009-10-27,8076,179080,123004,114928
2009-10-28,8076,179089,123013,114937
2009-10-29,8076,179091,123015,114939
2009-11-02,8077,179111,123034,114957
2009-11-03,8078,179143,123049,114971
2009-11-04,8082,179191,123079,114997
2009-11-05,8083,179207,123093,115010
2009-11-06,8090,179370,123106,115016
2009-11-12,8093,179377,123110,115017
2009-11-13,8093,179393,123126,115033
2009-11-16,8094,179398,123127,115033
2009-11-17,8103,179501,123139,115036
2009-11-18,8120,179809,123171,115051
2009-11-20,8122,179820,123180,115058
2009-11-23,8122,179823,123183,115061
2009-11-24,8123,179834,123193,115070
2009-11-25,8126,179909,123265,115139
2009-11-26,8127,179929,123284,115157
2009-11-30,8128,179938,123292,115164
2009-12-01,8130,179967,123313,115183
2009-12-02,8134,180034,123332,115198
2009-12-03,8134,180061,123359,115225
2009-12-04,8135,180095,123383,115248
2009-12-07,8135,180100,123388,115253
2009-12-11,8135,180102,123390,115255
2009-12-14,8137,180127,123397,115260
2009-12-15,8142,180151,123410,115268
2009-12-16,8142,180158,123417,115275
2009-12-17,8143,180167,123425,115282
2009-12-18,8236,181747,123525,115289
2010-01-04,8237,181792,123537,115300
2010-01-05,8237,181799,123544,115307
2010-01-06,8240,181809,123551,115311
2010-01-07,8240,181822,123564,115324
2010-01-08,8240,181831,123573,115333
2010-01-11,8240,181853,123595,115355
2010-01-12,8241,181861,123599,115358
2010-01-13,8241,181873,123611,115370
2010-01-14,8241,181889,123627,115386
2010-01-15,8254,181948,123646,115392
2010-01-18,8264,182383,124049,115785
2010-01-19,8264,182388,124054,115790
2010-01-20,8271,182455,124078,115807
2010-01-21,8271,182460,124083,115812
2010-01-22,8271,182463,124086,115815
2010-01-25,8281,182496,124104,115823
2010-01-26,8283,182704,124310,116027
2010-01-27,8293,182861,124358,116065
2010-01-28,8497,185388,124638,116141
2010-01-29,8509,185453,124661,116152
2010-02-01,8512,185489,124691,116179
2010-02-02,8514,185596,124795,116281
2010-02-03,8514,185611,124810,116296
2010-02-04,8522,185659,124830,116308
2010-02-05,8527,185692,124854,116327
2010-02-09,8528,185695,124856,116328
2010-02-10,8529,185711,124871,116342
2010-02-11,8530,185735,124892,116362
2010-02-12,8533,185770,124922,116389
2010-02-15,8533,185772,124924,116391
2010-02-16,8539,185793,124939,116400
2010-02-18,8539,185799,124945,116406
2010-02-19,8539,185800,124946,116407
2010-02-22,8539,185804,124950,116411
2010-02-23,8543,185819,124960,116417
2010-02-24,8543,185887,125028,116485
2010-02-25,8544,185962,125102,116558
2010-02-26,8544,185973,125113,116569
2010-03-01,8561,186130,125159,116598
2010-03-02,8561,186145,125174,116613
2010-03-03,8586,186258,125214,116628
2010-03-04,8588,186269,125219,116631
2010-03-05,8588,186327,125277,116689
2010-03-08,8600,186416,125340,116740
2010-03-09,8614,186446,125356,116742
2010-03-10,8614,186457,125367,116753
2010-03-11,8818,187957,125613,116795
2010-03-12,8837,188174,125635,116798
2010-03-15,8838,188235,125695,116857
2010-03-16,8923,189036,125811,116888
2010-03-17,8925,189049,125822,116897
2010-03-18,8929,189086,125851,116922
2010-03-19,8929,189107,125872,116943
2010-03-22,8931,189194,125932,117001
2010-03-23,8931,189378,126116,117185
2010-03-24,8931,189413,126151,117220
2010-03-25,8933,189432,126168,117235
2010-03-26,8934,189456,126191,117257
2010-03-29,8935,189494,126201,117266
2010-03-30,8939,189562,126256,117317
2010-04-06,8954,189654,126289,117335
2010-04-07,8965,189797,126315,117350
2010-04-08,8973,189850,126333,117360
2010-04-09,8981,189890,126356,117375
2010-04-12,8988,189983,126442,117454
2010-04-13,8989,190039,126444,117455
2010-04-14,8990,190045,126447,117457
2010-04-15,8992,190091,126490,117498
2010-04-16,9010,190189,126516,117506
2010-04-19,9015,190205,126527,117512
2010-04-20,9021,190255,126549,117528
2010-04-21,9021,190267,126561,117540
2010-04-22,9021,190278,126572,117551
2010-04-23,9021,190291,126585,117564
2010-04-26,9021,190293,126587,117566
2010-04-27,9026,190327,126609,117583
2010-04-28,9030,190383,126628,117598
2010-04-29,9115,190899,126735,117620
2010-04-30,9116,190910,126737,117621
2010-05-04,9125,190985,126792,117667
2010-05-05,9135,191125,126918,117783
2010-05-06,9135,191133,126926,117791
2010-05-07,9139,191149,126938,117799
2010-05-10,9141,191182,126969,117828
2010-05-11,9141,191186,126973,117832
2010-05-12,9144,191251,126983,117839
2010-05-13,9149,191296,127001,117852
2010-05-14,9154,191334,127031,117877
2010-05-17,9182,191486,127063,117881
2010-05-18,9183,191493,127069,117886
2010-05-19,9186,191505,127072,117886
2010-05-20,9187,191514,127079,117892
2010-05-21,9188,191517,127081,117893
2010-05-24,9203,191568,127109,117906
2010-05-25,9210,191646,127145,117935
2010-05-26,9212,191683,127180,117968
2010-05-27,9215,191699,127188,117973
2010-05-28,9215,192659,128148,118933
2010-06-01,9217,192668,128155,118938
2010-06-02,9219,192797,128250,119031
2010-06-03,9221,193040,128257,119036
2010-06-07,9227,193149,128271,119044
2010-06-08,9230,193218,128278,119048
2010-06-09,9231,193282,128279,119048
2010-06-10,9231,193290,128287,119056
2010-06-14,9232,193328,128291,119059
2010-06-15,9236,193350,128309,119073
2010-06-16,9241,193486,128322,119081
2010-06-17,9244,198028,132784,123540
2010-06-18,9247,202102,136848,127601
2010-06-21,9254,202491,136860,127606
2010-06-22,9254,202503,136872,127618
2010-06-23,9254,202508,136877,127623
2010-06-25,9258,202519,136884,127626
2010-06-28,9261,202905,136887,127626
2010-07-05,9261,202906,136888,127627
2010-07-06,9376,206351,137009,127633
2010-07-07,9378,206363,137016,127638
2010-07-12,9378,206364,137017,127639
2010-07-14,9389,207156,137028,127639
2010-07-15,9391,207183,137050,127659
2010-07-16,9395,207205,137068,127673
2010-07-19,9397,207243,137091,127694
2010-07-20,9573,207713,137348,127775
2010-07-21,9575,207725,137358,127783
2010-07-22,9575,207732,137365,127790
2010-07-23,9576,207753,137367,127791
2010-07-26,9578,207766,137378,127800
2010-07-27,9583,207789,137389,127806
2010-07-28,9589,207811,137402,127813
2010-07-29,9591,207821,137410,127819
2010-07-30,9593,208009,137431,127838
2010-08-02,9593,208023,137445,127852
2010-08-03,9598,208076,137455,127857
2010-08-05,9598,208083,137462,127864
2010-08-06,9599,208094,137471,127872
2010-08-09,9609,208245,137517,127908
2010-08-10,9609,208253,137525,127916
2010-08-11,9610,208262,137532,127922
2010-08-12,9611,208367,137537,127926
2010-08-13,9616,208397,137544,127928
2010-08-16,9617,208406,137546,127929
2010-08-17,9617,208413,137553,127936
2010-08-18,9619,208431,137569,127950
2010-08-19,9619,208433,137571,127952
2010-08-23,9623,208455,137577,127954
2010-08-24,9623,208469,137591,127968
2010-08-25,9623,208473,137595,127972
2010-08-26,9624,208481,137602,127978
2010-08-27,9624,208498,137619,127995
2010-08-30,9624,208504,137625,128001
2010-08-31,9625,208513,137632,128007
2010-09-01,9631,208554,137658,128027
2010-09-02,9634,208573,137673,128039
2010-09-03,9640,208616,137689,128049
2010-09-06,9641,208628,137700,128059
2010-09-07,9661,209472,138439,128778
2010-09-08,9663,209544,138509,128846
2010-09-09,9667,209567,138528,128861
2010-09-10,9678,209655,138546,128868
2010-09-13,9680,209732,138551,128871
2010-09-14,9680,209753,138572,128892
2010-09-15,9682,209770,138587,128905
2010-09-16,9693,209818,138602,128909
2010-09-17,9693,209825,138609,128916
2010-09-19,9693,209827,138611,128918
2010-09-20,9693,209830,138614,128921
2010-09-21,9694,209835,138618,128924
2010-09-22,9695,209844,138623,128928
2010-09-23,9696,209854,138632,128936
2010-09-24,9697,209863,138640,128943
2010-09-27,9697,209865,138642,128945
2010-09-29,9698,209871,138647,128949
2010-09-30,9699,209879,138653,128954
2010-10-01,9699,209883,138657,128958
2010-10-04,9707,209919,138676,128969
2010-10-05,9712,209956,138688,128976
2010-10-06,9713,209989,138690,128977
2010-10-07,9713,210001,138702,128989
2010-10-12,9717,210225,138744,129027
2010-10-13,9721,210241,138754,129033
2010-10-14,9721,210246,138759,129038
2010-10-15,9726,210273,138775,129049
2010-10-18,9733,210314,138804,129071
2010-10-19,9737,210529,139014,129277
2010-10-20,9737,210533,139018,129281
2010-10-21,9738,210539,139022,129284
2010-10-25,9739,210541,139023,129284
2010-10-26,9746,210560,139035,129289
2010-10-27,9747,210620,139093,129346
2010-10-28,9747,210666,139139,129392
2010-10-29,9747,210667,139140,129393
2010-10-30,9747,210668,139141,129394
2010-11-01,9749,210674,139145,129396
2010-11-02,9750,210696,139165,129415
2010-11-03,9752,210705,139168,129416
2010-11-04,9754,210737,139196,129442
2010-11-08,9757,210759,139213,129456
2010-11-09,9767,210888,139251,129484
2010-11-10,9771,210922,139270,129499
2010-11-11,9775,210933,139275,129500
2010-11-12,9775,210936,139278,129503
2010-11-14,9775,210939,139281,129506
2010-11-15,9776,210944,139285,129509
2010-11-16,9778,210956,139295,129517
2010-11-17,9778,210966,139305,129527
2010-11-18,9778,210970,139309,129531
2010-11-23,9782,210984,139318,129536
2010-11-24,9782,210987,139321,129539
2010-11-25,9782,210997,139331,129549
2010-11-26,9785,211016,139344,129559
2010-11-29,9785,211326,139654,129869
2010-11-30,9808,213588,139677,129869
2010-12-01,9815,213807,139684,129869
2010-12-03,9816,213815,139689,129873
2010-12-06,9822,213859,139726,129904
2010-12-07,9822,213929,139796,129974
2010-12-08,9824,213955,139820,129996
2010-12-09,9889,214773,139895,130006
2010-12-10,9889,214775,139897,130008
2010-12-14,9889,214776,139898,130009
2010-12-15,9890,214780,139899,130009
2010-12-16,9895,215040,140150,130255
2010-12-17,9900,215059,140159,130259
2010-12-18,9900,215060,140160,130260
2010-12-20,9900,215062,140162,130262
2010-12-21,9900,215063,140163,130263
2010-12-22,9900,215066,140166,130266
2010-12-24,9900,215068,140168,130268
2010-12-31,9900,215069,140169,130269
2011-01-04,9909,215221,140185,130276
2011-01-05,9909,215229,140193,130284
2011-01-06,9911,215269,140225,130314
2011-01-07,9919,215307,140240,130321
2011-01-10,9921,215328,140258,130337
2011-01-11,9921,215339,140269,130348
2011-01-12,9924,215998,140920,130996
2011-01-13,9924,215999,140921,130997
2011-01-17,9924,216010,140932,131008
2011-01-18,9924,216013,140935,131011
2011-01-19,9925,216020,140941,131016
2011-01-21,9925,216030,140951,131026
2011-01-24,9926,216038,140956,131030
2011-01-25,9937,216174,140972,131035
2011-01-26,9940,216196,140985,131045
2011-01-27,9942,216215,141002,131060
2011-01-28,9942,216220,141007,131065
2011-01-31,9942,216224,141011,131069
2011-02-01,9944,216244,141027,131083
2011-02-03,9948,216349,141033,131085
2011-02-04,9950,216378,141057,131107
2011-02-07,9966,216458,141090,131124
2011-02-08,9969,216505,141133,131164
2011-02-09,9971,216533,141157,131186
2011-02-10,9975,216557,141176,131201
2011-02-11,9975,216570,141189,131214
2011-02-14,9977,216828,141224,131247
2011-02-15,9992,217141,141246,131254
2011-02-16,9993,217144,141248,131255
2011-02-18,9994,217407,141250,131256
2011-02-28,9999,217462,141276,131277
2011-03-01,10020,217647,141346,131326
2011-03-02,10035,217733,141413,131378
2011-03-03,10038,217785,141452,131414
2011-03-04,10040,217795,141458,131418
2011-03-07,10040,217799,141462,131422
2011-03-08,10040,217820,141483,131443
2011-03-09,10040,217852,141515,131475
2011-03-10,10041,227516,151169,141128
2011-03-11,10041,236483,160136,150095
2011-03-12,10041,240187,163840,153799
2011-03-14,10047,240221,163858,153811
2011-03-15,10069,240316,163910,153841
2011-03-16,10071,240329,163920,153849
2011-03-17,10071,240334,163925,153854
2011-03-18,10076,240359,163937,153861
2011-03-21,10077,240383,163958,153881
2011-03-22,10084,240448,164016,153932
2011-03-23,10084,240466,164034,153950
2011-03-24,10087,240502,164066,153979
2011-03-25,10087,240530,164094,154007
2011-03-28,10087,240574,164138,154051
2011-03-29,10089,240631,164184,154095
2011-03-30,10089,240644,164197,154108
2011-03-31,10105,240752,164253,154148
2011-04-01,10111,240795,164278,154167
2011-04-04,10116,240947,164420,154304
2011-04-05,10128,241019,164464,154336
2011-04-06,10129,241031,164475,154346
2011-04-07,10135,241108,164488,154353
2011-04-08,10139,241186,164530,154391
2011-04-11,10149,241237,164552,154403
2011-04-12,10149,241253,164568,154419
2011-04-13,10154,241303,164604,154450
2011-04-14,10154,241306,164607,154453
2011-04-15,10154,241317,164618,154464
2011-04-18,10154,241318,164619,154465
2011-04-19,10155,241345,164645,154490
2011-04-20,10155,241359,164659,154504
2011-04-21,10155,241368,164668,154513
2011-04-22,10156,241376,164675,154519
2011-04-26,10161,241400,164687,154526
2011-04-27,10171,241482,164740,154569
2011-04-28,10173,241495,164751,154578
2011-04-29,10173,241500,164756,154583
2011-05-02,10174,241512,164765,154591
2011-05-03,10177,241530,164780,154603
2011-05-04,10183,241696,164813,154630
2011-05-05,10191,241832,164848,154657
2011-05-06,10198,241863,164870,154672
2011-05-09,10201,241883,164887,154686
2011-05-10,10201,241931,164935,154734
2011-05-11,10201,241955,164959,154758
2011-05-12,10201,241969,164973,154772
2011-05-13,10207,242025,164982,154775
2011-05-16,10212,242090,165020,154808
2011-05-17,10240,242226,165066,154826
2011-05-18,10243,245773,168609,158366
2011-05-19,10248,245921,168722,158474
2011-05-20,10253,245964,168732,158479
2011-05-23,10295,246580,169306,159011
2011-05-24,10302,246774,169334,159032
2011-05-25,10309,246932,169438,159129
2011-05-26,10344,247124,169555,159211
2011-05-27,10352,247186,169589,159237
2011-05-30,10352,247217,169620,159268
2011-05-31,10364,247287,169664,159300
2011-06-01,10365,247309,169684,159319
2011-06-02,10367,247315,169688,159321
2011-06-03,10368,247327,169695,159327
2011-06-06,10369,247336,169702,159333
2011-06-07,10370,247503,169868,159498
2011-06-08,10370,247507,169872,159502
2011-06-09,10373,247937,169878,159505
2011-06-10,10376,247949,169887,159511
2011-06-13,10376,247960,169898,159522
2011-06-14,10378,248056,169990,159612
2011-06-15,10386,248093,170017,159631
2011-06-16,10401,248289,170048,159647
2011-06-17,10415,249124,170089,159674
2011-06-20,10421,249177,170127,159706
2011-06-21,10421,249199,170149,159728
2011-06-22,10423,249244,170192,159769
2011-06-23,10428,249563,170204,159776
2011-06-24,10434,249606,170233,159799
2011-06-27,10454,249715,170263,159809
2011-06-28,10457,249743,170285,159828
2011-06-30,10457,249746,170288,159831
2011-07-04,10457,249747,170289,159832
2011-07-06,10457,249749,170291,159834
2011-07-07,10457,249751,170293,159836
2011-07-08,10457,249762,170304,159847
2011-07-11,10463,249810,170345,159882
2011-07-12,10463,249814,170349,159886
2011-07-13,10464,249822,170356,159892
2011-07-14,10466,249854,170386,159920
2011-07-15,10468,249904,170434,159966
2011-07-18,10482,250025,170535,160053
2011-07-19,10483,250058,170567,160084
2011-07-20,10483,250326,170835,160352
2011-07-21,10485,250330,170837,160352
2011-07-22,10489,250345,170848,160359
2011-07-25,10491,250391,170892,160401
2011-07-26,10492,250414,170914,160422
2011-07-27,10497,250463,170927,160430
2011-07-28,10504,250577,171024,160520
2011-07-29,10504,250578,171025,160521
2011-08-01,10505,250679,171122,160617
2011-08-02,10511,250769,171160,160649
2011-08-03,10518,250836,171199,160681
2011-08-04,10529,251065,171219,160690
2011-08-05,10529,251085,171239,160710
2011-08-08,10549,251267,171280,160731
2011-08-09,10550,251308,171320,160770
2011-08-10,10561,251382,171367,160806
2011-08-11,10564,251401,171383,160819
2011-08-12,10565,251406,171387,160822
2011-08-15,10572,251449,171409,160837
2011-08-16,10573,251473,171432,160859
2011-08-17,10574,251496,171449,160875
2011-08-18,10580,251513,171460,160880
2011-08-19,10586,251534,171469,160883
2011-08-22,10586,251548,171483,160897
2011-08-23,10621,251759,171548,160927
2011-08-24,10633,251814,171591,160958
2011-08-25,10697,255232,171662,160965
2011-08-26,10718,255307,171716,160998
2011-08-30,10718,255309,171718,161000
2011-08-31,10730,255380,171770,161040
2011-09-01,10733,255504,171807,161074
2011-09-02,10733,255521,171824,161091
2011-09-05,10733,255526,171829,161096
2011-09-06,10735,255627,171925,161190
2011-09-07,10739,255655,171949,161210
2011-09-08,10739,255676,171970,161231
2011-09-09,10739,255678,171972,161233
2011-09-11,10739,255679,171973,161234
2011-09-12,10752,255730,172011,161259
2011-09-13,10759,255762,172035,161276
2011-09-14,10767,256736,172049,161282
2011-09-15,10773,256770,172074,161301
2011-09-16,10773,256789,172093,161320
2011-09-18,10774,256801,172100,161326
2011-09-19,10779,256840,172125,161346
2011-09-20,10784,256883,172160,161376
2011-09-21,10796,257117,172269,161473
2011-09-22,10799,257345,172343,161544
2011-09-23,10806,257374,172365,161559
2011-09-25,10806,257376,172367,161561
2011-09-26,10810,257411,172394,161584
2011-09-27,10810,257453,172436,161626
2011-09-28,10810,257472,172455,161645
2011-09-29,10810,257481,172464,161654
2011-09-30,10818,257690,172487,161669
2011-10-03,10818,257702,172499,161681
2011-10-04,10827,257743,172531,161704
2011-10-05,10831,257781,172561,161730
2011-10-06,10831,257787,172567,161736
2011-10-07,10836,257815,172589,161753
2011-10-10,10841,257948,172717,161876
2011-10-11,10842,257956,172724,161882
2011-10-12,10843,257978,172745,161902
2011-10-13,10844,257995,172761,161917
2011-10-14,10845,264506,179271,168426
2011-10-17,10848,264526,179285,168437
2011-10-18,10849,264567,179325,168476
2011-10-19,10867,264667,179391,168524
2011-10-20,10874,264733,179430,168556
2011-10-24,10877,264769,179463,168586
2011-10-25,10880,264812,179503,168623
2011-10-26,10884,264853,179540,168656
2011-10-27,10893,264892,179568,168675
2011-10-31,10909,265030,179641,168732
2011-11-01,10909,265053,179664,168755
2011-11-02,10910,265064,179674,168764
2011-11-03,10913,265101,179708,168795
2011-11-04,10916,265118,179721,168805
2011-11-07,10919,265145,179745,168826
2011-11-08,10925,266028,180621,169696
2011-11-09,10925,266055,180648,169723
2011-11-10,10937,266101,180682,169745
2011-11-11,10944,266127,180701,169757
2011-11-14,10944,266156,180730,169786
2011-11-15,10945,266178,180751,169806
2011-11-16,10946,266202,180774,169828
2011-11-17,10948,266219,180789,169841
2011-11-18,10950,266244,180811,169861
2011-11-21,10953,266262,180826,169873
2011-11-22,10954,266292,180854,169900
2011-11-23,10961,266447,180991,170030
2011-11-24,10970,266501,181036,170066
2011-11-25,10975,266544,181064,170089
2011-11-28,10984,266664,181112,170128
2011-11-29,10990,266706,181143,170153
2011-11-30,10990,266759,181196,170206
2011-12-01,10990,266795,181232,170242
2011-12-02,10990,266813,181250,170260
2011-12-05,10992,266830,181265,170273
2011-12-07,10997,266859,181289,170292
2011-12-08,10998,266894,181294,170296
2011-12-09,10999,266912,181311,170312
2011-12-12,11000,266951,181349,170349
2011-12-13,11000,266958,181356,170356
2011-12-14,11001,267017,181414,170413
2011-12-15,11001,267227,181624,170623
2011-12-16,11001,267229,181626,170625
2011-12-19,11002,267245,181639,170637
2011-12-20,11002,267323,181717,170715
2012-01-03,11002,267332,181726,170724
2012-01-04,11008,267368,181746,170738
2012-01-06,11009,267373,181750,170741
2012-01-08,11012,267390,181764,170752
2012-01-09,11016,267413,181773,170757
2012-01-10,11016,267415,181775,170759
2012-01-11,11016,267420,181780,170764
2012-01-12,11019,267509,181803,170784
2012-01-13,11019,267527,181821,170802
2012-01-16,11023,267554,181844,170821
2012-01-17,11023,267557,181847,170824
2012-01-18,11025,267580,181866,170841
2012-01-19,11025,267583,181869,170844
2012-01-20,11028,267626,181874,170846
2012-01-23,11028,267638,181886,170858
2012-01-24,11028,267676,181924,170896
2012-01-25,11031,267716,181958,170927
2012-01-26,11032,267786,182027,170995
2012-01-27,11038,267857,182084,171046
2012-01-30,11043,267880,182100,171057
2012-01-31,11049,267923,182137,171088
2012-02-01,11050,267926,182139,171089
2012-02-02,11050,267934,182147,171097
2012-02-03,11055,267965,182171,171116
2012-02-06,11055,267992,182198,171143
2012-02-07,11055,268016,182222,171167
2012-02-08,11125,277079,182306,171181
2012-02-09,11126,277091,182316,171190
2012-02-10,11162,277208,182377,171215
2012-02-13,11170,277259,182418,171248
2012-02-14,11172,277280,182437,171265
2012-02-15,11178,277474,182469,171291
2012-02-16,11186,277577,182553,171367
2012-02-17,11186,277752,182728,171542
2012-02-20,11187,277754,182729,171542
2012-02-21,11187,277769,182744,171557
2012-02-22,11188,277794,182768,171580
2012-02-23,11197,277846,182804,171607
2012-02-24,11198,277854,182808,171610
2012-02-26,11198,277856,182810,171612
2012-02-27,11199,277884,182837,171638
2012-02-28,11202,277932,182867,171665
2012-02-29,11219,279143,183752,172533
2012-03-01,11224,279176,183774,172550
2012-03-02,11225,279185,183775,172550
2012-03-06,11229,279336,183814,172585
2012-03-07,11230,279384,183861,172631
2012-03-08,11233,279521,183993,172760
2012-03-09,11233,279544,184016,172783
2012-03-12,11233,279548,184020,172787
2012-03-13,11233,279557,184029,172796
2012-03-14,11234,279568,184039,172805
2012-03-15,11234,279570,184041,172807
2012-03-16,11235,279591,184061,172826
2012-03-18,11238,279686,184064,172826
2012-03-19,11238,279692,184070,172832
2012-03-20,11238,279696,184074,172836
2012-03-21,11239,279702,184079,172840
2012-03-22,11240,279737,184113,172873
2012-03-27,11241,279755,184130,172889
2012-03-28,11301,279975,184234,172933
2012-03-29,11304,280075,184326,173022
2012-03-30,11312,280144,184366,173054
2012-04-02,11312,280151,184373,173061
2012-04-03,11315,280170,184389,173074
2012-04-04,11317,280185,184402,173085
2012-04-05,11318,280189,184405,173087
2012-04-09,11320,280196,184410,173090
2012-04-10,11328,280234,184427,173099
2012-04-11,11342,280294,184448,173106
2012-04-12,11342,280295,184449,173107
2012-04-13,11342,280314,184468,173126
2012-04-16,11345,280374,184508,173163
2012-04-17,11345,280381,184515,173170
2012-04-18,11347,280412,184533,173186
2012-04-19,11347,280416,184537,173190
2012-04-20,11348,280427,184538,173190
2012-04-23,11355,280635,184553,173198
2012-04-24,11363,280732,184616,173253
2012-04-25,11389,280870,184666,173277
2012-04-26,11424,281051,184716,173292
2012-04-27,11428,281092,184752,173324
2012-04-30,11442,281170,184813,173371
2012-05-01,11444,281176,184817,173373
2012-05-02,11448,281204,184826,173378
2012-05-03,11499,281707,184890,173391
2012-05-04,11516,282284,184932,173416
2012-05-07,11516,282289,184937,173421
2012-05-08,11518,282340,184976,173458
2012-05-09,11522,282487,185118,173596
2012-05-10,11528,282520,185145,173617
2012-05-11,11528,282537,185162,173634
2012-05-14,11528,282541,185166,173638
2012-05-15,11544,282607,185195,173651
2012-05-16,11548,282640,185210,173662
2012-05-17,11556,282667,185229,173673
2012-05-18,11559,282684,185241,173682
2012-05-21,11559,282694,185251,173692
2012-05-22,11560,282705,185260,173700
2012-05-23,11562,282803,185272,173710
2012-05-24,11562,282809,185278,173716
2012-05-28,11566,283056,185299,173733
2012-05-29,11566,283068,185311,173745
2012-05-30,11568,283096,185337,173769
2012-05-31,11570,283105,185344,173774
2012-06-01,11570,283119,185358,173788
2012-06-04,11570,283120,185359,173789
2012-06-05,11571,283129,185363,173792
2012-06-06,11573,283182,185414,173841
2012-06-07,11575,283198,185428,173853
2012-06-08,11580,283234,185447,173867
2012-06-11,11580,283429,185642,174062
2012-06-12,11586,283446,185650,174064
2012-06-13,11596,283492,185660,174064
2012-06-14,11600,283527,185670,174070
2012-06-15,11676,285240,185750,174074
2012-06-18,11677,285253,185760,174083
2012-06-19,11678,285258,185764,174086
2012-06-20,11679,285264,185766,174087
2012-06-21,11680,285279,185780,174100
2012-06-22,11689,285341,185831,174142
2012-06-25,11703,285393,185853,174150
2012-06-26,11717,285459,185877,174160
2012-06-27,11742,285540,185904,174162
2012-06-28,11744,285546,185908,174164
2012-06-29,11746,285550,185910,174164
2012-07-02,11754,285588,185937,174183
2012-07-03,11761,285614,185954,174193
2012-07-04,11763,285633,185971,174208
2012-07-05,11770,285703,186009,174239
2012-07-06,11770,285723,186029,174259
2012-07-09,11824,286827,186198,174374
2012-07-10,11824,286834,186205,174381
2012-07-11,11833,288713,186227,174394
2012-07-12,11834,288726,186237,174403
2012-07-13,11836,288739,186245,174409
2012-07-16,11838,288753,186257,174419
2012-07-17,11839,288755,186258,174419
2012-07-18,11840,288764,186266,174426
2012-07-19,11842,288795,186293,174451
2012-07-20,11843,288896,186298,174455
2012-07-22,11843,288899,186301,174458
2012-07-23,11846,288971,186368,174522
2012-07-24,11862,289045,186407,174545
2012-07-25,11877,289153,186491,174614
2012-07-26,11915,289684,186555,174640
2012-07-27,11920,289699,186562,174642
2012-07-29,11920,289704,186567,174647
2012-07-30,11924,289735,186584,174660
2012-07-31,11935,289805,186630,174695
2012-08-01,11941,290470,186645,174704
2012-08-02,11948,290637,186688,174740
2012-08-03,11952,290675,186704,174752
2012-08-06,11960,291341,186772,174812
2012-08-07,11962,291357,186786,174824
2012-08-08,11962,291358,186787,174825
2012-08-09,11962,291405,186834,174872
2012-08-13,11962,291408,186837,174875
2012-08-14,11963,291473,186900,174937
2012-08-15,11973,292103,186944,174971
2012-08-16,11973,292111,186952,174979
2012-08-17,11978,292133,186965,174987
2012-08-20,11979,292225,187000,175021
2012-08-21,11982,292344,187009,175027
2012-08-22,11986,292381,187042,175056
2012-08-23,11986,292404,187065,175079
2012-08-24,11993,292434,187086,175093
2012-08-27,11993,292445,187097,175104
2012-08-28,11993,292452,187104,175111
2012-08-29,11998,292500,187134,175136
2012-08-30,11998,292503,187137,175139
2012-08-31,12005,293122,187168,175163
2012-09-02,12005,293126,187172,175167
2012-09-04,12005,293127,187173,175168
2012-09-05,12008,293139,187182,175174
2012-09-06,12009,293143,187185,175176
2012-09-07,12013,293176,187214,175201
2012-09-10,12014,293187,187224,175210
2012-09-11,12019,293212,187242,175223
2012-09-12,12019,293215,187245,175226
2012-09-13,12019,293217,187247,175228
2012-09-14,12021,293258,187274,175253
2012-09-17,12021,293259,187275,175254
2012-09-18,12028,293332,187334,175306
2012-09-19,12034,293365,187355,175321
2012-09-20,12035,293412,187399,175364
2012-09-21,12042,293464,187438,175396
2012-09-23,12042,293467,187441,175399
2012-09-24,12048,293506,187474,175426
2012-09-25,12049,293522,187489,175440
2012-09-26,12050,293576,187542,175492
2012-09-27,12054,293602,187562,175508
2012-09-28,12054,293610,187570,175516
2012-10-01,12054,293613,187573,175519
2012-10-02,12054,293622,187582,175528
2012-10-03,12055,293647,187605,175550
2012-10-04,12055,293657,187615,175560
2012-10-05,12057,293665,187619,175562
2012-10-07,12059,293674,187622,175563
2012-10-08,12059,293685,187633,175574
2012-10-09,12060,293707,187654,175594
2012-10-10,12060,296910,190857,178797
2012-10-11,12061,296918,190864,178803
2012-10-12,12061,296929,190875,178814
2012-10-15,12063,296962,190903,178840
2012-10-16,12067,296990,190912,178845
2012-10-17,12068,297016,190934,178866
2012-10-18,12068,297017,190935,178867
2012-10-19,12068,297023,190941,178873
2012-10-22,12068,297041,190959,178891
2012-10-23,12078,297121,191029,178951
2012-10-24,12079,297130,191037,178958
2012-10-25,12079,297180,191087,179008
2012-10-26,12079,297196,191103,179024
2012-10-29,12086,297277,191175,179089
2012-10-30,12087,297298,191193,179106
2012-10-31,12092,297326,191213,179121
2012-11-01,12092,297330,191217,179125
2012-11-02,12169,298074,191327,179158
2012-11-05,12169,298080,191333,179164
2012-11-06,12174,298107,191349,179175
2012-11-08,12174,298109,191351,179177
2012-11-09,12174,298110,191352,179178
2012-11-12,12175,298150,191360,179185
2012-11-13,12183,298249,191435,179252
2012-11-14,12183,298260,191446,179263
2012-11-15,12197,298321,191484,179287
2012-11-16,12200,298431,191570,179370
2012-11-19,12217,298544,191602,179385
2012-11-20,12235,298624,191658,179423
2012-11-21,12240,298717,191741,179501
2012-11-22,12249,298764,191774,179525
2012-11-23,12250,298779,191788,179538
2012-11-26,12250,298783,191792,179542
2012-11-27,12256,298843,191846,179590
2012-11-28,12257,298854,191856,179599
2012-11-29,12257,298868,191870,179613
2012-11-30,12363,300542,193326,180963
2012-12-03,12368,300586,193358,180990
2012-12-04,12372,301073,193841,181469
2012-12-05,12377,301107,193867,181490
2012-12-06,12386,301149,193891,181505
2012-12-10,12389,301186,193925,181536
2012-12-11,12389,301363,194102,181713
2012-12-12,12390,301430,194121,181731
2012-12-13,12397,301458,194130,181733
2012-12-14,12399,302306,194976,182577
2012-12-17,12406,302340,194997,182591
2012-12-18,12414,302404,195033,182619
2012-12-19,12424,302446,195057,182633
2012-12-20,12428,302476,195073,182645
2012-12-21,12429,302502,195089,182660
2012-12-24,12453,302597,195118,182665
2012-12-27,12453,302598,195119,182666
2013-01-02,12477,302710,195207,182730
2013-01-04,12477,302713,195210,182733
2013-01-07,12480,302727,195219,182739
2013-01-08,12486,302760,195242,182756
2013-01-09,12486,303041,195523,183037
2013-01-10,12487,303059,195540,183053
2013-01-11,12495,303116,195578,183083
2013-01-14,12496,303131,195583,183087
2013-01-15,12497,303157,195608,183111
2013-01-16,12499,303177,195624,183125
2013-01-17,12499,303182,195629,183130
2013-01-18,12501,303204,195649,183148
2013-01-20,12501,303205,195650,183149
2013-01-21,12501,303213,195658,183157
2013-01-22,12501,303224,195669,183168
2013-01-23,12501,303242,195687,183186
2013-01-24,12504,303282,195712,183208
2013-01-25,12505,303294,195722,183217
2013-01-28,12505,303305,195733,183228
2013-01-29,12505,303320,195748,183243
2013-01-30,12510,303375,195792,183282
2013-01-31,12510,303385,195802,183292
2013-02-01,12513,303424,195809,183296
2013-02-03,12513,303425,195810,183297
2013-02-04,12521,303470,195834,183313
2013-02-05,12523,303491,195853,183330
2013-02-06,12523,303505,195867,183344
2013-02-07,12523,303541,195903,183380
2013-02-08,12528,303574,195931,183403
2013-02-11,12537,303633,195966,183429
2013-02-12,12537,303650,195983,183446
2013-02-13,12542,303710,196038,183496
2013-02-14,12545,303779,196081,183536
2013-02-15,12546,303833,196099,183553
2013-02-17,12546,303834,196100,183554
2013-02-18,12548,303839,196103,183555
2013-02-19,12553,303875,196134,183581
2013-02-20,12558,305058,197297,184739
2013-02-21,12560,305074,197311,184751
2013-02-22,12568,305131,197344,184776
2013-02-25,12581,305440,197401,184820
2013-02-26,12587,305468,197415,184828
2013-02-27,12587,305478,197425,184838
2013-02-28,12595,305515,197454,184859
2013-03-01,12598,305523,197459,184861
2013-03-04,12601,305557,197465,184864
2013-03-05,12603,305593,197499,184896
2013-03-06,12603,305627,197533,184930
2013-03-07,12621,305694,197571,184950
2013-03-08,12623,305704,197578,184955
2013-03-11,12633,306070,197608,184975
2013-03-12,12638,306112,197643,185005
2013-03-13,12644,306144,197669,185025
2013-03-14,12651,306160,197678,185027
2013-03-15,12651,306161,197679,185028
2013-03-18,12652,306171,197687,185035
2013-03-19,12652,306172,197688,185036
2013-03-21,12654,306180,197694,185040
2013-03-22,12654,306198,197712,185058
2013-03-25,12654,306209,197723,185069
2013-03-26,12667,306306,197764,185097
2013-03-27,12674,306896,198343,185669
2013-03-28,12674,306902,198349,185675
2013-04-02,12675,306913,198359,185684
2013-04-03,12699,307412,198471,185772
2013-04-04,12700,307521,198579,185879
2013-04-05,12709,307565,198614,185905
2013-04-08,12711,307571,198618,185907
2013-04-10,12712,307579,198625,185913
2013-04-11,12712,307588,198634,185922
2013-04-12,12712,307589,198635,185923
2013-04-15,12712,307591,198637,185925
2013-04-17,12712,307604,198650,185938
2013-04-19,12715,307611,198653,185938
2013-04-22,12721,307640,198675,185954
2013-04-23,12725,307672,198701,185976
2013-04-24,12795,307900,198859,186064
2013-04-25,12798,307941,198897,186099
2013-04-26,12799,307990,198944,186145
2013-04-29,12809,308077,198965,186156
2013-04-30,12816,308471,199348,186532
2013-05-01,12817,308475,199351,186534
2013-05-02,12824,308517,199386,186562
2013-05-03,12844,308598,199447,186603
2013-05-04,12845,308603,199451,186606
2013-05-06,12845,308612,199460,186615
2013-05-07,12849,308652,199488,186639
2013-05-08,12851,308751,199503,186652
2013-05-09,12863,309102,199749,186886
2013-05-10,12865,309117,199762,186897
2013-05-13,12869,309145,199785,186916
2013-05-14,12872,309195,199797,186925
2013-05-15,12879,309256,199826,186947
2013-05-16,12881,309273,199841,186960
2013-05-17,12898,309363,199910,187012
2013-05-20,12912,309548,199938,187026
2013-05-21,12920,309592,199968,187048
2013-05-22,12923,309606,199979,187056
2013-05-23,12925,309633,200004,187079
2013-05-24,12931,309671,200028,187097
2013-05-28,12933,309699,200054,187121
2013-05-29,12936,309738,200089,187153
2013-05-30,12938,309752,200101,187163
2013-05-31,12940,309766,200112,187172
2013-06-03,12940,316932,207278,194338
2013-06-04,12948,316966,207298,194350
2013-06-05,12958,317025,207340,194382
2013-06-06,12963,317035,207345,194382
2013-06-07,12974,317062,207361,194387
2013-06-08,12979,317091,207382,194403
2013-06-09,12979,317111,207402,194423
2013-06-10,12979,317117,207408,194429
2013-06-11,12987,317152,207430,194443
2013-06-12,12988,317176,207448,194460
2013-06-13,12993,317206,207473,194480
2013-06-14,12998,317240,207502,194504
2013-06-17,12999,317267,207528,194529
2013-06-18,13010,317341,207570,194560
2013-06-19,13010,317342,207571,194561
2013-06-20,13014,317364,207586,194572
2013-06-25,13020,317398,207608,194588
2013-06-26,13034,317459,207646,194612
2013-06-27,13041,317773,207951,194910
2013-06-28,13046,317878,207970,194924
2013-06-29,13046,317887,207979,194933
2013-07-01,13052,317966,208022,194970
2013-07-02,13067,318148,208049,194982
2013-07-03,13069,318156,208055,194986
2013-07-04,13069,318182,208081,195012
2013-07-05,13080,318243,208111,195031
2013-07-08,13081,318259,208125,195044
2013-07-09,13081,318269,208135,195054
2013-07-10,13081,318468,208334,195253
2013-07-11,13081,318524,208390,195309
2013-07-12,13081,318531,208397,195316
2013-07-15,13083,318557,208410,195327
2013-07-16,13084,318574,208426,195342
2013-07-17,13084,318605,208457,195373
2013-07-18,13084,318618,208470,195386
2013-07-19,13090,318711,208541,195451
2013-07-22,13090,318731,208561,195471
2013-07-23,13099,318781,208596,195497
2013-07-24,13149,319014,208693,195544
2013-07-25,13151,319023,208699,195548
2013-07-26,13154,319046,208719,195565
2013-07-29,13160,319153,208750,195590
2013-07-30,13160,319167,208764,195604
2013-07-31,13206,319739,208872,195666
2013-08-02,13206,319752,208885,195679
2013-08-04,13208,319768,208898,195690
2013-08-05,13220,320268,208989,195769
2013-08-06,13226,320359,209068,195842
2013-08-07,13231,320380,209083,195852
2013-08-08,13234,320417,209090,195856
2013-08-09,13234,320443,209116,195882
2013-08-12,13248,320515,209172,195924
2013-08-13,13248,320530,209187,195939
2013-08-14,13249,320671,209327,196078
2013-08-15,13255,320748,209396,196141
2013-08-16,13255,320758,209406,196151
2013-08-18,13255,320763,209411,196156
2013-08-19,13261,320792,209434,196173
2013-08-20,13268,320856,209457,196189
2013-08-21,13562,340500,228199,214637
2013-08-22,15260,395523,273648,258388
2013-08-23,15264,395550,273671,258407
2013-08-26,15265,395555,273675,258410
2013-08-27,15273,395596,273699,258426
2013-08-28,15273,395624,273727,258454
2013-08-29,15277,395663,273760,258483
2013-08-30,15284,395691,273778,258494
2013-08-31,15284,395693,273780,258496
2013-09-02,15294,395781,273852,258558
2013-09-03,15303,395821,273881,258578
2013-09-04,15306,395833,273888,258582
2013-09-05,15306,395847,273902,258596
2013-09-06,15306,395859,273914,258608
2013-09-07,15306,395863,273918,258612
2013-09-09,15313,395922,273954,258641
2013-09-10,15318,396025,274045,258727
2013-09-11,15322,396154,274091,258769
2013-09-12,15334,396350,274131,258797
2013-09-13,15334,396395,274176,258842
2013-09-16,15347,396517,274233,258886
2013-09-17,15351,396584,274283,258932
2013-09-18,15356,396700,274380,259024
2013-09-19,15357,396732,274411,259054
2013-09-20,15360,396801,274477,259117
2013-09-23,15367,396885,274552,259185
2013-09-24,15386,397319,274609,259223
2013-09-25,15390,397357,274636,259246
2013-09-26,15394,397389,274664,259270
2013-09-27,15401,397442,274702,259301
2013-09-30,15404,397464,274720,259316
2013-10-01,15405,397477,274732,259327
2013-10-02,15427,397690,274794,259367
2013-10-03,15433,397740,274819,259386
2013-10-04,15437,397790,274859,259422
2013-10-05,15438,397799,274867,259429
2013-10-06,15438,397801,274869,259431
2013-10-07,15453,397954,274906,259453
2013-10-08,15455,398736,274923,259468
2013-10-09,15466,398791,274962,259496
2013-10-10,15471,398815,274981,259510
2013-10-11,15487,398907,275012,259525
2013-10-14,15496,398950,275046,259550
2013-10-15,15505,398992,275079,259574
2013-10-16,15576,400026,275152,259576
2013-10-17,15580,400100,275178,259598
2013-10-18,15580,400140,275218,259638
2013-10-20,15581,400145,275222,259641
2013-10-21,15584,400202,275275,259691
2013-10-22,15610,400342,275344,259734
2013-10-23,15612,400381,275380,259768
2013-10-24,15624,400589,275437,259813
2013-10-25,15625,400822,275669,260044
2013-10-28,15690,402263,275772,260082
2013-10-29,15702,402317,275807,260105
2013-10-30,15706,402362,275847,260141
2013-10-31,15710,402410,275884,260174
2013-11-01,15713,402478,275949,260236
2013-11-03,15713,402484,275955,260242
2013-11-04,15717,402524,275991,260274
2013-11-05,15736,402688,276033,260297
2013-11-06,15747,402756,276087,260340
2013-11-07,15750,402773,276099,260349
2013-11-08,15761,402868,276169,260408
2013-11-11,15764,402904,276202,260438
2013-11-12,15768,402935,276228,260460
2013-11-13,15768,402951,276244,260476
2013-11-14,15769,402971,276263,260494
2013-11-15,15772,403004,276293,260521
2013-11-18,15791,403182,276344,260553
2013-11-19,15804,403261,276380,260576
2013-11-20,15807,403286,276401,260594
2013-11-21,15821,403349,276440,260619
2013-11-22,15827,403397,276481,260654
2013-11-24,15827,403403,276487,260660
2013-11-25,15830,403447,276526,260696
2013-11-26,15863,403626,276590,260727
2013-11-27,15874,404323,277243,261369
2013-11-28,15882,404443,277327,261445
2013-11-29,15883,404473,277354,261471
2013-12-02,15890,404522,277395,261505
2013-12-03,15898,404564,277428,261530
2013-12-04,15905,404606,277463,261558
2013-12-05,15906,404632,277487,261581
2013-12-06,15907,404721,277502,261595
2013-12-09,15912,404788,277541,261629
2013-12-10,15920,404918,277585,261665
2013-12-11,15925,404972,277616,261691
2013-12-12,15929,405018,277645,261716
2013-12-16,15932,405072,277675,261743
2013-12-17,15935,405374,277974,262039
2013-12-18,15947,406176,278604,262657
2013-12-19,15959,406240,278646,262687
2013-12-20,15968,406296,278693,262725
2013-12-23,15968,406297,278694,262726
2013-12-24,15968,406304,278701,262733
2014-01-02,15968,406311,278708,262740
2014-01-06,15968,406313,278710,262742
2014-01-07,15987,406492,278846,262859
2014-01-08,16024,406599,278900,262876
2014-01-09,16030,406880,279172,263142
2014-01-10,16037,406918,279203,263166
2014-01-11,16037,406926,279211,263174
2014-01-12,16040,407017,279299,263259
2014-01-13,16042,407062,279342,263300
2014-01-14,16045,407103,279380,263335
2014-01-15,16058,407177,279405,263347
2014-01-16,16072,407263,279465,263393
2014-01-17,16076,407295,279491,263415
2014-01-20,16076,407552,279748,263672
2014-01-21,16080,407599,279790,263710
2014-01-22,16087,407631,279815,263728
2014-01-23,16100,407698,279850,263750
2014-01-24,16104,407724,279872,263768
2014-01-25,16104,407725,279873,263769
2014-01-26,16104,407734,279882,263778
2014-01-27,16107,407783,279920,263813
2014-01-28,16121,407906,280027,263906
2014-01-29,16130,407962,280062,263932
2014-01-30,16133,408012,280104,263971
2014-01-31,16153,408099,280157,264004
2014-02-03,16155,408142,280198,264043
2014-02-04,16158,408203,280254,264096
2014-02-05,16165,408248,280286,264121
2014-02-06,16179,408352,280364,264185
2014-02-07,16180,408361,280372,264192
2014-02-08,16181,408367,280377,264196
2014-02-10,16196,408966,280476,264280
2014-02-11,16198,411546,283050,266852
2014-02-12,16226,411726,283121,266895
2014-02-13,16228,411738,283126,266898
2014-02-14,16230,411747,283131,266901
2014-02-17,16250,411829,283190,266940
2014-02-18,16255,411860,283215,266960
2014-02-19,16257,411891,283243,266986
2014-02-20,16259,411914,283262,267003
2014-02-21,16269,411989,283301,267032
2014-02-24,16271,412029,283338,267067
2014-02-25,16272,412094,283402,267130
2014-02-26,16298,412203,283461,267163
2014-02-27,16306,412241,283486,267180
2014-02-28,16310,412273,283514,267204
2014-03-02,16311,412282,283522,267211
2014-03-03,16316,412353,283546,267230
2014-03-04,16317,412363,283555,267238
2014-03-05,16325,412405,283587,267262
2014-03-06,16329,412433,283611,267282
2014-03-07,16333,412453,283627,267294
2014-03-10,16334,412498,283671,267337
2014-03-11,16334,412527,283700,267366
2014-03-12,16340,412566,283733,267393
2014-03-14,16340,412567,283734,267394
2014-03-17,16341,412581,283747,267406
2014-03-18,16344,412615,283778,267434
2014-03-19,16344,412624,283787,267443
2014-03-20,16354,412661,283811,267457
2014-03-22,16355,412676,283822,267467
2014-03-24,16360,412708,283847,267487
2014-03-25,16361,412723,283861,267500
2014-03-26,16364,412860,283995,267631
2014-03-27,16371,414388,285516,269145
2014-03-28,16372,414403,285530,269158
2014-03-31,16394,414621,285576,269182
2014-04-01,16398,414657,285601,269203
2014-04-02,16400,414723,285658,269258
2014-04-03,16407,414795,285710,269303
2014-04-04,16571,415216,285943,269372
2014-04-05,16581,415280,285969,269388
2014-04-06,16581,415287,285976,269395
2014-04-08,16582,415311,285999,269417
2014-04-09,16582,415323,286011,269429
2014-04-10,16583,416917,287604,271021
2014-04-11,16583,416922,287609,271026
2014-04-13,16584,416928,287614,271030
2014-04-14,16584,416945,287631,271047
2014-04-15,16585,416947,287632,271047
2014-04-17,16632,417450,287687,271055
2014-04-18,16638,417468,287699,271061
2014-04-22,16638,417472,287703,271065
2014-04-23,16649,417536,287737,271088
2014-04-24,16654,418731,288925,272271
2014-04-25,16654,418747,288941,272287
2014-04-28,16671,418974,289003,272332
2014-04-29,16677,419032,289052,272375
2014-04-30,16685,419103,289094,272409
2014-05-01,16688,419303,289133,272445
2014-05-02,16688,419319,289149,272461
2014-05-03,16688,419322,289152,272464
2014-05-05,16691,419352,289172,272481
2014-05-06,16702,419410,289213,272511
2014-05-07,16708,419437,289232,272524
2014-05-08,16712,419497,289283,272571
2014-05-09,16718,419524,289302,272584
2014-05-10,16718,419526,289304,272586
2014-05-12,16735,419708,289354,272619
2014-05-13,16747,419870,289504,272757
2014-05-14,16750,419905,289536,272786
2014-05-15,16750,419925,289556,272806
2014-05-16,16752,419937,289566,272814
2014-05-19,16754,419978,289588,272834
2014-05-20,16754,419989,289599,272845
2014-05-21,16755,420003,289612,272857
2014-05-22,16755,420015,289624,272869
2014-05-23,16756,420024,289632,272876
2014-05-26,16757,420049,289656,272899
2014-05-27,16757,420072,289679,272922
2014-05-28,16758,420097,289703,272945
2014-05-29,16761,420110,289713,272952
2014-05-30,16761,420123,289726,272965
2014-06-02,16761,420127,289730,272969
2014-06-03,16761,420138,289741,272980
2014-06-04,16762,420195,289797,273035
2014-06-05,16765,420261,289860,273095
2014-06-06,16768,420299,289894,273126
2014-06-08,16768,420326,289921,273153
2014-06-09,16773,420412,289946,273173
2014-06-10,16778,420436,289965,273187
2014-06-11,16785,420457,289979,273194
2014-06-12,16790,420490,290003,273213
2014-06-13,16792,420514,290024,273232
2014-06-14,16792,420517,290027,273235
2014-06-16,16797,420591,290050,273253
2014-06-17,16803,420637,290087,273284
2014-06-18,16806,420682,290118,273312
2014-06-19,16809,420708,290141,273332
2014-06-20,16809,420715,290148,273339
2014-06-23,16815,420834,290202,273387
2014-06-24,16818,420885,290240,273422
2014-06-25,16822,421103,290262,273440
2014-06-26,16823,421113,290271,273448
2014-06-27,16823,421122,290280,273457
2014-06-30,16824,421133,290290,273466
2014-07-01,16827,421157,290307,273480
2014-07-02,16827,421160,290310,273483
2014-07-03,16828,421196,290345,273517
2014-07-04,16831,421241,290386,273555
2014-07-07,16849,421369,290414,273565
2014-07-08,16854,421410,290445,273591
2014-07-09,16860,421443,290461,273601
2014-07-10,16860,422468,291486,274626
2014-07-11,16860,422469,291487,274627
2014-07-14,16862,422486,291502,274640
2014-07-15,16870,422752,291637,274767
2014-07-16,16874,422798,291679,274805
2014-07-17,16874,422852,291733,274859
2014-07-18,16878,422877,291754,274876
2014-07-21,16878,423256,292133,275255
2014-07-23,16879,423420,292296,275417
2014-07-24,16883,423444,292316,275433
2014-07-25,16883,423459,292331,275448
2014-07-28,16884,423502,292373,275489
2014-07-29,16886,423519,292388,275502
2014-07-30,16889,423536,292402,275513
2014-07-31,16895,423575,292428,275533
2014-08-01,16900,423593,292435,275535
2014-08-04,16902,423615,292455,275553
2014-08-05,16905,423645,292482,275577
2014-08-06,16906,423677,292510,275604
2014-08-07,16906,423686,292519,275613
2014-08-08,16908,423704,292535,275627
2014-08-11,16909,423717,292545,275636
2014-08-12,16910,423785,292612,275702
2014-08-13,16916,423823,292641,275725
2014-08-14,16916,423970,292788,275872
2014-08-15,16916,423973,292791,275875
2014-08-18,16916,423997,292815,275899
2014-08-19,16920,424022,292835,275915
2014-08-20,16923,424066,292858,275935
2014-08-21,16931,424120,292884,275953
2014-08-22,16931,424122,292886,275955
2014-08-25,16931,424124,292888,275957
2014-08-26,16931,424141,292905,275974
2014-08-27,16935,424287,292988,276053
2014-08-28,16935,424304,293005,276070
2014-08-29,16936,424350,293050,276114
2014-09-01,16936,424373,293073,276137
2014-09-02,16936,424397,293097,276161
2014-09-03,16942,424413,293106,276164
2014-09-04,16950,424452,293117,276167
2014-09-05,16951,424461,293125,276174
2014-09-08,16955,424491,293139,276184
2014-09-09,16955,424503,293151,276196
2014-09-10,16957,424523,293165,276208
2014-09-11,16958,424552,293176,276218
2014-09-12,16958,424568,293192,276234
2014-09-15,16959,424573,293196,276237
2014-09-16,16972,424646,293237,276265
2014-09-17,16979,424703,293263,276284
2014-09-18,16999,424989,293332,276333
2014-09-19,17003,425020,293359,276356
2014-09-22,17004,425035,293372,276368
2014-09-23,17015,425072,293394,276379
2014-09-24,17020,425104,293420,276400
2014-09-25,17020,425140,293456,276436
2014-09-26,17022,425160,293471,276449
2014-09-29,17024,425170,293479,276455
2014-09-30,17024,425186,293495,276471
2014-10-01,17026,425205,293512,276486
2014-10-02,17040,425326,293543,276503
2014-10-03,17045,425353,293564,276519
2014-10-06,17046,425377,293587,276541
2014-10-07,17047,425399,293608,276561
2014-10-08,17047,425416,293625,276578
2014-10-09,17049,425713,293918,276869
2014-10-10,17055,425763,293958,276903
2014-10-13,17063,425828,294007,276944
2014-10-14,17066,425858,294024,276958
2014-10-15,17107,426052,294119,277012
2014-10-16,17108,426072,294138,277030
2014-10-17,17111,426084,294147,277036
2014-10-19,17111,426088,294151,277040
2014-10-20,17111,426099,294162,277051
2014-10-21,17116,426127,294184,277068
2014-10-22,17117,426155,294211,277094
2014-10-23,17144,426241,294266,277122
2014-10-24,17146,426274,294296,277150
2014-10-25,17146,426276,294298,277152
2014-10-26,17146,426298,294320,277174
2014-10-27,17150,426322,294339,277189
2014-10-28,17152,426335,294350,277198
2014-10-29,17152,426356,294371,277219
2014-10-30,17159,426388,294390,277231
2014-10-31,17159,426397,294399,277240
2014-11-03,17160,426434,294435,277275
2014-11-04,17545,441229,294847,277302
2014-11-05,17671,441696,294988,277317
2014-11-06,17676,441719,295006,277330
2014-11-07,17676,441734,295021,277345
2014-11-10,17676,441740,295027,277351
2014-11-11,17676,441754,295041,277365
2014-11-12,17676,441761,295048,277372
2014-11-13,17678,441780,295065,277387
2014-11-14,17686,441975,295102,277416
2014-11-17,17707,442334,295141,277434
2014-11-18,17714,442477,295174,277460
2014-11-19,17718,442504,295197,277479
2014-11-20,17732,442591,295236,277504
2014-11-21,17746,442823,295432,277686
2014-11-24,17747,442839,295446,277699
2014-11-25,17750,442980,295458,277708
2014-11-26,17753,443477,295481,277728
2014-11-27,17753,443534,295538,277785
2014-11-28,17754,443539,295542,277788
2014-11-30,17756,443551,295552,277796
2014-12-01,17756,443579,295580,277824
2014-12-02,17761,443643,295597,277836
2014-12-03,17770,443696,295625,277855
2014-12-04,17778,444447,295640,277862
2014-12-05,17812,444623,295700,277888
2014-12-08,17812,444627,295704,277892
2014-12-09,17827,444669,295731,277904
2014-12-10,17843,444848,295892,278049
2014-12-11,17853,444888,295922,278069
2014-12-12,17860,444911,295931,278071
2014-12-13,17860,444916,295936,278076
2014-12-15,17865,444960,295973,278108
2014-12-16,17875,445056,296009,278134
2014-12-17,17875,445091,296044,278169
2014-12-18,17898,445245,296128,278230
2014-12-19,17906,445286,296161,278255
2014-12-21,17906,445288,296163,278257
2014-12-22,17906,445299,296174,278268
2014-12-23,17912,445451,296199,278287
2014-12-29,17912,445465,296213,278301
2014-12-30,17912,445487,296235,278323
2014-12-31,17912,445490,296238,278326
2015-01-02,17912,445494,296242,278330
2015-01-03,17914,445508,296254,278340
2015-01-05,17914,445527,296273,278359
2015-01-06,17918,445549,296291,278373
2015-01-07,17920,445595,296334,278414
2015-01-08,17920,445610,296349,278429
2015-01-09,17920,445618,296357,278437
2015-01-10,17920,445620,296359,278439
2015-01-12,17944,445697,296404,278460
2015-01-13,17944,445706,296413,278469
2015-01-14,17949,445746,296448,278499
2015-01-15,17949,445747,296449,278500
2015-01-16,18071,446434,296900,278829
2015-01-18,18071,446438,296904,278833
2015-01-19,18153,446909,297225,279072
2015-01-20,18156,446943,297254,279098
2015-01-21,18163,446965,297269,279106
2015-01-22,18167,447038,297311,279144
2015-01-23,18173,447068,297333,279160
2015-01-26,18179,447111,297370,279191
2015-01-27,18180,447128,297386,279206
2015-01-28,18182,447146,297394,279212
2015-01-29,18193,447211,297425,279232
2015-01-30,18196,447227,297438,279242
2015-02-02,18306,447556,297580,279274
2015-02-03,18344,447988,297632,279288
2015-02-04,18388,448230,297716,279328
2015-02-05,18401,448312,297762,279361
2015-02-06,18417,448408,297836,279419
2015-02-07,18417,448409,297837,279420
2015-02-09,18418,448433,297860,279442
2015-02-10,18418,448505,297932,279514
2015-02-11,18419,448523,297949,279530
2015-02-12,18419,448549,297975,279556
2015-02-13,18419,459065,308491,290072
2015-02-14,18419,492062,341488,323069
2015-02-16,18425,492112,341532,323107
2015-02-17,18434,492163,341570,323136
2015-02-18,18440,492216,341616,323176
2015-02-19,18443,492245,341642,323199
2015-02-20,18446,492276,341669,323223
2015-02-23,18446,492309,341702,323256
2015-02-24,18449,492326,341716,323267
2015-02-25,18449,492336,341726,323277
2015-02-26,18450,492341,341730,323280
2015-02-27,18455,492368,341751,323296
2015-03-02,18456,492374,341756,323300
2015-03-03,18457,492401,341763,323306
2015-03-04,18457,492410,341772,323315
2015-03-05,18457,492419,341781,323324
2015-03-06,18459,492430,341789,323330
2015-03-08,18469,492464,341799,323330
2015-03-09,18471,492473,341804,323333
2015-03-10,18482,492508,341826,323344
2015-03-11,18482,492515,341833,323351
2015-03-12,18487,492542,341852,323365
2015-03-13,18488,492579,341888,323400
2015-03-16,18488,492603,341912,323424
2015-03-17,18493,493683,342987,324494
2015-03-18,18495,494200,343502,325007
2015-03-19,18496,494220,343515,325019
2015-03-20,18496,494221,343516,325020
2015-03-22,18496,494224,343519,325023
2015-03-23,18497,494239,343531,325034
2015-03-24,18505,494379,343551,325046
2015-03-25,18507,494487,343560,325053
2015-03-26,18507,494493,343566,325059
2015-03-27,18508,494513,343583,325075
2015-03-29,18509,494517,343586,325077
2015-03-30,18511,494553,343619,325108
2015-03-31,18514,494582,343645,325131
2015-04-01,18520,494690,343661,325141
2015-04-02,18521,494713,343683,325162
2015-04-07,18535,495034,343714,325179
2015-04-08,18536,495047,343726,325190
2015-04-09,18540,495080,343753,325213
2015-04-10,18541,495092,343764,325223
2015-04-11,18549,495149,343776,325227
2015-04-13,18550,495161,343787,325237
2015-04-15,18555,495206,343798,325243
2015-04-16,18567,495253,343815,325248
2015-04-17,18570,495267,343824,325254
2015-04-19,18570,495273,343830,325260
2015-04-20,18571,495305,343837,325266
2015-04-21,18571,495308,343840,325269
2015-04-22,18571,495318,343850,325279
2015-04-23,18575,495369,343859,325284
2015-04-24,18575,495374,343864,325289
2015-04-26,18576,495377,343866,325290
2015-04-27,18579,495423,343902,325323
2015-04-28,18581,495881,343937,325356
2015-04-29,18582,495915,343970,325388
2015-04-30,18584,495925,343978,325394
2015-05-04,18585,495935,343987,325402
2015-05-05,18591,495957,343999,325408
2015-05-06,18600,495998,344022,325422
2015-05-07,18606,496025,344040,325434
2015-05-08,18611,496066,344076,325465
2015-05-10,18611,496068,344078,325467
2015-05-11,18619,496116,344107,325488
2015-05-12,18621,496146,344133,325512
2015-05-13,18621,496153,344140,325519
2015-05-14,18621,496179,344166,325545
2015-05-15,18622,496211,344197,325575
2015-05-18,18624,496233,344217,325593
2015-05-19,18629,496273,344243,325614
2015-05-20,18632,496295,344260,325628
2015-05-21,18633,496312,344271,325638
2015-05-22,18639,496332,344284,325645
2015-05-25,18641,496362,344307,325666
2015-05-26,18641,496365,344310,325669
2015-05-27,18644,496377,344319,325675
2015-05-28,18652,496421,344346,325694
2015-05-29,18656,496446,344358,325702
2015-06-01,18656,496470,344382,325726
2015-06-02,18660,496485,344392,325732
2015-06-03,18679,496575,344457,325778
2015-06-04,18694,496622,344484,325790
2015-06-05,18699,496781,344638,325939
2015-06-06,18699,496790,344647,325948
2015-06-08,18699,496791,344648,325949
2015-06-09,18699,496793,344650,325951
2015-06-11,18712,496887,344668,325956
2015-06-12,18715,496911,344685,325970
2015-06-15,18719,496944,344713,325994
2015-06-16,18722,496964,344727,326005
2015-06-17,18723,497052,344812,326089
2015-06-18,18737,497210,344893,326156
2015-06-19,18738,497343,345022,326284
2015-06-22,18743,497425,345075,326332
2015-06-23,18767,497524,345107,326340
2015-06-24,18767,497525,345108,326341
2015-06-25,18778,497568,345132,326354
2015-06-26,18779,497578,345140,326361
2015-06-27,18779,497581,345143,326364
2015-06-28,18781,497588,345145,326364
2015-06-29,18782,497600,345146,326364
2015-06-30,18790,497625,345156,326366
2015-07-01,18793,497634,345161,326368
2015-07-02,18797,497661,345184,326387
2015-07-03,18798,497667,345189,326391
2015-07-06,18802,497748,345215,326413
2015-07-07,18808,497785,345246,326438
2015-07-08,18808,497813,345274,326466
2015-07-09,18810,497830,345289,326479
2015-07-10,18814,497859,345303,326489
2015-07-13,18821,498031,345347,326526
2015-07-14,18827,498076,345383,326556
2015-07-15,18836,498113,345409,326573
2015-07-16,18841,498273,345456,326615
2015-07-17,18841,498287,345470,326629
2015-07-20,18845,498310,345489,326644
2015-07-21,18848,498324,345499,326651
2015-07-22,18871,498596,345538,326667
2015-07-23,18876,498624,345556,326680
2015-07-24,18879,498685,345563,326684
2015-07-27,18881,498733,345585,326704
2015-07-28,18883,498778,345595,326712
2015-07-29,18887,498842,345623,326736
2015-07-30,18914,498947,345663,326749
2015-07-31,18914,498956,345672,326758
2015-08-01,18915,498959,345673,326758
2015-08-03,18935,499093,345699,326764
2015-08-04,18939,499114,345716,326777
2015-08-05,18942,499129,345724,326782
2015-08-06,18958,499191,345759,326801
2015-08-07,18960,499198,345764,326804
2015-08-09,18960,499200,345766,326806
2015-08-10,18986,499282,345805,326819
2015-08-11,18997,499348,345835,326838
2015-08-12,19009,499450,345878,326869
2015-08-13,20310,530022,347275,326965
2015-08-14,20321,530072,347301,326980
2015-08-17,20323,530088,347315,326992
2015-08-18,20330,530135,347342,327012
2015-08-19,20338,530183,347369,327031
2015-08-20,20343,530215,347395,327052
2015-08-21,20353,530249,347412,327059
2015-08-24,20361,530279,347432,327071
2015-08-25,20368,530347,347454,327086
2015-08-26,20368,530352,347459,327091
2015-08-27,20368,530357,347464,327096
2015-08-28,20368,530360,347467,327099
2015-09-02,20369,530368,347474,327105
2015-09-03,20383,530407,347493,327110
2015-09-04,20385,530424,347506,327121
2015-09-07,20386,530441,347521,327135
2015-09-08,20393,530463,347534,327141
2015-09-09,20402,530489,347551,327149
2015-09-10,20412,530544,347591,327179
2015-09-11,20416,530575,347617,327201
2015-09-14,20416,530579,347621,327205
2015-09-15,20417,530582,347623,327206
2015-09-16,20418,530588,347628,327210
2015-09-17,20427,530619,347644,327217
2015-09-18,20427,530639,347664,327237
2015-09-21,20429,530644,347667,327238
2015-09-22,20429,530800,347823,327394
2015-09-23,20430,530821,347843,327413
2015-09-24,20431,530833,347853,327422
2015-09-25,20432,530853,347868,327436
2015-09-28,20433,530888,347884,327451
2015-09-29,20435,530909,347903,327468
2015-09-30,20438,530936,347917,327479
2015-10-01,20441,530979,347955,327514
2015-10-02,20441,531009,347985,327544
2015-10-05,20444,531026,347999,327555
2015-10-06,20446,531034,348005,327559
2015-10-07,20446,531042,348013,327567
2015-10-08,20452,531362,348213,327761
2015-10-09,20462,531527,348239,327777
2015-10-12,20465,531554,348263,327798
2015-10-13,20467,531590,348274,327807
2015-10-14,20468,532459,349142,328674
2015-10-15,20470,532479,349160,328690
2015-10-20,20470,532495,349176,328706
2015-10-21,20581,536609,349338,328757
2015-10-22,20582,536629,349357,328775
2015-10-23,20584,536648,349372,328788
2015-10-26,20592,536689,349389,328797
2015-10-27,20592,536708,349408,328816
2015-10-28,20600,536745,349432,328832
2015-10-29,20600,536749,349436,328836
2015-10-30,20602,536755,349440,328838
2015-10-31,20602,536756,349441,328839
2015-11-02,20605,536783,349455,328850
2015-11-03,20606,536804,349475,328869
2015-11-04,20611,536838,349501,328890
2015-11-05,20611,536843,349506,328895
2015-11-06,20612,536859,349517,328905
2015-11-09,20622,537187,349545,328923
2015-11-10,20724,544187,349656,328932
2015-11-11,20732,544220,349675,328943
2015-11-12,20737,544250,349700,328963
2015-11-16,20737,544256,349706,328969
2015-11-17,20738,544262,349710,328972
2015-11-18,20738,544263,349711,328973
2015-11-19,20738,544272,349720,328982
2015-11-20,20738,544285,349733,328995
2015-11-23,20743,544333,349751,329008
2015-11-24,20748,544519,349929,329181
2015-11-25,20765,544576,349961,329196
2015-11-26,20772,544633,349981,329209
2015-11-27,20778,544661,349989,329211
2015-11-30,20786,544771,350011,329225
2015-12-01,20792,544794,350027,329235
2015-12-02,20793,544800,350031,329238
2015-12-04,20795,544820,350047,329252
2015-12-07,20796,544822,350048,329252
2015-12-08,20796,544823,350049,329253
2015-12-09,20797,544833,350055,329258
2015-12-10,20797,544839,350061,329264
2015-12-11,20799,544850,350070,329271
2015-12-14,20799,544858,350078,329279
2015-12-15,20800,545410,350629,329829
2015-12-16,20801,545414,350630,329829
2015-12-17,20801,545420,350636,329835
2015-12-18,20805,545444,350640,329835
2015-12-21,20807,545454,350646,329839
2016-01-04,20810,545607,350661,329851
2016-01-05,20810,545615,350669,329859
2016-01-06,20810,545631,350685,329875
2016-01-07,20815,545666,350715,329900
2016-01-08,20819,545729,350749,329930
2016-01-09,20819,545732,350752,329933
2016-01-11,20823,545770,350784,329961
2016-01-12,20823,545785,350799,329976
2016-01-13,20830,545832,350836,330006
2016-01-14,20834,545914,350902,330068
2016-01-15,20836,545927,350909,330073
2016-01-18,20836,545931,350913,330077
2016-01-20,20844,545968,350942,330098
2016-01-21,20854,546014,350974,330120
2016-01-22,20856,546026,350984,330128
2016-01-25,20859,546053,351008,330149
2016-01-26,20861,546092,351045,330184
2016-01-27,20864,546174,351124,330260
2016-01-28,20865,546238,351187,330322
2016-01-29,20865,546281,351230,330365
2016-02-01,20867,546320,351240,330373
2016-02-02,20872,546388,351246,330374
2016-02-03,20874,547574,351892,331018
2016-02-04,20874,552464,356782,335908
2016-02-05,20878,552476,356790,335912
2016-02-08,20878,552479,356793,335915
2016-02-09,20932,553267,356898,335966
2016-02-10,20934,553281,356910,335976
2016-02-11,20951,553804,357239,336288
2016-02-12,20952,553810,357244,336292
2016-02-15,20959,553868,357273,336314
2016-02-16,20986,554018,357330,336344
2016-02-17,20995,554081,357367,336372
2016-02-18,21011,554227,357392,336381
2016-02-19,21019,554347,357487,336468
2016-02-22,21021,554366,357503,336482
2016-02-23,21025,554538,357529,336504
2016-02-24,21028,557016,357537,336509
2016-02-25,21031,557313,357554,336523
2016-02-26,21032,557340,357580,336548
2016-02-29,21034,557360,357598,336564
2016-03-01,21038,557577,357609,336571
2016-03-02,21046,557632,357633,336587
2016-03-03,21049,557644,357642,336593
2016-03-04,21052,557665,357659,336607
2016-03-07,21056,557693,357683,336627
2016-03-08,21066,557748,357700,336634
2016-03-09,21067,557797,357711,336644
2016-03-10,21068,557803,357716,336648
2016-03-11,21078,557840,357731,336653
2016-03-12,21083,557862,357737,336654
2016-03-14,21085,557900,357757,336672
2016-03-15,21090,557944,357772,336682
2016-03-16,21099,558001,357811,336712
2016-03-17,21118,558102,357852,336734
2016-03-18,21123,558162,357879,336756
2016-03-19,21123,558168,357885,336762
2016-03-21,21139,558447,357938,336799
2016-03-22,21146,558536,357980,336834
2016-03-23,21149,558571,358011,336862
2016-03-24,21154,558608,358043,336889
2016-03-25,21154,558609,358044,336890
2016-03-29,21173,558691,358101,336928
2016-03-30,21173,558712,358122,336949
2016-03-31,21176,558736,358141,336965
2016-04-01,21176,558749,358154,336978
2016-04-02,21176,558750,358155,336979
2016-04-03,21176,558753,358158,336982
2016-04-04,21182,558780,358179,336997
2016-04-05,21182,558819,358218,337036
2016-04-06,21183,558830,358226,337043
2016-04-07,21184,558853,358246,337062
2016-04-08,21186,558879,358270,337084
2016-04-11,21188,558893,358282,337094
2016-04-12,21188,558902,358291,337103
2016-04-13,21189,558908,358296,337107
2016-04-14,21191,558929,358310,337119
2016-04-19,21193,558942,358321,337128
2016-04-21,21198,558983,358350,337152
2016-04-22,21205,559021,358371,337166
2016-04-25,21207,559035,358379,337172
2016-04-26,21212,559058,358392,337180
2016-04-27,21212,559059,358393,337181
2016-04-28,21217,559095,358424,337207
2016-05-03,21224,559130,358449,337225
2016-05-04,21229,559172,358485,337256
2016-05-05,21230,559189,358501,337271
2016-05-06,21239,559384,358534,337295
2016-05-07,21239,559385,358535,337296
2016-05-09,21241,559439,358539,337298
2016-05-11,21241,559442,358542,337301
2016-05-12,21244,559461,358556,337312
2016-05-13,21252,559510,358594,337342
2016-05-14,21252,559518,358602,337350
2016-05-15,21253,559579,358603,337350
2016-05-16,21254,559608,358631,337377
2016-05-17,21256,559636,358657,337401
2016-05-18,21264,559667,358673,337409
2016-05-19,21274,559739,358732,337458
2016-05-20,21274,559823,358816,337542
2016-05-23,21276,559842,358832,337556
2016-05-24,21281,559867,358852,337571
2016-05-25,21291,559892,358867,337576
2016-05-26,21301,559921,358884,337583
2016-05-27,21306,559964,358915,337609
2016-05-31,21306,559983,358934,337628
2016-06-01,21308,560016,358965,337657
2016-06-02,21324,560094,359010,337686
2016-06-03,21326,560117,359031,337705
2016-06-04,21326,560122,359036,337710
2016-06-06,21370,563281,359084,337714
2016-06-07,21370,563739,359542,338172
2016-06-08,21374,563752,359551,338177
2016-06-09,21374,563761,359560,338186
2016-06-10,21375,563772,359570,338195
2016-06-13,21376,563780,359575,338199
2016-06-14,21376,563783,359578,338202
2016-06-15,21378,564037,359796,338418
2016-06-16,21379,564042,359799,338420
2016-06-17,21379,565754,361511,340132
2016-06-19,21379,565755,361512,340133
2016-06-20,21390,565825,361565,340175
2016-06-21,21398,565944,361598,340200
2016-06-22,21403,565994,361643,340240
2016-06-23,21410,566026,361665,340255
2016-06-24,21415,566047,361681,340266
2016-06-27,21422,566097,361724,340302
2016-06-28,21423,566125,361751,340328
2016-06-29,21429,566154,361770,340341
2016-06-30,21429,566191,361807,340378
2016-07-01,21430,566247,361860,340430
2016-07-02,21430,566250,361863,340433
2016-07-04,21430,566339,361952,340522
2016-07-05,21431,566353,361963,340532
2016-07-06,21434,566362,361967,340533
2016-07-07,21437,566384,361986,340549
2016-07-11,21442,566407,362004,340562
2016-07-12,21450,566512,362021,340571
2016-07-13,21465,566666,362154,340689
2016-07-14,21465,566667,362155,340690
2016-07-15,21470,566680,362163,340693
2016-07-18,21471,566687,362168,340697
2016-07-19,21473,566696,362175,340702
2016-07-20,21474,566707,362185,340711
2016-07-21,21477,566747,362204,340727
2016-07-25,21478,566764,362220,340742
2016-07-26,21493,567204,362237,340744
2016-07-27,21493,572113,367146,345653
2016-07-28,21493,572117,367150,345657
2016-07-29,21493,572131,367164,345671
2016-08-01,21674,573669,367376,345702
2016-08-02,21679,573690,367391,345712
2016-08-03,21679,573691,367392,345713
2016-08-04,21682,573709,367404,345722
2016-08-05,21682,573724,367419,345737
2016-08-08,21682,573727,367422,345740
2016-08-09,21684,573765,367458,345774
2016-08-10,21690,574613,367479,345789
2016-08-11,21691,574628,367493,345802
2016-08-15,21693,574652,367511,345818
2016-08-16,21711,574734,367550,345839
2016-08-17,21717,574809,367574,345857
2016-08-18,21719,574833,367596,345877
2016-08-19,21722,574863,367623,345901
2016-08-21,21723,574867,367626,345903
2016-08-22,21727,574881,367636,345909
2016-08-23,21728,574902,367656,345928
2016-08-24,21744,575045,367703,345959
2016-08-25,21745,575061,367718,345973
2016-08-26,21746,575069,367725,345979
2016-09-06,21746,575071,367727,345981
2016-09-08,21746,575091,367747,346001
2016-09-09,21746,575109,367765,346019
2016-09-12,21748,575199,367853,346105
2016-09-13,21752,575244,367892,346140
2016-09-14,21758,575272,367906,346148
2016-09-15,21761,575293,367921,346160
2016-09-16,21761,575304,367932,346171
2016-09-19,21762,575321,367947,346185
2016-09-20,21762,575326,367952,346190
2016-09-21,21762,575333,367959,346197
2016-09-22,21762,575335,367961,346199
2016-09-26,21769,575398,367971,346202
2016-09-28,21770,575409,367981,346211
2016-09-30,21779,575462,368023,346244
2016-10-03,21784,575784,368044,346260
2016-10-04,21785,575789,368048,346263
2016-10-05,21787,575804,368061,346274
2016-10-06,21788,575809,368065,346277
2016-10-07,21790,575821,368075,346285
2016-10-10,21791,575833,368085,346294
2016-10-11,21791,575851,368103,346312
2016-10-12,21792,575857,368108,346316
2016-10-13,21794,575868,368116,346322
2016-10-14,21794,575869,368117,346323
2016-10-18,21794,575870,368118,346324
2016-10-19,21796,575881,368126,346330
2016-10-21,21796,575884,368129,346333
2016-10-24,21796,575890,368135,346339
2016-10-25,21797,575899,368143,346346
2016-10-26,21800,575920,368160,346360
2016-10-27,21890,579924,368272,346382
2016-10-28,21895,579949,368291,346396
2016-10-31,21902,579994,368329,346427
2016-11-01,21908,580040,368369,346461
2016-11-02,21919,580074,368389,346470
2016-11-03,21921,580109,368421,346500
2016-11-07,21921,580154,368466,346545
2016-11-08,21931,580199,368500,346569
2016-11-09,21931,580210,368511,346580
2016-11-10,21931,580220,368521,346590
2016-11-11,21938,580248,368540,346602
2016-11-14,21939,580256,368547,346608
2016-11-15,21940,580273,368562,346622
2016-11-16,21942,580299,368584,346642
2016-11-17,21944,580327,368608,346664
2016-11-18,21944,580334,368615,346671
2016-11-21,21944,580348,368629,346685
2016-11-22,21949,580368,368644,346695
2016-11-23,21949,580372,368648,346699
2016-11-24,21959,580768,368658,346699
2016-11-25,21963,580801,368670,346707
2016-11-28,21979,581162,368693,346714
2016-11-29,21986,581314,368702,346716
2016-11-30,21987,581336,368723,346736
2016-12-01,21987,581353,368740,346753
2016-12-02,21987,581361,368748,346761
2016-12-05,21987,581366,368753,346766
2016-12-06,21991,581402,368765,346774
2016-12-07,21992,581413,368775,346783
2016-12-08,21993,581415,368776,346783
2016-12-13,21994,581439,368796,346802
2016-12-14,21999,581470,368818,346819
2016-12-15,22003,581497,368841,346838
2016-12-19,22004,581510,368853,346849
2016-12-20,22010,583732,371063,349053
2016-12-21,22011,583739,371069,349058
2016-12-22,22011,583752,371082,349071
2017-01-04,22012,583754,371083,349071
2017-01-05,22013,583781,371087,349074
2017-01-06,22015,583789,371093,349078
2017-01-09,22015,583793,371097,349082
2017-01-10,22020,583822,371121,349101
2017-01-11,22035,583875,371159,349124
2017-01-12,22043,583909,371185,349142
2017-01-16,22044,583915,371190,349146
2017-01-17,22047,583927,371199,349152
2017-01-18,22065,584010,371240,349175
2017-01-19,22067,584034,371262,349195
2017-01-20,22067,584053,371281,349214
2017-01-23,22071,584089,371296,349225
2017-01-24,22071,584094,371301,349230
2017-01-25,22071,584095,371302,349231
2017-01-26,22076,584135,371333,349257
2017-01-27,22079,584150,371345,349266
2017-01-30,22083,584166,371356,349273
2017-01-31,22087,584191,371371,349284
2017-02-01,22089,584205,371379,349290
2017-02-02,22091,584212,371384,349293
2017-02-06,22091,584215,371387,349296
2017-02-07,22095,584241,371407,349312
2017-02-08,22095,584258,371424,349329
2017-02-09,22100,584285,371446,349346
2017-02-10,22105,584318,371473,349368
2017-02-13,22105,584321,371476,349371
2017-02-14,22105,584322,371477,349372
2017-02-15,22107,606294,393447,371340
2017-02-16,22113,606463,393476,371363
2017-02-17,22127,606527,393505,371378
2017-02-18,22127,606529,393507,371380
2017-02-20,22131,606552,393526,371395
2017-02-21,22137,606580,393548,371411
2017-02-22,22146,606622,393581,371435
2017-02-23,22146,606625,393584,371438
2017-02-24,22149,606635,393591,371442
2017-02-27,22151,606653,393603,371452
2017-02-28,22166,606700,393635,371469
2017-03-01,22171,606713,393643,371472
2017-03-02,22173,606762,393690,371517
2017-03-03,22174,606764,393691,371517
2017-03-06,22183,606798,393709,371526
2017-03-07,22203,607589,393752,371549
2017-03-08,22212,607641,393773,371561
2017-03-09,22224,607680,393788,371564
2017-03-10,22226,607692,393797,371571
2017-03-11,22226,607694,393799,371573
2017-03-13,22232,607712,393805,371573
2017-03-14,22234,607728,393814,371580
2017-03-15,22242,607796,393832,371590
2017-03-16,22244,607841,393839,371595
2017-03-17,22249,607878,393850,371601
2017-03-20,22255,607918,393871,371616
2017-03-21,22261,607935,393881,371620
2017-03-22,22276,607971,393902,371626
2017-03-23,22280,608007,393912,371632
2017-03-24,22294,608065,393929,371635
2017-03-27,22302,608108,393948,371646
2017-03-29,22303,608110,393949,371646
2017-03-30,22307,608125,393957,371650
2017-03-31,22308,608134,393958,371650
2017-04-03,22313,608154,393965,371652
2017-04-04,22314,608171,393981,371667
2017-04-05,22317,608180,393987,371670
2017-04-06,22410,609499,394121,371711
2017-04-07,22410,609500,394122,371712
2017-04-10,22414,609518,394135,371721
2017-04-11,22415,609521,394137,371722
2017-04-12,22425,609571,394156,371731
2017-04-13,22427,609598,394181,371754
2017-04-14,22427,609601,394184,371757
2017-04-17,22428,609610,394185,371757
2017-04-18,22429,609617,394188,371759
2017-04-20,22430,609653,394222,371792
2017-04-21,22430,609667,394236,371806
2017-04-24,22434,609677,394242,371808
2017-04-25,22434,609680,394245,371811
2017-04-26,22436,609691,394250,371814
2017-04-27,22440,609710,394254,371814
2017-04-28,22443,609716,394257,371814
2017-04-30,22444,609889,394258,371814
2017-05-01,22447,610267,394261,371814
2017-05-02,22450,610411,394265,371815
2017-05-03,22457,610777,394285,371828
2017-05-04,22459,610786,394289,371830
2017-05-05,22460,610794,394296,371836
2017-05-08,22464,610815,394312,371848
2017-05-09,22481,610891,394338,371857
2017-05-10,22485,610907,394347,371862
2017-05-11,22486,610918,394357,371871
2017-05-12,22487,610955,394391,371904
2017-05-13,22493,611015,394397,371904
2017-05-14,22497,611033,394403,371906
2017-05-15,22497,611037,394407,371910
2017-05-16,22497,611047,394417,371920
2017-05-17,22512,611280,394435,371923
2017-05-18,22512,611284,394439,371927
2017-05-19,22535,611449,394472,371937
2017-05-20,22540,611492,394478,371938
2017-05-22,22548,611721,394505,371957
2017-05-23,22548,611738,394522,371974
2017-05-24,22552,611791,394533,371981
2017-05-25,22552,611810,394552,372000
2017-05-26,22554,611834,394574,372020
2017-05-28,22555,611837,394575,372020
2017-05-30,22556,611842,394579,372023
2017-05-31,22557,611876,394612,372055
2017-06-01,22557,611896,394632,372075
2017-06-02,22558,611926,394661,372103
2017-06-05,22558,611939,394674,372116
2017-06-06,22561,611948,394680,372119
2017-06-07,22565,611974,394702,372137
2017-06-08,22569,612285,394706,372137
2017-06-09,22570,612300,394720,372150
2017-06-12,22575,612351,394733,372158
2017-06-13,22581,612377,394746,372165
2017-06-14,22583,612408,394767,372184
2017-06-15,22583,612415,394774,372191
2017-06-16,22605,612538,394864,372259
2017-06-19,22612,616261,398513,375901
2017-06-20,22614,616275,398525,375911
2017-06-21,22616,616312,398556,375940
2017-06-22,22636,616536,398611,375975
2017-06-23,22637,616539,398613,375976
2017-06-24,22637,616555,398629,375992
2017-06-26,22646,616608,398664,376018
2017-06-27,22656,616699,398730,376074
2017-06-28,22665,616736,398749,376084
2017-06-29,22675,616779,398772,376097
2017-06-30,22675,621780,403773,381098
2017-07-02,22675,626481,408474,385799
2017-07-03,22677,626494,408485,385808
2017-07-04,22689,626542,408509,385820
2017-07-05,22692,626551,408515,385823
2017-07-07,22701,626624,408529,385828
2017-07-10,22702,626637,408541,385839
2017-07-11,22702,626665,408569,385867
2017-07-12,22702,626687,408591,385889
2017-07-13,22702,626695,408599,385897
2017-07-14,22702,626698,408602,385900
2017-07-15,22703,626701,408604,385901
2017-07-17,22704,626713,408615,385911
2017-07-18,22704,626721,408623,385919
2017-07-19,22704,626748,408650,385946
2017-07-20,22718,626794,408666,385948
2017-07-21,22725,626820,408673,385948
2017-07-24,22734,626855,408691,385957
2017-07-25,22734,626860,408696,385962
2017-07-26,22734,626863,408699,385965
2017-07-27,22734,626867,408703,385969
2017-07-28,22734,626869,408705,385971
2017-07-31,22734,626872,408708,385974
2017-08-01,22734,626888,408724,385990
2017-08-02,22734,626900,408736,386002
2017-08-03,22734,626991,408827,386093
2017-08-04,23340,635133,410881,387541
2017-08-05,23962,641489,415777,391815
2017-08-06,24933,650927,422493,397560
2017-08-07,26107,661406,430206,404099
2017-08-08,26901,667895,434322,407421
2017-08-09,26936,668195,434533,407597
2017-08-10,26953,668844,435145,408192
2017-08-11,27538,677689,436100,408562
2017-08-14,27538,677698,436109,408571
2017-08-15,27542,677711,436113,408571
2017-08-16,27544,677801,436144,408600
2017-08-17,27548,677985,436150,408602
2017-08-18,27548,677986,436151,408603
2017-08-19,27551,678158,436177,408626
2017-08-21,27551,678159,436178,408627
2017-08-22,27552,678183,436201,408649
2017-08-23,27563,678440,436238,408675
2017-08-24,27566,681970,439763,412197
2017-08-26,27566,681972,439765,412199
2017-08-28,27566,681974,439767,412201
2017-08-29,27574,682911,439801,412227
2017-08-30,27577,682964,439846,412269
2017-08-31,27578,682968,439849,412271
2017-09-01,27579,683010,439850,412271
2017-09-04,27579,683016,439856,412277
2017-09-05,27583,683183,439865,412282
2017-09-06,27584,683211,439892,412308
2017-09-07,27591,683228,439902,412311
2017-09-08,27591,683239,439913,412322
2017-09-11,27596,683255,439922,412326
2017-09-12,27597,683266,439932,412335
2017-09-13,27597,683274,439940,412343
2017-09-14,27608,683310,439961,412353
2017-09-15,27613,683325,439971,412358
2017-09-17,27613,683326,439972,412359
2017-09-18,27613,683338,439984,412371
2017-09-19,27615,683362,440006,412391
2017-09-20,27615,683385,440029,412414
2017-09-21,27617,683413,440055,412438
2017-09-24,27617,683431,440073,412456
2017-09-25,27617,683432,440074,412457
2017-09-26,27620,683442,440081,412461
2017-09-27,27622,683466,440085,412463
2017-09-28,27623,683479,440096,412473
2017-09-29,27625,683575,440105,412480
2017-10-02,27630,683729,440113,412483
2017-10-03,27634,683783,440163,412529
2017-10-04,27640,683911,440226,412586
2017-10-05,27641,684008,440321,412680
2017-10-06,27641,684023,440336,412695
2017-10-09,27643,684037,440348,412705
2017-10-10,27656,684100,440365,412709
2017-10-11,27664,684157,440387,412723
2017-10-12,27673,684207,440401,412728
2017-10-13,27673,684215,440409,412736
2017-10-16,27673,684216,440410,412737
2017-10-17,27673,684248,440442,412769
2017-10-18,27675,684267,440459,412784
2017-10-19,27677,688205,444394,416717
2017-10-20,27677,688207,444396,416719
2017-10-23,27684,688238,444410,416726
2017-10-24,27685,688240,444411,416726
2017-10-25,27686,688253,444422,416736
2017-10-27,27687,688257,444425,416738
2017-10-30,27698,688318,444440,416742
2017-10-31,27700,688322,444442,416742
2017-11-02,27700,688324,444444,416744
2017-11-03,27700,688336,444456,416756
2017-11-06,27700,688339,444459,416759
2017-11-07,27700,688345,444465,416765
2017-11-08,27700,688359,444479,416779
2017-11-09,27706,688384,444498,416792
2017-11-10,27713,688422,444514,416801
2017-11-11,27719,688448,444525,416806
2017-11-13,27719,688454,444531,416812
2017-11-14,27720,688485,444537,416817
2017-11-15,27730,688567,444558,416828
2017-11-16,27730,688575,444566,416836
2017-11-17,27731,688586,444576,416845
2017-11-20,27731,688589,444579,416848
2017-11-21,27739,688656,444635,416896
2017-11-22,27742,688686,444662,416920
2017-11-23,27742,688696,444672,416930
2017-11-24,27747,688717,444688,416941
2017-11-27,27750,688731,444699,416949
2017-11-28,27751,688759,444726,416975
2017-11-29,27753,688771,444733,416980
2017-11-30,27754,688790,444749,416995
2017-12-01,27755,688807,444763,417008
2017-12-04,27757,688817,444771,417014
2017-12-05,27764,688852,444781,417017
2017-12-06,27769,688929,444800,417031
2017-12-07,27772,688952,444820,417048
2017-12-08,27777,689369,444833,417056
2017-12-11,27780,689820,445273,417493
2017-12-12,27784,689864,445309,417525
2017-12-13,27788,689879,445320,417532
2017-12-14,27797,689902,445331,417534
2017-12-15,27804,689922,445338,417534
2017-12-18,27819,689962,445354,417535
2017-12-19,27819,690252,445644,417825
2017-12-20,27829,690278,445660,417831
2017-12-21,27833,690329,445707,417874
2017-12-22,27833,690338,445716,417883
2018-01-02,27833,690347,445725,417892
2018-01-03,27834,690360,445736,417902
2018-01-04,27837,690390,445761,417924
2018-01-05,27843,690411,445775,417932
2018-01-08,27844,690423,445783,417939
2018-01-09,27849,690449,445802,417953
2018-01-10,27860,690501,445815,417955
2018-01-11,27862,690509,445821,417959
2018-01-12,27876,690875,445844,417968
2018-01-15,27904,693215,445883,417979
2018-01-16,27906,693256,445898,417992
2018-01-17,27908,693269,445909,418001
2018-01-18,27908,693285,445925,418017
2018-01-19,27908,693290,445930,418022
2018-01-22,27917,693322,445948,418031
2018-01-23,27919,693340,445964,418045
2018-01-24,27919,693364,445988,418069
2018-01-25,27923,693377,445995,418072
2018-01-29,27931,693549,446022,418091
2018-01-30,27936,693579,446046,418110
2018-01-31,27938,693697,446052,418114
2018-02-01,27942,693708,446057,418115
2018-02-02,27945,693736,446081,418136
2018-02-05,27953,694007,446327,418374
2018-02-06,27963,694049,446341,418378
2018-02-07,27966,694059,446345,418379
2018-02-08,27974,694089,446365,418391
2018-02-09,27978,694103,446374,418396
2018-02-11,27978,694109,446380,418402
2018-02-12,27982,694132,446389,418407
2018-02-13,27989,694157,446403,418414
2018-02-14,28002,694208,446419,418417
2018-02-15,28009,694236,446436,418427
2018-02-16,28012,694296,446493,418481
2018-02-19,28014,694300,446495,418481
2018-02-20,28121,702137,446603,418482
2018-02-21,28129,702196,446617,418488
2018-02-22,28130,702203,446623,418493
2018-02-23,28130,702528,446948,418818
2018-02-25,28192,703443,447110,418918
2018-02-26,28193,703455,447120,418927
2018-02-27,28194,703475,447138,418944
2018-02-28,28194,703476,447139,418945
2018-03-01,28194,703488,447151,418957
2018-03-02,28201,703546,447195,418994
2018-03-05,28204,703568,447214,419010
2018-03-06,28204,703609,447255,419051
2018-03-07,28204,703630,447276,419072
2018-03-08,28204,703635,447281,419077
2018-03-09,28208,703662,447296,419088
2018-03-12,28210,703679,447311,419101
2018-03-13,28210,703706,447338,419128
2018-03-14,28210,703718,447350,419140
2018-03-15,28216,703775,447363,419147
2018-03-16,28224,703804,447382,419158
2018-03-19,28224,703812,447390,419166
2018-03-20,28226,703850,447398,419172
2018-03-21,28233,703912,447444,419211
2018-03-22,28233,703917,447449,419216
2018-03-23,28234,703923,447453,419219
2018-03-25,28234,703925,447455,419221
2018-03-26,28234,703975,447505,419271
2018-03-27,28234,703996,447526,419292
2018-03-28,28234,704006,447536,419302
2018-03-29,28234,715842,459372,431138
2018-04-04,28242,715863,459381,431139
2018-04-05,28245,716224,459736,431491
2018-04-06,28246,716229,459739,431493
2018-04-09,28246,716231,459741,431495
2018-04-10,28252,716529,459771,431519
2018-04-11,28270,716623,459800,431530
2018-04-12,28270,716630,459807,431537
2018-04-13,28272,716647,459822,431550
2018-04-16,28277,716665,459835,431558
2018-04-23,28277,716672,459842,431565
2018-04-24,28277,716677,459847,431570
2018-04-25,28288,716714,459871,431583
2018-04-26,28299,716814,459897,431598
2018-04-27,28304,717407,459904,431600
2018-04-30,28313,717566,459932,431619
2018-05-01,28317,717583,459943,431626
2018-05-02,28319,717596,459954,431635
2018-05-03,28389,722394,460070,431681
2018-05-04,28391,722422,460096,431705
2018-05-05,28391,722423,460097,431706
2018-05-08,28391,722435,460109,431718
2018-05-09,28394,722466,460137,431743
2018-05-10,28394,722469,460140,431746
2018-05-11,28394,722472,460143,431749
2018-05-14,28396,722490,460159,431763
2018-05-15,28396,722509,460178,431782
2018-05-16,28399,722530,460196,431797
2018-05-17,28406,722556,460214,431808
2018-05-18,28407,722962,460215,431808
2018-05-21,28410,722990,460236,431826
2018-05-22,28421,723038,460262,431841
2018-05-23,28421,723039,460263,431842
2018-05-24,28422,723044,460267,431845
2018-05-25,28424,723200,460278,431854
2018-05-27,28427,723725,460281,431854
2018-05-29,28428,723731,460286,431858
2018-05-30,28433,723976,460308,431875
2018-05-31,28436,723994,460323,431887
2018-06-01,28441,724095,460328,431887
2018-06-04,28442,724111,460341,431899
2018-06-05,28444,724119,460347,431903
2018-06-06,28446,724135,460361,431915
2018-06-07,28446,724139,460365,431919
2018-06-08,28447,724147,460372,431925
2018-06-11,28447,724149,460374,431927
2018-06-12,28447,724153,460378,431931
2018-06-13,28447,724155,460380,431933
2018-06-14,28447,724407,460632,432185
2018-06-15,28448,724415,460639,432191
2018-06-16,28448,724416,460640,432192
2018-06-19,28450,724442,460662,432212
2018-06-20,28453,724463,460669,432216
2018-06-21,28456,724472,460675,432219
2018-06-22,28462,724517,460708,432246
2018-06-25,28463,724524,460714,432251
2018-06-26,28470,725215,460726,432256
2018-06-27,28477,725245,460739,432262
2018-06-28,28477,725249,460743,432266
2018-06-29,28477,725250,460744,432267
2018-07-02,28479,725266,460749,432270
2018-07-03,28482,725286,460753,432271
2018-07-04,28482,725295,460762,432280
2018-07-06,28483,725297,460763,432280
2018-07-09,28483,725298,460764,432281
2018-07-10,28484,725333,460798,432314
2018-07-11,28488,725426,460809,432321
2018-07-12,28490,725436,460817,432327
2018-07-13,28496,725476,460834,432338
2018-07-15,28498,725486,460839,432341
2018-07-16,28500,725498,460849,432349
2018-07-17,28508,725634,460860,432352
2018-07-18,28534,726816,460914,432380
2018-07-19,28538,726839,460931,432393
2018-07-20,28545,726865,460947,432402
2018-07-21,28545,726866,460948,432403
2018-07-23,28550,726900,460968,432418
2018-07-24,28554,726925,460977,432423
2018-07-25,28560,726967,461007,432447
2018-07-26,28561,730962,465001,436440
2018-07-27,28562,730972,465010,436448
2018-07-28,28562,730979,465017,436455
2018-07-30,28562,730980,465018,436456
2018-07-31,28562,730991,465029,436467
2018-08-01,28563,731012,465036,436473
2018-08-02,28564,731025,465048,436484
2018-08-03,28565,731059,465058,436493
2018-08-06,28565,731062,465061,436496
2018-08-07,28574,731091,465073,436499
2018-08-08,28574,731094,465076,436502
2018-08-09,28574,731108,465090,436516
2018-08-10,28574,731128,465110,436536
2018-08-13,28575,731134,465115,436540
2018-08-14,28578,731218,465148,436570
2018-08-15,28579,731229,465154,436575
2018-08-16,28581,731233,465156,436575
2018-08-17,28584,731247,465162,436578
2018-08-20,28584,731251,465166,436582
2018-08-21,28585,731723,465174,436589
2018-08-22,28593,732201,465196,436603
2018-08-23,28595,732218,465209,436614
2018-08-24,28596,732220,465210,436614
2018-08-27,28596,732226,465216,436620
2018-08-28,28596,732269,465259,436663
2018-08-29,28596,732272,465262,436666
2018-08-30,28598,732300,465264,436666
2018-09-04,28621,732508,465290,436669
2018-09-05,28621,732519,465301,436680
2018-09-06,28623,732582,465317,436694
2018-09-07,28628,733105,465833,437205
2018-09-08,28628,733106,465834,437206
2018-09-10,28652,733867,465867,437215
2018-09-11,28655,733884,465879,437224
2018-09-12,28659,733979,465934,437275
2018-09-13,28660,734014,465944,437284
2018-09-14,28660,734015,465945,437285
2018-09-16,28660,734021,465951,437291
2018-09-17,28660,734031,465961,437301
2018-09-18,28662,734145,465972,437310
2018-09-19,28665,734171,465993,437328
2018-09-20,28665,734178,466000,437335
2018-09-21,28674,734275,466026,437352
2018-09-22,28674,734281,466032,437358
2018-09-23,28676,734294,466041,437365
2018-09-24,28676,734301,466048,437372
2018-09-25,28676,734342,466089,437413
2018-09-26,28676,734355,466102,437426
2018-09-27,28677,734369,466115,437438
2018-09-28,28677,734381,466127,437450
2018-09-29,28677,734386,466132,437455
2018-10-01,28677,734387,466133,437456
2018-10-02,28678,734392,466135,437457
2018-10-03,28678,734406,466149,437471
2018-10-04,28679,734423,466165,437486
2018-10-05,28682,734448,466172,437490
2018-10-08,28684,734457,466179,437495
2018-10-09,28690,734479,466191,437501
2018-10-10,28692,734488,466198,437506
2018-10-11,28692,734501,466211,437519
2018-10-12,28693,734537,466212,437519
2018-10-14,28693,734538,466213,437520
2018-10-15,28701,734606,466236,437535
2018-10-16,28701,734640,466270,437569
2018-10-17,28701,734655,466285,437584
2018-10-18,28701,734659,466289,437588
2018-10-19,28705,734880,466300,437595
2018-10-22,28706,734903,466303,437597
2018-10-23,28707,735085,466304,437597
2018-10-24,28709,735300,466348,437639
2018-10-25,28712,735534,466382,437670
2018-10-26,28713,736537,467384,438671
2018-10-29,28713,736548,467395,438682
2018-10-30,28715,737091,467922,439207
2018-10-31,28719,737377,467927,439208
2018-11-01,28720,737495,467928,439208
2018-11-04,28721,737656,467929,439208
2018-11-05,28721,737658,467931,439210
2018-11-07,28722,737671,467943,439221
2018-11-08,28725,737690,467959,439234
2018-11-09,28729,737708,467972,439243
2018-11-10,28729,737710,467974,439245
2018-11-12,28730,737739,468001,439271
2018-11-13,28731,737750,468011,439280
2018-11-14,28732,737758,468018,439286
2018-11-15,28732,737765,468025,439293
2018-11-16,28732,737770,468030,439298
2018-11-19,28735,742678,472900,444165
2018-11-20,28738,742692,472908,444170
2018-11-21,28740,742746,472936,444196
2018-11-22,28741,742799,472988,444247
2018-11-23,28743,742820,473005,444262
2018-11-24,28743,742821,473006,444263
2018-11-25,28743,742823,473008,444265
2018-11-26,28747,742941,473057,444310
2018-11-27,28762,743222,473095,444333
2018-11-28,28768,743553,473410,444642
2018-11-29,28769,743662,473425,444656
2018-11-30,28776,744027,473445,444669
2018-12-01,28776,744033,473451,444675
2018-12-03,28786,744086,473471,444685
2018-12-04,28788,744142,473482,444694
2018-12-05,28798,744230,473523,444725
2018-12-06,28798,744234,473527,444729
2018-12-07,28799,744241,473533,444734
2018-12-10,28804,744261,473548,444744
2018-12-11,28804,744273,473560,444756
2018-12-12,28806,744288,473569,444763
2018-12-13,28809,744311,473585,444776
2018-12-14,28810,744332,473587,444777
2018-12-15,28810,744335,473590,444780
2018-12-17,28814,744373,473605,444791
2018-12-18,28817,744399,473622,444805
2018-12-19,28818,744444,473626,444808
2018-12-20,28818,744445,473627,444809
2018-12-21,28818,744446,473628,444810
2018-12-22,28818,744456,473638,444820
2018-12-24,28818,744471,473653,444835
2018-12-27,28819,744493,473667,444848
2018-12-28,28819,744494,473668,444849
2018-12-29,28820,744498,473671,444851
2018-12-30,28827,744520,473682,444855
2018-12-31,28830,744530,473688,444858
2019-01-02,28838,744582,473707,444869
2019-01-03,28841,745031,473730,444889
2019-01-04,28841,745047,473746,444905
2019-01-07,28841,745055,473754,444913
2019-01-08,28850,745092,473779,444929
2019-01-09,28855,745110,473791,444936
2019-01-10,28856,745136,473813,444957
2019-01-11,28856,745141,473818,444962
2019-01-12,28859,745168,473835,444976
2019-01-13,28861,745305,473842,444981
2019-01-14,28861,745313,473850,444989
2019-01-15,28863,745372,473870,445007
2019-01-16,28864,745380,473877,445013
2019-01-17,28865,745386,473881,445016
2019-01-18,28866,745388,473882,445016
2019-01-19,28866,745389,473883,445017
2019-01-21,28868,745419,473909,445041
2019-01-22,28869,745429,473917,445048
2019-01-23,28877,748942,473953,445076
2019-01-24,28882,748984,473984,445102
2019-01-25,28892,749392,474000,445108
2019-01-28,28902,749515,474025,445123
2019-01-29,28928,749948,474090,445162
2019-01-30,28929,749977,474097,445168
2019-01-31,28934,750019,474126,445192
2019-02-01,28934,750035,474142,445208
2019-02-05,28935,750056,474161,445226
2019-02-06,28936,750090,474192,445256
2019-02-07,28939,750138,474218,445279
2019-02-08,28946,750179,474251,445305
2019-02-09,28947,750181,474252,445305
2019-02-10,28949,750229,474261,445312
2019-02-11,28952,750250,474278,445326
2019-02-12,28965,750294,474308,445343
2019-02-13,28967,750316,474328,445361
2019-02-14,28969,750330,474340,445371
2019-02-15,28970,750374,474378,445408
2019-02-16,28971,750393,474379,445408
2019-02-18,28974,750425,474402,445428
2019-02-19,28975,750433,474409,445434
2019-02-20,28976,750515,474442,445466
2019-02-21,28983,750714,474467,445484
2019-02-22,28987,750757,474487,445500
2019-02-23,28988,750760,474488,445500
2019-02-25,28988,750777,474505,445517
2019-02-26,28988,750827,474555,445567
2019-02-27,28992,750866,474587,445595
2019-02-28,28993,750920,474638,445645
2019-03-01,28999,751035,474739,445740
2019-03-03,29001,751061,474741,445740
2019-03-04,29004,751093,474756,445752
2019-03-05,29006,751115,474776,445770
2019-03-06,29017,751176,474823,445806
2019-03-07,29025,751248,474887,445862
2019-03-08,29027,751350,474984,445957
2019-03-11,29038,752338,475960,446922
2019-03-12,29040,752448,476068,447028
2019-03-13,29046,752565,476163,447117
2019-03-14,29117,755867,476493,447376
2019-03-15,29119,755917,476525,447406
2019-03-16,29121,755934,476540,447419
2019-03-17,29121,755951,476557,447436
2019-03-18,29142,756060,476591,447449
2019-03-19,29152,756107,476607,447455
2019-03-20,29154,756150,476648,447494
2019-03-21,29164,756180,476664,447500
2019-03-22,29172,756209,476683,447511
2019-03-25,29187,756291,476713,447526
2019-03-26,29192,756359,476750,447558
2019-03-27,29192,756391,476782,447590
2019-03-28,29198,756443,476824,447626
2019-03-29,29200,756479,476858,447658
2019-04-01,29218,756976,477328,448110
2019-04-02,29220,756995,477343,448123
2019-04-03,29221,757009,477356,448135
2019-04-04,29223,757646,477381,448158
2019-04-05,29231,757702,477403,448172
2019-04-06,29232,757704,477404,448172
2019-04-08,29238,757731,477424,448186
2019-04-09,29248,757763,477444,448196
2019-04-10,29260,757808,477471,448211
2019-04-11,29269,757836,477488,448219
2019-04-12,29282,760585,477509,448227
2019-04-14,29282,760588,477512,448230
2019-04-15,29297,760677,477561,448264
2019-04-16,29341,766422,478273,448932
2019-04-17,29343,766451,478300,448957
2019-04-18,29361,766626,478353,448992
2019-04-19,29368,766679,478360,448992
2019-04-23,29374,766825,478379,449005
2019-04-24,29374,766839,478393,449019
2019-04-25,29376,766852,478404,449028
2019-04-26,29378,766863,478413,449035
2019-04-27,29378,766864,478414,449036
2019-04-29,29381,770488,478430,449049
2019-04-30,29381,772253,480195,450814
2019-05-01,29383,772288,480219,450836
2019-05-02,29395,772348,480263,450868
2019-05-03,29398,772370,480282,450884
2019-05-06,29400,772378,480288,450888
2019-05-07,29400,772396,480306,450906
2019-05-08,29406,772434,480336,450930
2019-05-09,29408,772448,480347,450939
2019-05-10,29409,772462,480360,450951
2019-05-11,29409,772465,480363,450954
2019-05-12,29410,772563,480364,450954
2019-05-13,29410,772569,480370,450960
2019-05-14,29412,772579,480375,450963
2019-05-15,29413,772595,480390,450977
2019-05-16,29414,772621,480415,451001
2019-05-17,29414,772623,480417,451003
2019-05-20,29415,772638,480431,451016
2019-05-21,29416,772643,480435,451019
2019-05-22,29423,772680,480453,451030
2019-05-23,29424,772685,480457,451033
2019-05-24,29425,772695,480466,451041
2019-05-26,29426,772701,480471,451045
2019-05-27,29427,772718,480487,451060
2019-05-28,29430,772739,480505,451075
2019-05-29,29435,772770,480531,451096
2019-05-30,29442,772819,480568,451126
2019-05-31,29445,772825,480571,451126
2019-06-01,29445,772826,480572,451127
2019-06-03,29451,772849,480588,451137
2019-06-04,29456,772947,480599,451143
2019-06-05,29463,773052,480643,451180
2019-06-06,29469,773115,480653,451184
2019-06-07,29472,773167,480683,451211
2019-06-10,29473,773170,480685,451212
2019-06-11,29475,773184,480697,451222
2019-06-12,29479,773224,480729,451250
2019-06-13,29481,773238,480739,451258
2019-06-14,29484,773265,480762,451278
2019-06-16,29484,773268,480765,451281
2019-06-17,29484,773281,480778,451294
2019-06-18,29486,773298,480787,451301
2019-06-19,29490,773324,480808,451318
2019-06-20,29493,773345,480825,451332
2019-06-21,29493,773394,480874,451381
2019-06-23,29493,773415,480895,451402
2019-06-24,29493,773455,480935,451442
2019-06-25,29494,773471,480950,451456
2019-06-26,29497,773481,480957,451460
2019-06-27,29498,773489,480964,451466
2019-06-28,29520,773547,481000,451480
2019-07-01,29522,773735,481024,451502
2019-07-02,29534,773809,481084,451550
2019-07-03,29537,773851,481090,451553
2019-07-04,29539,773860,481095,451556
2019-07-05,29540,773862,481096,451556
2019-07-06,29540,773866,481100,451560
2019-07-08,29548,773916,481118,451570
2019-07-09,29549,774013,481175,451626
2019-07-10,29550,774017,481178,451628
2019-07-11,33950,832301,486365,452415
2019-07-12,33955,832326,486384,452429
2019-07-13,33957,832345,486387,452430
2019-07-14,33958,832353,486393,452435
2019-07-15,33964,832370,486403,452439
2019-07-16,33968,832391,486415,452447
2019-07-17,33973,832409,486427,452454
2019-07-18,33975,832419,486435,452460
2019-07-19,33976,832427,486442,452466
2019-07-22,33977,832432,486445,452468
2019-07-23,33977,832440,486453,452476
2019-07-24,33981,832482,486476,452495
2019-07-25,33982,832506,486499,452517
2019-07-26,34276,837407,486815,452539
2019-07-27,34278,837417,486823,452545
2019-07-28,34278,837422,486828,452550
2019-07-29,34283,837458,486841,452558
2019-07-30,34284,837472,486854,452570
2019-07-31,34284,837477,486859,452575
2019-08-01,34285,837491,486871,452586
2019-08-02,34293,837917,487265,452972
2019-08-05,34301,837968,487300,452999
2019-08-06,34306,837996,487320,453014
2019-08-07,34308,838036,487358,453050
2019-08-08,34310,838128,487369,453059
2019-08-12,34314,838461,487437,453123
2019-08-13,34324,838536,487458,453134
2019-08-14,34331,838587,487501,453170
2019-08-15,34333,838604,487515,453182
2019-08-16,34334,838617,487527,453193
2019-08-17,34336,838623,487529,453193
2019-08-19,34336,838653,487559,453223
2019-08-20,34341,838685,487582,453241
2019-08-21,34345,838699,487591,453246
2019-08-22,34346,838709,487599,453253
2019-08-23,34346,838714,487604,453258
2019-08-24,34346,838715,487605,453259
2019-08-25,34348,838723,487611,453263
2019-08-27,34348,838727,487615,453267
2019-08-28,34349,838738,487625,453276
2019-08-29,34358,838782,487651,453293
2019-08-30,34359,838793,487660,453301
2019-08-31,34359,838797,487664,453305
2019-09-02,34382,838877,487701,453319
2019-09-03,34386,838910,487728,453342
2019-09-04,34399,839269,487793,453394
2019-09-06,34399,839279,487803,453404
2019-09-09,34399,839284,487808,453409
2019-09-10,34400,839304,487827,453427
2019-09-11,34400,839311,487834,453434
2019-09-12,34401,839331,487853,453452
2019-09-13,34401,839343,487865,453464
2019-09-16,34403,839804,488324,453921
2019-09-17,34403,839814,488334,453931
2019-09-18,34412,839871,488362,453950
2019-09-19,34414,840051,488540,454126
2019-09-20,34435,840160,488582,454147
2019-09-23,34436,840179,488598,454162
2019-09-24,34437,840234,488604,454167
2019-09-25,34438,840262,488631,454193
2019-09-26,34445,840298,488658,454213
2019-09-27,34457,840357,488676,454219
2019-09-28,34457,840362,488681,454224
2019-09-29,34457,840363,488682,454225
2019-09-30,34457,840366,488685,454228
2019-10-01,34457,840373,488692,454235
2019-10-02,34459,840384,488700,454241
2019-10-03,34462,840434,488744,454282
2019-10-04,34465,842584,490886,456421
2019-10-07,34468,842618,490913,456445
2019-10-08,34474,842660,490949,456475
2019-10-09,34479,842701,490976,456497
2019-10-10,34484,842733,491002,456518
2019-10-11,34487,842781,491045,456558
2019-10-12,34487,842782,491046,456559
2019-10-14,34489,842810,491070,456581
2019-10-15,34493,842889,491141,456648
2019-10-16,34495,842914,491158,456663
2019-10-17,34501,843043,491171,456670
2019-10-18,34503,843051,491173,456670
2019-10-19,34504,843054,491174,456670
2019-10-21,34507,843092,491209,456702
2019-10-22,34516,843136,491241,456725
2019-10-23,34523,843222,491259,456736
2019-10-24,34523,843235,491272,456749
2019-10-25,34526,843252,491281,456755
2019-10-26,34526,843253,491282,456756
2019-10-28,34537,843297,491307,456770
2019-10-29,34537,843319,491329,456792
2019-10-30,34540,845852,493859,459319
2019-10-31,34553,845894,493884,459331
2019-11-01,34553,845901,493891,459338
2019-11-02,34553,845906,493896,459343
2019-11-03,34553,845909,493899,459346
2019-11-04,34554,845913,493902,459348
2019-11-05,34555,845919,493905,459350
2019-11-06,34558,845940,493923,459365
2019-11-07,34559,845942,493924,459365
2019-11-08,34559,845953,493935,459376
2019-11-10,34559,845954,493936,459377
2019-11-11,34567,845996,493969,459402
2019-11-12,34571,846023,493991,459420
2019-11-13,34575,846085,494034,459459
2019-11-14,34577,846288,494052,459475
2019-11-15,34583,846323,494066,459483
2019-11-18,34584,846332,494072,459488
2019-11-19,34584,846342,494082,459498
2019-11-20,34605,846396,494105,459500
2019-11-21,34609,846457,494116,459507
2019-11-22,34611,846476,494120,459509
2019-11-25,34611,846497,494141,459530
2019-11-26,34615,846545,494183,459568
2019-11-27,34618,846567,494201,459583
2019-11-28,34621,846686,494317,459696
2019-11-29,34624,846970,494326,459702
2019-12-01,34624,846971,494327,459703
2019-12-02,34633,847012,494357,459724
2019-12-03,34949,851988,494705,459756
2019-12-04,34951,852011,494726,459775
2019-12-05,34956,852696,495406,460450
2019-12-06,34956,852697,495407,460451
2019-12-09,34957,852714,495423,460466
2019-12-10,34959,852743,495438,460479
2019-12-11,34985,853361,495839,460854
2019-12-12,35014,853534,495880,460866
2019-12-13,35026,988282,630597,595571
2019-12-15,35026,1016304,658619,623593
2019-12-16,35028,1016322,658631,623603
2019-12-17,35028,1016330,658639,623611
2019-12-18,35029,1016354,658662,623633
2019-12-19,35030,1016363,658670,623640
2019-12-20,35032,1016372,658677,623645
2019-12-22,35032,1016375,658680,623648
2019-12-23,35032,1016379,658684,623652
2019-12-24,35032,1016381,658686,623654
2019-12-27,35032,1016385,658690,623658
2019-12-28,35032,1016386,658691,623659
2019-12-31,35034,1016407,658709,623675
2020-01-01,35040,1016428,658722,623682
2020-01-02,35047,1016463,658734,623687
2020-01-03,35055,1016487,658750,623695
2020-01-06,35058,1016511,658771,623713
2020-01-07,35064,1016584,658802,623738
2020-01-08,35067,1016604,658819,623752
2020-01-09,35068,1016611,658825,623757
2020-01-10,35070,1017037,659238,624168
2020-01-11,35070,1017039,659240,624170
2020-01-13,35255,1022837,659443,624188
2020-01-14,35265,1022909,659481,624216
2020-01-15,35272,1022946,659511,624239
2020-01-16,35284,1022992,659545,624261
2020-01-17,35284,1023005,659558,624274
2020-01-20,35299,1023066,659604,624305
2020-01-21,35323,1023273,659656,624333
2020-01-22,35353,1023373,659726,624373
2020-01-23,35372,1023432,659766,624394
2020-01-24,35378,1023476,659804,624426
2020-01-27,35502,1024807,659978,624476
2020-01-28,35508,1027438,659997,624489
2020-01-29,35512,1027459,660005,624493
2020-01-30,35513,1027469,660014,624501
2020-01-31,35513,1027474,660019,624506
2020-02-03,35516,1027498,660030,624514
2020-02-04,35516,1027504,660036,624520
2020-02-05,35518,1027508,660038,624520
2020-02-07,35519,1027511,660039,624520
2020-02-10,35522,1027608,660052,624530
2020-02-11,35523,1027625,660068,624545
2020-02-12,35523,1027635,660078,624555
2020-02-13,35526,1027658,660098,624572
2020-02-14,35528,1027676,660114,624586
2020-02-17,35543,1027725,660138,624595
2020-02-18,35543,1027810,660223,624680
2020-02-19,35547,1027827,660234,624687
2020-02-20,35551,1027846,660247,624696
2020-02-21,35552,1028349,660296,624744
2020-02-23,35553,1028762,660300,624747
2020-02-24,35553,1028780,660318,624765
2020-02-25,35562,1028837,660366,624804
2020-02-26,35563,1028849,660377,624814
2020-02-27,35563,1028879,660407,624844
2020-02-28,35565,1028891,660416,624851
2020-03-01,35566,1028893,660417,624851
2020-03-02,35576,1028935,660443,624867
2020-03-03,35580,1028952,660456,624876
2020-03-04,35580,1028955,660459,624879
2020-03-05,35582,1028960,660462,624880
2020-03-06,35582,1028962,660464,624882
2020-03-07,35582,1028972,660474,624892
2020-03-09,35582,1029001,660503,624921
2020-03-10,35582,1029010,660512,624930
2020-03-11,35582,1029049,660551,624969
2020-03-12,35582,1029068,660570,624988
2020-03-13,35582,1029094,660596,625014
2020-03-14,35582,1029096,660598,625016
2020-03-15,35585,1029112,660602,625017
2020-03-16,35585,1029114,660604,625019
2020-03-17,35598,1029480,660647,625049
2020-03-18,35608,1030075,660678,625070
2020-03-19,35608,1030095,660698,625090
2020-03-20,35610,1030221,660775,625165
2020-03-23,35611,1030240,660793,625182
2020-03-24,35612,1030259,660811,625199
2020-03-25,35904,1033909,661321,625417
2020-03-26,35904,1033913,661325,625421
2020-03-27,35906,1034039,661449,625543
2020-03-28,35906,1034040,661450,625544
2020-03-29,35914,1034091,661469,625555
2020-03-30,35915,1034116,661493,625578
2020-03-31,35915,1034119,661496,625581
2020-04-01,35915,1034135,661512,625597
2020-04-02,35919,1034168,661541,625622
2020-04-03,35928,1034201,661565,625637
2020-04-04,35928,1034247,661611,625683
2020-04-05,35928,1034258,661622,625694
2020-04-06,35928,1034273,661637,625709
2020-04-07,35936,1034646,661675,625739
2020-04-08,35950,1034732,661728,625778
2020-04-09,35956,1034789,661765,625809
2020-04-10,35957,1034800,661775,625818
2020-04-11,35957,1034819,661794,625837
2020-04-12,35957,1034821,661796,625839
2020-04-13,35959,1034885,661841,625882
2020-04-14,35983,1042375,668802,632819
2020-04-15,35996,1042434,668842,632846
2020-04-16,36000,1042452,668855,632855
2020-04-17,36002,1042486,668876,632874
2020-04-19,36002,1042487,668877,632875
2020-04-20,36004,1042502,668890,632886
2020-04-21,36006,1044217,668917,632911
2020-04-22,36006,1044237,668937,632931
2020-04-23,36012,1044267,668961,632949
2020-04-24,36014,1044284,668976,632962
2020-04-27,36016,1044321,669009,632993
2020-04-28,36016,1044336,669024,633008
2020-04-29,36016,1044341,669029,633013
2020-04-30,36016,1044345,669033,633017
2020-05-01,36016,1044349,669037,633021
2020-05-03,36016,1044350,669038,633022
2020-05-04,36017,1044359,669046,633029
2020-05-05,36020,1044384,669068,633048
2020-05-06,36020,1044399,669083,633063
2020-05-07,36021,1044415,669098,633077
2020-05-08,36022,1044419,669101,633079
2020-05-09,36022,1044425,669107,633085
2020-05-11,36028,1044459,669131,633103
2020-05-12,36064,1047684,669230,633166
2020-05-13,36075,1047728,669262,633187
2020-05-14,36089,1047780,669288,633199
2020-05-15,36106,1047834,669313,633207
2020-05-18,36116,1047887,669335,633219
2020-05-19,36116,1047889,669337,633221
2020-05-20,36120,1048102,669363,633243
2020-05-21,36123,1048251,669401,633278
2020-05-22,36124,1048278,669426,633302
2020-05-23,36125,1048281,669428,633303
2020-05-25,36128,1048305,669448,633320
2020-05-26,36133,1048350,669467,633334
2020-05-27,36134,1048356,669471,633337
2020-05-28,36141,1048400,669492,633351
2020-05-29,36147,1048536,669509,633362
2020-05-30,36147,1048538,669511,633364
2020-05-31,36147,1048542,669515,633368
2020-06-01,36151,1048562,669531,633380
2020-06-02,36153,1048591,669557,633404
2020-06-03,36159,1049155,669573,633414
2020-06-04,36162,1049239,669583,633421
2020-06-05,36166,1049272,669601,633435
2020-06-06,36168,1049328,669616,633448
2020-06-08,36168,1049340,669628,633460
2020-06-09,36172,1049367,669651,633479
2020-06-10,36179,1049403,669679,633500
2020-06-11,36183,1049440,669711,633528
2020-06-12,36185,1049451,669720,633535
2020-06-13,36185,1049452,669721,633536
2020-06-14,36185,1049454,669723,633538
2020-06-15,36194,1050096,669754,633560
2020-06-16,36195,1050114,669771,633576
2020-06-17,36199,1050144,669794,633595
2020-06-18,36200,1050172,669821,633621
2020-06-19,36205,1050204,669836,633631
2020-06-20,36206,1050245,669841,633635
2020-06-21,36206,1050248,669844,633638
2020-06-22,36207,1050260,669855,633648
2020-06-23,36207,1050270,669865,633658
2020-06-24,36207,1050277,669872,633665
2020-06-25,36242,1052149,669939,633697
2020-06-26,36247,1052178,669961,633714
2020-06-27,36248,1052185,669962,633714
2020-06-28,36249,1052188,669964,633715
2020-06-29,36250,1052217,669992,633742
2020-06-30,36258,1052257,670015,633757
2020-07-01,36277,1052547,670058,633781
2020-07-02,36279,1052566,670073,633794
2020-07-03,36300,1052693,670104,633804
2020-07-04,36301,1052707,670112,633811
2020-07-06,36308,1052766,670144,633836
2020-07-07,36314,1052793,670159,633845
2020-07-08,36330,1052867,670199,633869
2020-07-09,36332,1052881,670210,633878
2020-07-10,36336,1052946,670269,633933
2020-07-12,36336,1052995,670318,633982
2020-07-13,36336,1053080,670403,634067
2020-07-14,36337,1053124,670441,634104
2020-07-15,36337,1053128,670445,634108
2020-07-16,36349,1053171,670476,634127
2020-07-17,36380,1053252,670520,634140
2020-07-18,36380,1053258,670526,634146
2020-07-19,36380,1053262,670530,634150
2020-07-20,36380,1053265,670533,634153
2020-07-21,36380,1053268,670536,634156
2020-07-22,36380,1053279,670547,634167
2020-07-23,36381,1053291,670558,634177
2020-07-24,36386,1053374,670570,634184
2020-07-27,36387,1053379,670574,634187
2020-07-28,36388,1053390,670584,634196
2020-07-29,36388,1053397,670591,634203
2020-07-30,36388,1053406,670600,634212
2020-07-31,36389,1053444,670604,634215
2020-08-01,36391,1053450,670608,634217
2020-08-03,36401,1053633,670638,634237
2020-08-04,36409,1053654,670651,634242
2020-08-05,36451,1054353,670970,634519
2020-08-06,36455,1054371,670983,634528
2020-08-07,36461,1054697,670997,634536
2020-08-08,36461,1054700,671000,634539
2020-08-09,36464,1055120,671003,634539
2020-08-10,36464,1055124,671007,634543
2020-08-11,36464,1055130,671013,634549
2020-08-12,36464,1055137,671020,634556
2020-08-13,36466,1055189,671036,634570
2020-08-14,36467,1055217,671059,634592
2020-08-16,36467,1055219,671061,634594
2020-08-17,36470,1055392,671231,634761
2020-08-18,36471,1055406,671244,634773
2020-08-20,36472,1055414,671251,634779
2020-08-21,36472,1055426,671263,634791
2020-08-24,36481,1055456,671281,634800
2020-08-25,36485,1055724,671292,634807
2020-08-26,36487,1055847,671299,634812
2020-08-27,36487,1055868,671320,634833
2020-08-28,36487,1055879,671331,634844
2020-08-29,36487,1055882,671334,634847
2020-09-01,36487,1055886,671338,634851
2020-09-02,36488,1055902,671353,634865
2020-09-03,36488,1056019,671470,634982
2020-09-04,36488,1056029,671480,634992
2020-09-07,36489,1056034,671484,634995
2020-09-08,36489,1056047,671497,635008
2020-09-09,36495,1056090,671514,635019
2020-09-10,36497,1056161,671525,635028
2020-09-11,36497,1056169,671533,635036
2020-09-14,36500,1056197,671558,635058
2020-09-15,36501,1076160,691487,654986
2020-09-16,36501,1103563,718890,682389
2020-09-17,36501,1103576,718903,682402
2020-09-18,36505,1103606,718923,682418
2020-09-19,36505,1103615,718932,682427
2020-09-20,36505,1103616,718933,682428
2020-09-21,36508,1103792,718947,682439
2020-09-22,36513,1103813,718963,682450
2020-09-23,36514,1103818,718967,682453
2020-09-24,36519,1103853,718995,682476
2020-09-25,36525,1104001,719060,682535
2020-09-27,36525,1104003,719062,682537
2020-09-28,36525,1104045,719104,682579
2020-09-29,36532,1104074,719121,682589
2020-09-30,36535,1104086,719130,682595
2020-10-01,36535,1104095,719139,682604
2020-10-02,36538,1104106,719146,682608
2020-10-03,36538,1104107,719147,682609
2020-10-05,36544,1104133,719167,682623
2020-10-06,36544,1104157,719191,682647
2020-10-07,36548,1104184,719214,682666
2020-10-08,36560,1104297,719251,682691
2020-10-09,36560,1104299,719253,682693
2020-10-11,36560,1104302,719256,682696
2020-10-12,36569,1104470,719274,682705
2020-10-13,36569,1104477,719281,682712
2020-10-14,36572,1104487,719286,682714
2020-10-15,36582,1104526,719306,682724
2020-10-16,36587,1104679,719324,682737
2020-10-17,36589,1104711,719330,682741
2020-10-19,36618,1105229,719377,682759
2020-10-20,36645,1105636,719417,682772
2020-10-21,36688,1107146,719479,682791
2020-10-22,36689,1107150,719482,682793
2020-10-23,36689,1107152,719484,682795
2020-10-26,36690,1107165,719496,682806
2020-10-27,36690,1107175,719506,682816
2020-10-28,36696,1107221,719546,682850
2020-10-29,36717,1107300,719590,682873
2020-10-30,36723,1108233,719673,682950
2020-10-31,36725,1108238,719676,682951
2020-11-01,36725,1108240,719678,682953
2020-11-02,36732,1108262,719691,682959
2020-11-03,36732,1108282,719711,682979
2020-11-04,36732,1108289,719718,682986
2020-11-05,36736,1108383,719736,683000
2020-11-06,36741,1108398,719746,683005
2020-11-09,36752,1108438,719773,683021
2020-11-10,36754,1108463,719796,683042
2020-11-11,36756,1108492,719814,683058
2020-11-12,36759,1108499,719818,683059
2020-11-13,36770,1108596,719836,683066
2020-11-15,36770,1108599,719839,683069
2020-11-16,36774,1108641,719873,683099
2020-11-17,36776,1108744,719884,683108
2020-11-18,36779,1108814,719899,683120
2020-11-19,36790,1108966,719931,683141
2020-11-20,36795,1109044,719957,683162
2020-11-23,36796,1109158,719972,683176
2020-11-24,36802,1109210,720017,683215
2020-11-25,36810,1109665,720038,683228
2020-11-26,36823,1110365,720072,683249
2020-11-27,36823,1111913,721620,684797
2020-11-29,36827,1112111,721624,684797
2020-11-30,36837,1112308,721644,684807
2020-12-01,36856,1112622,721681,684825
2020-12-02,36864,1112654,721702,684838
2020-12-03,36864,1112659,721707,684843
2020-12-04,36865,1112715,721724,684859
2020-12-07,36875,1112949,721762,684887
2020-12-08,36875,1114504,723317,686442
2020-12-09,36876,1114535,723347,686471
2020-12-10,36882,1114931,723367,686485
2020-12-11,36884,1115010,723409,686525
2020-12-14,36884,1115017,723416,686532
2020-12-15,36888,1115039,723431,686543
2020-12-16,36888,1115042,723434,686546
2020-12-17,36892,1115056,723443,686551
2020-12-20,36892,1115059,723446,686554
2020-12-21,36892,1115066,723453,686561
2020-12-22,36894,1115075,723459,686565
2020-12-23,36904,1115295,723500,686596
2020-12-24,36908,1115462,723522,686614
2020-12-25,36911,1115544,723525,686614
2020-12-28,36920,1115707,723544,686624
2020-12-29,36934,1116075,723571,686637
2020-12-30,36944,1116350,723585,686641
2020-12-31,36950,1116385,723613,686663
2021-01-01,36954,1116397,723620,686666
2021-01-04,36954,1116398,723621,686667
2021-01-05,36955,1116524,723625,686670
2021-01-06,36956,1116575,723640,686684
2021-01-07,36957,1116608,723672,686715
2021-01-08,36964,1116663,723703,686739
2021-01-11,36979,1116742,723762,686783
2021-01-12,36981,1116866,723881,686900
2021-01-13,36985,1116878,723889,686904
2021-01-14,36987,1117108,724045,687058
2021-01-15,36992,1117341,724115,687123
2021-01-16,36992,1117343,724117,687125
2021-01-18,37004,1117737,724203,687199
2021-01-19,37009,1117851,724245,687236
2021-01-20,37009,1117932,724326,687317
2021-01-21,37013,1118020,724410,687397
2021-01-22,37055,1118122,724470,687415
2021-01-23,37055,1118125,724473,687418
2021-01-25,37057,1118139,724485,687428
2021-01-26,37057,1118146,724492,687435
2021-01-27,37058,1118225,724529,687471
2021-01-28,37069,1118291,724563,687494
2021-01-29,37075,1118509,724600,687525
2021-01-30,37076,1118516,724605,687529
2021-02-01,37087,1118940,724664,687577
2021-02-02,37098,1119118,724697,687599
2021-02-03,37101,1119144,724704,687603
2021-02-04,37101,1119152,724712,687611
2021-02-05,37107,1119345,724735,687628
2021-02-08,37116,1119380,724751,687635
2021-02-09,37130,1119437,724784,687654
2021-02-10,37156,1119555,724828,687672
2021-02-11,37162,1119584,724851,687689
2021-02-12,37172,1119824,724871,687699
2021-02-13,37172,1119826,724873,687701
2021-02-14,37172,1119827,724874,687702
2021-02-15,37187,1119912,724903,687716
2021-02-16,37191,1119959,724916,687725
2021-02-17,37193,1119984,724938,687745
2021-02-18,37198,1120078,724957,687759
2021-02-19,37202,1120238,724968,687766
2021-02-21,37203,1120241,724969,687766
2021-02-22,37206,1120302,725027,687821
2021-02-23,37206,1122059,726784,689578
2021-02-24,37211,1122095,726806,689595
2021-02-25,37212,1122106,726816,689604
2021-02-26,37212,1136634,741344,704132
2021-03-01,37219,1136681,741376,704157
2021-03-02,37227,1136717,741401,704174
2021-03-03,37228,1136737,741420,704192
2021-03-04,37241,1136895,741440,704199
2021-03-05,37245,1136965,741460,704215
2021-03-08,37253,1137000,741482,704229
2021-03-09,37273,1137065,741517,704244
2021-03-10,37274,1137068,741519,704245
2021-03-11,37277,1137086,741534,704257
2021-03-12,37281,1137231,741554,704273
2021-03-15,37283,1137276,741597,704314
2021-03-16,37284,1137295,741615,704331
2021-03-17,37287,1137304,741621,704334
2021-03-18,37301,1137727,741663,704362
2021-03-19,37321,1138765,741753,704432
2021-03-22,37321,1138767,741755,704434
2021-03-23,37323,1138784,741770,704447
2021-03-24,37326,1138798,741778,704452
2021-03-25,37327,1138845,741823,704496
2021-03-26,37330,1139009,741833,704503
2021-03-29,37330,1139015,741839,704509
2021-03-30,37332,1139033,741855,704523
2021-03-31,37343,1139106,741904,704561
2021-04-01,37346,1139138,741933,704587
2021-04-02,37349,1139147,741939,704590
2021-04-04,37350,1139182,741940,704590
2021-04-05,37350,1139183,741941,704591
2021-04-06,37353,1139195,741948,704595
2021-04-07,37359,1139249,741994,704635
2021-04-08,37369,1139341,742033,704664
2021-04-09,37376,1139461,742058,704682
2021-04-10,37377,1139464,742059,704682
2021-04-12,37379,1139469,742061,704682
2021-04-13,37384,1139483,742069,704685
2021-04-14,37386,1139528,742082,704696
2021-04-15,37388,1140207,742705,705317
2021-04-16,37397,1140468,742727,705330
2021-04-19,37406,1140533,742752,705346
2021-04-20,37424,1140708,742789,705365
2021-04-21,37425,1140718,742798,705373
2021-04-22,37426,1140949,742820,705394
2021-04-23,37433,1141221,742842,705409
2021-04-26,37434,1141240,742851,705417
2021-04-27,37441,1141270,742865,705424
2021-04-28,37454,1141989,742892,705438
2021-04-29,37463,1142011,742904,705441
2021-04-30,37469,1142044,742923,705454
2021-05-01,37471,1142277,742925,705454
2021-05-03,37480,1142310,742949,705469
2021-05-04,37484,1142338,742972,705488
2021-05-05,37486,1142354,742986,705500
2021-05-06,37488,1142379,743009,705521
2021-05-07,37489,1142409,743028,705539
2021-05-09,37489,1142414,743033,705544
2021-05-10,37499,1142439,743044,705545
2021-05-11,37504,1142463,743063,705559
2021-05-12,37508,1142516,743104,705596
2021-05-13,37511,1142567,743119,705608
2021-05-14,37520,1142798,743153,705633
2021-05-18,37526,1142825,743172,705646
2021-05-19,37537,1142911,743189,705652
2021-05-20,37537,1142921,743199,705662
2021-05-21,37552,1143384,743221,705669
2021-05-25,37555,1143556,743242,705687
2021-05-26,37561,1143731,743256,705695
2021-05-27,37563,1143752,743274,705711
2021-05-28,37564,1143782,743301,705737
2021-06-01,37564,1143790,743309,705745
2021-06-02,37583,1144206,743333,705750
2021-06-03,37585,1144300,743350,705765
2021-06-04,37593,1144457,743366,705773
2021-06-06,37595,1144464,743368,705773
2021-06-07,37607,1144517,743393,705786
2021-06-08,37615,1144931,743409,705794
2021-06-09,37619,1144996,743423,705804
2021-06-10,37623,1145241,743432,705809
2021-06-11,37629,1145305,743445,705816
2021-06-14,37629,1145310,743450,705821
2021-06-15,37640,1145425,743487,705847
2021-06-16,37646,1145604,743518,705872
2021-06-17,37658,1145685,743577,705919
2021-06-18,37660,1145739,743627,705967
2021-06-20,37661,1145744,743631,705970
2021-06-21,37663,1145783,743651,705988
2021-06-22,37663,1145786,743654,705991
2021-06-23,37665,1145851,743673,706008
2021-06-24,37680,1145915,743709,706029
2021-06-25,37682,1145957,743714,706032
2021-06-26,37688,1145981,743730,706042
2021-06-27,37688,1145983,743732,706044
2021-06-28,37692,1146008,743751,706059
2021-06-29,37695,1146077,743764,706069
2021-06-30,37695,1146095,743782,706087
2021-07-01,37700,1146154,743810,706110
2021-07-02,37700,1146160,743816,706116
2021-07-03,37701,1146162,743817,706116
2021-07-05,37703,1146179,743832,706129
2021-07-06,37709,1146205,743848,706139
2021-07-07,37714,1146322,743873,706159
2021-07-08,37716,1146333,743880,706164
2021-07-09,37719,1146409,743900,706181
2021-07-10,37724,1146432,743908,706184
2021-07-12,37724,1146441,743917,706193
2021-07-13,37726,1146452,743926,706200
2021-07-14,37738,1146688,743965,706227
2021-07-15,37770,1147276,744024,706254
2021-07-16,37783,1147347,744065,706282
2021-07-19,37790,1147428,744112,706322
2021-07-20,37793,1147462,744134,706341
2021-07-21,37796,1147597,744215,706419
2021-07-22,37802,1148569,744242,706440
2021-07-23,37809,1148696,744256,706447
2021-07-24,37810,1148712,744257,706447
2021-07-26,37818,1150057,744280,706462
2021-07-27,37821,1150341,744316,706495
2021-07-28,37837,1151593,744343,706506
2021-07-29,37848,1151757,744474,706626
2021-07-30,37850,1151822,744529,706679
2021-08-02,37856,1151861,744554,706698
2021-08-03,37856,1151870,744563,706707
2021-08-04,37859,1151901,744585,706726
2021-08-05,37872,1152699,744628,706756
2021-08-06,37875,1152719,744644,706769
2021-08-09,37879,1152755,744655,706776
2021-08-10,37884,1152775,744668,706784
2021-08-11,37884,1152779,744672,706788
2021-08-12,37886,1152798,744689,706803
2021-08-13,37891,1152812,744696,706805
2021-08-16,37895,1152825,744703,706808
2021-08-17,37900,1152914,744722,706822
2021-08-18,37911,1152948,744745,706834
2021-08-19,37912,1152954,744750,706838
2021-08-20,37912,1152957,744753,706841
2021-08-21,37912,1152961,744757,706845
2021-08-23,37915,1152972,744765,706850
2021-08-24,37925,1153247,744786,706861
2021-08-25,37940,1153725,744807,706867
2021-08-26,37942,1153732,744811,706869
2021-08-27,37944,1153745,744820,706876
2021-08-29,37951,1154037,744827,706876
2021-08-30,37951,1154041,744831,706880
2021-08-31,37955,1154174,744839,706884
2021-09-01,37956,1154199,744863,706907
2021-09-02,37957,1154252,744866,706909
2021-09-03,37960,1154789,744875,706915
2021-09-04,37961,1154798,744876,706915
2021-09-05,37965,1154880,744880,706915
2021-09-06,37969,1154902,744891,706922
2021-09-07,37972,1154967,744899,706927
2021-09-08,37975,1155234,744920,706945
2021-09-09,37978,1155250,744933,706955
2021-09-10,37979,1155277,744949,706970
2021-09-11,37979,1155279,744951,706972
2021-09-12,37981,1155297,744965,706984
2021-09-13,37981,1155303,744971,706990
2021-09-14,37983,1155328,744994,707011
2021-09-15,37984,1155336,744997,707013
2021-09-16,37988,1155594,745028,707040
2021-09-17,37991,1155655,745031,707040
2021-09-20,38007,1155845,745075,707068
2021-09-21,38018,1155898,745096,707078
2021-09-22,38020,1155910,745106,707086
2021-09-23,38023,1155932,745125,707102
2021-09-24,38023,1155933,745126,707103
2021-09-27,38030,1156001,745148,707118
2021-09-28,38036,1156335,745180,707144
2021-09-29,38037,1156359,745203,707166
2021-09-30,38041,1156422,745230,707189
2021-10-01,38043,1156428,745234,707191
2021-10-04,38046,1156796,745250,707204
2021-10-05,38046,1156803,745257,707211
2021-10-06,38051,1156991,745267,707216
2021-10-07,38053,1156997,745271,707218
2021-10-08,38055,1157512,745273,707218
2021-10-11,38068,1157564,745307,707239
2021-10-12,38073,1157587,745325,707252
2021-10-13,38075,1157689,745336,707261
2021-10-14,38081,1157759,745363,707282
2021-10-15,38082,1157773,745376,707294
2021-10-18,38090,1157798,745386,707296
2021-10-19,38091,1157800,745387,707296
2021-10-21,38100,1157831,745407,707307
2021-10-22,38102,1158991,745416,707314
2021-10-25,38104,1159051,745433,707329
2021-10-26,38114,1159717,745460,707346
2021-10-27,38122,1159775,745479,707357
2021-10-28,38265,1161156,745657,707392
2021-10-29,38269,1161346,745723,707454
2021-11-01,38272,1161359,745733,707461
2021-11-02,38272,1161362,745736,707464
2021-11-03,38272,1161379,745753,707481
2021-11-04,38274,1161416,745777,707503
2021-11-05,38274,1161442,745803,707529
2021-11-06,38274,1161443,745804,707530
2021-11-08,38278,1161493,745842,707564
2021-11-09,38280,1161541,745870,707590
2021-11-10,38281,1161558,745886,707605
2021-11-11,38283,1161563,745889,707606
2021-11-12,38286,1161579,745898,707612
2021-11-15,38290,1161609,745915,707625
2021-11-16,38290,1161621,745927,707637
2021-11-17,38290,1161629,745935,707645
2021-11-18,38291,1161636,745941,707650
2021-11-19,38295,1161708,745967,707672
2021-11-20,38295,1161713,745972,707677
2021-11-22,38307,1161979,745999,707692
2021-11-23,38323,1162138,746034,707711
2021-11-24,38338,1162418,746056,707718
2021-11-25,38353,1164034,746078,707725
2021-11-26,38353,1164036,746080,707727
2021-11-29,38356,1164052,746093,707737
2021-11-30,38356,1164054,746095,707739
2021-12-01,38357,1164061,746101,707744
2021-12-02,38665,1170874,746418,707753
2021-12-06,38672,1171412,746440,707768
2021-12-07,38674,1171436,746462,707788
2021-12-08,38678,1171476,746480,707802
2021-12-10,38678,1171479,746483,707805
2021-12-14,38680,1171660,746493,707813
2021-12-15,38683,1171755,746505,707822
2021-12-16,38687,1172052,746519,707832
2021-12-17,38691,1172060,746523,707832
2021-12-20,38691,1172062,746525,707834
2021-12-21,38693,1172078,746539,707846
2021-12-22,38693,1172084,746545,707852
2021-12-23,38693,1172086,746547,707854
2021-12-29,38695,1172105,746549,707854
2021-12-30,38700,1172395,746562,707862
2021-12-31,38701,1172504,746570,707869
2022-01-03,38703,1172679,746595,707892
2022-01-04,38710,1172724,746608,707898
2022-01-05,38710,1172728,746612,707902
2022-01-06,38714,1173347,746643,707929
2022-01-08,38715,1173349,746644,707929
2022-01-10,38717,1173360,746653,707936
2022-01-11,38717,1173375,746668,707951
2022-01-12,38720,1173396,746686,707966
2022-01-13,38757,1174015,746729,707972
2022-01-14,38817,1174452,746800,707983
2022-01-15,38821,1174506,746810,707989
2022-01-16,38821,1174596,746900,708079
2022-01-17,38873,1178270,746955,708082
2022-01-18,38880,1178986,746994,708114
2022-01-19,38891,1179232,747028,708137
2022-01-20,38945,1182429,747099,708154
2022-01-21,38951,1182448,747112,708161
2022-01-22,38963,1182475,747127,708164
2022-01-23,38987,1182526,747154,708167
2022-01-24,38998,1182563,747180,708182
2022-01-25,38998,1182569,747186,708188
2022-01-26,39001,1182632,747191,708190
2022-01-27,39003,1182670,747222,708219
2022-01-31,39004,1182682,747232,708228
2022-02-01,39006,1182720,747268,708262
2022-02-02,39006,1182726,747274,708268
2022-02-03,39012,1182771,747306,708294
2022-02-04,39020,1182800,747319,708299
2022-02-05,39020,1182814,747333,708313
2022-02-07,39028,1182843,747352,708324
2022-02-08,39029,1182931,747387,708358
2022-02-09,39033,1182956,747398,708365
2022-02-10,39035,1182978,747418,708383
2022-02-14,39044,1183044,747452,708408
2022-02-15,39045,1183056,747463,708418
2022-02-17,39045,1183058,747465,708420
2022-02-18,39059,1183098,747481,708422
2022-02-23,39060,1183101,747483,708423
2022-02-24,39063,1183114,747490,708427
2022-02-25,39063,1183115,747491,708428
2022-02-28,39065,1183121,747495,708430
2022-03-01,39069,1183446,747501,708432
2022-03-02,39074,1183484,747524,708450
2022-03-03,39076,1185073,747543,708467
2022-03-04,39080,1185102,747562,708482
2022-03-06,39080,1185104,747564,708484
2022-03-07,39083,1185119,747573,708490
2022-03-08,39088,1185145,747591,708503
2022-03-09,39091,1185170,747612,708521
2022-03-10,39097,1185193,747624,708527
2022-03-11,39097,1185198,747629,708532
2022-03-15,39097,1185199,747630,708533
2022-03-18,39098,1185211,747640,708542
2022-03-21,39098,1185221,747650,708552
2022-03-22,39114,1185280,747681,708567
2022-03-23,39115,1185284,747684,708569
2022-03-24,39116,1185289,747686,708570
2022-03-25,39120,1185306,747694,708574
2022-03-30,39123,1185319,747699,708576
2022-04-04,39125,1185354,747701,708576
2022-04-05,39127,1185360,747705,708578
2022-04-07,39130,1185376,747714,708584
2022-04-19,39130,1185377,747715,708585
2022-04-20,39130,1185389,747727,708597
2022-04-21,39132,1185408,747734,708602
2022-04-22,39134,1185415,747739,708605
2022-04-25,39134,1185424,747748,708614
2022-04-26,39135,1185434,747757,708622
2022-04-27,39139,1185458,747777,708638
2022-05-06,39142,1185469,747783,708641
2022-05-09,39145,1185481,747786,708641
2022-05-10,39146,1185485,747789,708643
2022-05-16,39147,1185493,747794,708647
2022-05-18,39159,1185779,747808,708649
2022-05-19,39159,1185780,747809,708650
2022-05-20,39193,1186836,747843,708650
2022-05-21,39210,1188066,747860,708650
2022-05-22,39225,1189859,747875,708650
2022-05-23,39227,1190098,747877,708650
2022-05-24,39242,1191151,747900,708658
2022-05-25,39260,1192154,747922,708662
2022-05-26,39268,1192184,747938,708670
2022-05-27,39268,1192185,747939,708671
2022-05-30,39271,1192210,747942,708671
2022-05-31,39271,1192228,747960,708689
2022-06-01,39272,1192267,747998,708726
2022-06-02,39272,1192284,748015,708743
2022-06-03,39275,1192401,748019,708744
2022-06-04,39278,1192425,748040,708762
2022-06-05,39278,1192427,748042,708764
2022-06-06,39279,1192556,748069,708790
2022-06-07,39287,1193549,748078,708791
2022-06-08,39290,1193560,748086,708796
2022-06-09,39290,1193574,748100,708810
2022-06-10,39296,1194419,748117,708821
2022-06-13,39296,1194421,748119,708823
2022-06-14,39302,1194442,748134,708832
2022-06-15,39303,1194459,748148,708845
2022-06-16,39303,1194461,748150,708847
2022-06-17,39303,1194471,748160,708857
2022-06-22,39304,1194478,748166,708862
2022-06-23,39308,1194668,748171,708863
2022-06-24,39351,1195082,748230,708879
2022-06-25,39393,1195405,748281,708888
2022-06-27,39393,1195406,748282,708889
2022-06-28,39396,1195418,748288,708892
2022-06-30,39398,1195441,748300,708902
2022-07-01,39398,1195444,748303,708905
2022-07-03,39398,1195449,748308,708910
2022-07-04,39398,1195450,748309,708911
2022-07-05,39398,1195460,748319,708921
2022-07-06,39423,1195774,748355,708932
2022-07-07,39460,1196143,748397,708937
2022-07-08,39488,1196335,748426,708938
2022-07-09,39497,1196368,748441,708944
2022-07-12,39498,1197311,748446,708948
2022-07-13,39498,1197313,748448,708950
2022-07-14,39499,1198404,748449,708950
2022-07-16,39499,1198406,748451,708952
2022-07-17,39499,1198407,748452,708953
2022-07-18,39500,1198411,748454,708954
2022-07-19,39500,1198415,748458,708958
2022-07-20,39500,1198418,748461,708961
2022-07-26,39502,1198428,748466,708964
2022-07-27,39502,1198434,748472,708970
2022-07-28,39506,1198471,748488,708982
2022-07-29,39508,1198482,748497,708989
2022-07-31,39516,1198507,748514,708998
2022-08-01,39521,1198524,748526,709005
2022-08-05,39521,1198525,748527,709006
2022-08-07,39544,1198598,748577,709033
2022-08-08,39544,1198599,748578,709034
2022-08-09,39544,1198605,748584,709040
2022-08-10,39552,1198630,748601,709049
2022-08-18,39553,1198632,748602,709049
2022-08-20,39553,1198633,748603,709050
2022-08-21,39553,1198634,748604,709051
2022-08-22,39553,1198697,748667,709114
2022-08-23,39553,1198842,748812,709259
2022-08-24,39553,1198897,748867,709314
2022-08-25,39553,1198928,748898,709345
2022-08-26,39553,1198969,748939,709386
2022-08-29,39554,1198979,748947,709393
2022-08-31,39554,1198982,748950,709396
2022-09-05,39554,1198983,748951,709397
2022-09-06,39554,1198992,748960,709406
2022-09-07,39554,1198993,748961,709407
2022-09-11,39571,1199361,748978,709407
2022-09-12,39585,1199705,748992,709407
2022-09-14,39586,1199707,748993,709407
2022-09-15,39586,1199708,748994,709408
2022-09-20,39587,1199712,748997,709410
2022-09-22,39590,1199720,749000,709410
2022-09-23,39590,1199721,749001,709411
2022-09-25,39590,1199722,749002,709412
2022-09-27,39590,1199723,749003,709413
2022-09-30,39590,1200008,749288,709698
2022-10-02,39590,1200009,749289,709699
2022-10-03,39590,1200013,749293,709703
2022-10-05,39593,1200194,749304,709711
2022-10-06,39593,1200196,749306,709713
2022-10-07,39596,1200225,749323,709727
2022-10-10,39596,1200227,749325,709729
2022-10-11,39596,1200228,749326,709730
2022-10-12,39600,1200240,749333,709733
2022-10-13,39628,1200711,749363,709735
2022-10-14,39629,1200722,749373,709744
2022-10-19,39630,1200817,749394,709764
2022-10-20,39639,1202636,751193,711554
2022-10-21,39639,1202638,751195,711556
2022-10-25,39639,1202649,751206,711567
2022-10-26,39641,1202662,751213,711572
2022-10-27,39647,1202729,751267,711620
2022-10-28,39647,1202757,751295,711648
2022-10-31,39647,1202758,751296,711649
2022-11-01,39648,1202803,751340,711692
2022-11-02,39648,1202824,751361,711713
2022-11-03,39648,1202834,751371,711723
2022-11-04,39649,1202867,751403,711754
2022-11-07,39649,1226670,775206,735557
2022-11-08,39649,1253836,802372,762723
2022-11-09,39649,1253839,802375,762726
2022-11-10,39650,1253844,802379,762729
2022-11-11,39650,1253846,802381,762731
2022-11-14,39653,1253881,802388,762735
2022-11-15,39658,1253917,802416,762758
2022-11-16,39658,1253924,802423,762765
2022-11-17,39658,1253934,802433,762775
2022-11-18,39658,1253951,802450,762792
2022-11-22,39658,1253956,802455,762797
2022-11-24,39659,1253963,802461,762802
2022-11-25,39659,1253968,802466,762807
2022-11-28,39659,1253973,802471,762812
2022-11-29,39660,1253979,802473,762813
2022-11-30,39665,1254002,802481,762816
2022-12-01,39665,1254004,802483,762818
2022-12-02,39665,1254007,802486,762821
2022-12-06,39666,1254011,802489,762823
2022-12-08,39667,1254015,802490,762823
2022-12-12,39667,1254018,802493,762826
2022-12-13,39667,1254023,802498,762831
2022-12-14,39667,1254027,802502,762835
2022-12-15,39668,1254040,802511,762843
2022-12-16,39668,1254042,802513,762845
2022-12-20,39668,1254046,802517,762849
2022-12-21,39668,1254048,802519,762851
2022-12-24,39668,1254049,802520,762852
2023-01-01,39668,1254056,802527,762859
2023-01-02,39669,1254129,802529,762860
2023-01-03,39669,1254135,802535,762866
2023-01-04,39670,1254139,802538,762868
2023-01-05,39670,1254142,802541,762871
2023-01-06,39670,1254144,802543,762873
2023-01-07,39670,1254148,802547,762877
2023-01-08,39670,1254160,802559,762889
2023-01-09,39682,1254194,802581,762899
2023-01-10,39694,1254227,802602,762908
2023-01-11,39696,1254235,802608,762912
2023-01-12,39699,1254251,802616,762917
2023-01-13,39700,1254405,802620,762920
2023-01-15,39700,1254412,802627,762927
2023-01-16,39705,1254502,802642,762937
2023-01-17,39707,1254527,802656,762949
2023-01-18,39717,1254608,802670,762953
2023-01-19,39730,1254811,802683,762953
2023-01-20,39735,1254834,802701,762966
2023-01-21,39735,1254835,802702,762967
2023-01-23,39735,1254837,802704,762969
2023-01-24,39768,1254907,802741,762973
2023-01-25,39768,1254908,802742,762974
2023-01-26,39769,1254911,802743,762974
2023-01-27,39770,1255182,803013,763243
2023-01-31,39773,1255206,803030,763257
2023-02-01,39778,1255781,803045,763267
2023-02-02,39782,1255889,803148,763366
2023-02-03,39784,1256002,803257,763473
2023-02-04,39784,1256005,803260,763476
2023-02-06,39785,1256085,803339,763554
2023-02-07,39787,1260067,803407,763620
2023-02-08,39789,1263497,803545,763756
2023-02-09,39789,1263635,803683,763894
2023-02-14,39789,1263637,803685,763896
2023-02-15,39791,1264272,803687,763896
2023-02-16,39791,1264611,804026,764235
2023-02-17,39791,1264612,804027,764236
2023-02-20,39796,1265115,804044,764248
2023-02-21,39797,1265730,804047,764250
2023-02-22,39804,1266015,804059,764255
2023-02-23,39816,1266044,804073,764257
2023-02-24,39822,1266077,804086,764264
2023-02-27,39822,1266084,804093,764271
2023-02-28,39825,1266096,804097,764272
2023-03-01,39826,1266100,804100,764274
2023-03-02,39829,1267005,804103,764274
2023-03-03,39831,1268129,804106,764275
2023-03-05,39831,1268130,804107,764276
2023-03-06,39838,1268189,804119,764281
2023-03-08,39838,1268195,804125,764287
2023-03-09,39840,1268234,804162,764322
2023-03-10,39843,1268328,804253,764410
2023-03-11,39844,1268333,804257,764413
2023-03-12,39844,1268334,804258,764414
2023-03-13,39845,1268358,804264,764419
2023-03-14,39847,1268363,804267,764420
2023-03-15,39847,1268368,804272,764425
2023-03-16,39854,1268532,804290,764436
2023-03-17,39858,1268564,804296,764438
2023-03-18,39870,1269224,804308,764438
2023-03-20,39876,1269245,804322,764446
2023-03-21,39876,1269250,804327,764451
2023-03-22,39878,1269256,804331,764453
2023-03-23,39885,1269295,804359,764474
2023-03-24,39889,1269629,804367,764478
2023-03-26,39890,1269632,804369,764479
2023-03-27,39892,1269639,804374,764482
2023-03-28,39894,1269848,804388,764494
2023-03-29,39895,1269884,804400,764505
2023-03-30,39896,1269922,804415,764519
2023-03-31,39897,1269935,804427,764530
2023-04-03,39897,1269937,804429,764532
2023-04-04,39897,1269946,804438,764541
2023-04-05,39897,1269947,804439,764542
2023-04-06,39897,1269950,804442,764545
2023-04-09,39907,1271194,804452,764545
2023-04-10,39920,1274138,804465,764545
2023-04-11,39923,1274550,804477,764554
2023-04-12,39923,1275045,804972,765049
2023-04-13,39929,1275154,804990,765061
2023-04-14,39929,1275155,804991,765062
2023-04-18,39929,1275160,804996,765067
2023-04-21,39931,1275249,804998,765067
2023-04-27,39932,1275260,805008,765076
2023-04-28,39946,1275295,805029,765083
2023-04-29,39952,1275309,805037,765085
2023-04-30,39955,1275316,805041,765086
2023-05-02,39964,1275364,805080,765116
2023-05-03,39964,1275428,805144,765180
2023-05-04,39964,1275461,805177,765213
2023-05-05,39964,1275473,805189,765225
2023-05-08,39964,1275477,805193,765229
2023-05-09,39964,1275481,805197,765233
2023-05-11,39967,1275615,805204,765237
2023-05-12,39967,1275618,805207,765240
2023-05-14,39967,1275620,805209,765242
2023-05-15,39967,1275627,805216,765249
2023-05-16,39967,1275650,805239,765272
2023-05-17,39971,1275668,805248,765277
2023-05-18,39975,1275679,805252,765277
2023-05-19,39977,1275693,805262,765285
2023-05-20,39977,1275695,805264,765287
2023-05-22,39984,1275721,805276,765292
2023-05-23,40012,1275888,805311,765299
2023-05-24,40024,1275942,805329,765305
2023-05-25,40024,1275944,805331,765307
2023-05-26,40028,1275959,805342,765314
2023-05-29,40029,1275967,805349,765320
2023-05-30,40029,1275968,805350,765321
2023-05-31,40034,1275986,805359,765325
2023-06-02,40034,1275988,805361,765327
2023-06-05,40035,1276016,805387,765352
2023-06-06,40053,1276151,805413,765360
2023-06-07,40058,1276194,805421,765363
2023-06-08,40064,1276261,805429,765365
2023-06-09,40065,1276267,805433,765368
2023-06-12,40074,1277166,805463,765389
2023-06-13,40079,1277188,805475,765396
2023-06-14,40083,1277235,805493,765410
2023-06-15,40083,1277238,805496,765413
2023-06-16,40088,1277327,805501,765413
2023-06-20,40090,1277357,805506,765416
2023-06-21,40094,1277419,805523,765429
2023-06-22,40095,1277516,805526,765431
2023-06-23,40095,1277521,805531,765436
2023-06-26,40095,1277523,805533,765438
2023-06-27,40098,1277543,805550,765452
2023-06-28,40098,1277545,805552,765454
2023-06-29,40098,1277548,805555,765457
2023-07-03,40098,1277564,805571,765473
2023-07-04,40099,1277569,805575,765476
2023-07-05,40100,1277575,805579,765479
2023-07-10,40103,1277597,805585,765482
2023-07-11,40117,1277806,805605,765488
2023-07-12,40124,1277867,805623,765499
2023-07-13,40124,1277877,805633,765509
2023-07-14,40125,1277891,805646,765521
2023-07-18,40125,1277892,805647,765522
2023-07-19,40127,1277901,805652,765525
2023-07-20,40127,1277902,805653,765526
2023-07-24,40129,1277950,805659,765530
2023-07-25,40140,1279973,805684,765544
2023-07-26,40142,1283124,805690,765548
2023-07-27,40142,1283140,805706,765564
2023-07-28,40144,1283153,805717,765573
2023-07-31,40147,1283160,805721,765574
2023-08-01,40147,1283164,805725,765578
2023-08-02,40150,1283174,805732,765582
2023-08-03,40162,1283621,805746,765584
2023-08-04,40163,1283630,805754,765591
2023-08-09,40164,1283841,805759,765595
2023-08-10,40166,1283867,805769,765603
2023-08-14,40168,1283899,805785,765617
2023-08-15,40168,1283906,805792,765624
2023-08-16,40168,1283911,805797,765629
2023-08-17,40168,1283920,805806,765638
2023-09-01,40178,1284318,805819,765641
2023-09-03,40180,1284473,805821,765641
2023-09-04,40192,1285266,805834,765642
2023-09-05,40205,1286167,805854,765649
2023-09-06,40205,1286170,805857,765652
2023-09-07,40221,1286480,805882,765661
2023-09-08,40228,1287548,805892,765664
2023-09-11,40236,1287583,805916,765680
2023-09-12,40241,1287607,805930,765689
2023-09-13,40243,1287637,805934,765691
2023-09-14,40246,1287663,805950,765704
2023-09-15,40250,1287678,805958,765708
2023-09-17,40250,1287681,805961,765711
2023-09-18,40250,1287694,805974,765724
2023-09-19,40250,1287704,805984,765734
2023-09-20,40250,1287711,805991,765741
2023-09-21,40251,1287717,805995,765744
2023-09-22,40251,1287721,805999,765748
2023-09-24,40251,1287723,806001,765750
2023-09-25,40251,1287725,806003,765752
2023-09-26,40254,1287789,806012,765758
2023-09-28,40255,1288245,806013,765758
2023-09-29,40257,1288257,806020,765763
2023-10-01,40257,1288259,806022,765765
2023-10-02,40259,1288272,806033,765774
2023-10-03,40263,1288297,806047,765784
2023-10-04,40263,1288298,806048,765785
2023-10-05,40267,1288316,806056,765789
2023-10-06,40267,1288321,806061,765794
2023-10-07,40267,1288323,806063,765796
2023-10-09,40267,1288330,806070,765803
2023-10-10,40267,1288331,806071,765804
2023-10-11,40269,1288338,806076,765807
2023-10-12,40269,1288351,806089,765820
2023-10-13,40270,1288361,806098,765828
2023-10-15,40270,1288362,806099,765829
2023-10-16,40271,1288382,806102,765831
2023-10-17,40273,1288398,806115,765842
2023-10-18,40273,1288399,806116,765843
2023-10-19,40274,1288405,806121,765847
2023-10-20,40277,1288419,806131,765854
2023-10-23,40277,1288427,806139,765862
2023-10-24,40283,1288499,806187,765904
2023-10-25,40283,1288500,806188,765905
2023-10-26,40283,1288505,806193,765910
2023-10-27,40286,1288519,806204,765918
2023-10-28,40287,1288525,806208,765921
2023-10-30,40292,1288537,806213,765921
2023-10-31,40299,1288568,806236,765937
2023-11-02,40299,1288571,806239,765940
2023-11-03,40299,1288579,806247,765948
2023-11-06,40299,1288587,806255,765956
2023-11-07,40299,1288591,806259,765960
2023-11-08,40300,1288635,806302,766002
2023-11-10,40304,1288645,806306,766002
2023-11-13,40306,1288651,806308,766002
2023-11-14,40307,1288673,806310,766003
2023-11-15,40313,1288702,806331,766018
2023-11-16,40313,1288707,806336,766023
2023-11-20,40314,1288711,806339,766025
2023-11-21,40314,1288715,806343,766029
2023-11-24,40314,1289698,807326,767012
2023-11-28,40318,1289746,807345,767027
2023-11-29,40320,1289753,807348,767028
2023-11-30,40320,1290171,807766,767446
2023-12-01,40322,1290179,807772,767450
2023-12-05,40323,1290194,807786,767463
2023-12-06,40325,1290207,807797,767472
2023-12-07,40383,1290800,807863,767480
2023-12-08,40391,1290961,807871,767480
2023-12-10,40400,1291064,807881,767481
2023-12-11,40418,1291759,807909,767491
2023-12-12,40418,1291761,807911,767493
2023-12-15,40418,1291786,807936,767518
2023-12-16,40418,1291813,807963,767545
2023-12-17,40429,1294293,807974,767545
2023-12-19,40430,1294296,807976,767546
2023-12-20,40430,1294297,807977,767547
2024-01-02,40431,1294300,807978,767547
2024-01-03,40435,1294730,807982,767547
2024-01-04,40435,1294739,807991,767556
2024-01-05,40438,1294763,808012,767574
2024-01-08,40442,1294944,808020,767578
2024-01-09,40443,1294950,808024,767581
2024-01-10,40445,1294991,808038,767593
2024-01-11,40445,1294993,808040,767595
2024-01-16,40447,1294997,808042,767595
2024-01-17,40448,1295003,808046,767598
2024-01-18,40457,1295068,808060,767603
2024-01-19,40457,1295074,808066,767609
2024-01-22,40461,1295120,808095,767634
2024-01-23,40476,1295211,808132,767656
2024-01-25,40476,1295231,808152,767676
2024-01-26,40477,1295237,808153,767676
2024-01-28,40479,1295511,808162,767683
2024-01-30,40481,1295519,808168,767687
2024-01-31,40498,1295621,808197,767699
2024-02-01,40499,1295647,808222,767723
2024-02-02,40505,1295743,808240,767735
2024-02-05,40506,1295745,808241,767735
2024-02-06,40515,1296038,808262,767747
2024-02-07,40522,1296580,808269,767747
2024-02-08,40537,1296952,808307,767770
2024-02-09,40566,1297482,808353,767787
2024-02-10,40588,1297667,808376,767788
2024-02-11,40663,1298677,808465,767802
2024-02-12,40689,1300758,808500,767811
2024-02-13,40778,1302250,808605,767827
2024-02-14,40837,1304588,808670,767833
2024-02-15,40915,1307119,808760,767845
2024-02-16,40947,1308412,808794,767847
2024-02-17,41013,1309666,808871,767858
2024-02-18,41055,1310536,808923,767868
2024-02-19,41106,1311711,808984,767878
2024-02-20,41184,1313294,809071,767887
2024-02-21,41258,1315077,809148,767890
2024-02-22,41330,1317043,809235,767905
2024-02-23,41396,1319524,809310,767914
2024-02-24,41431,1320367,809356,767925
2024-02-25,41452,1321090,809378,767926
2024-02-26,41480,1323061,809416,767936
2024-02-27,41564,1324940,809526,767962
2024-02-28,41626,1327154,809600,767974
2024-02-29,41631,1327229,809605,767974
2024-03-01,41631,1327233,809609,767978
2024-03-04,41631,1327234,809610,767979
2024-03-05,41635,1327254,809620,767985
2024-03-08,41635,1327255,809621,767986
2024-03-09,41638,1328571,809628,767990
2024-03-10,41638,1328575,809632,767994
2024-03-11,41638,1328577,809634,767996
2024-03-14,41638,1328578,809635,767997
2024-03-15,41639,1328891,809636,767997
2024-03-18,41640,1328916,809640,768000
2024-03-20,41644,1328986,809648,768004
2024-03-21,41671,1330335,809676,768005
2024-03-22,41678,1330570,809686,768008
2024-03-23,41678,1330572,809688,768010
2024-03-24,41678,1330573,809689,768011
2024-03-25,41696,1330948,809721,768025
2024-03-26,41729,1331734,809756,768027
2024-03-27,41764,1332682,809794,768030
2024-03-28,41790,1333496,809820,768030
2024-03-29,41792,1333577,809822,768030
2024-03-30,41796,1333635,809826,768030
2024-03-31,41801,1333669,809831,768030
2024-04-01,41802,1333689,809833,768031
2024-04-02,41818,1333888,809852,768034
2024-04-03,41872,1334635,810029,768157
2024-04-04,41918,1336392,810124,768206
2024-04-05,41953,1337285,810170,768217
2024-04-06,41988,1338025,810211,768223
2024-04-07,42049,1338696,810282,768233
2024-04-08,42125,1340618,810374,768249
2024-04-09,42200,1342606,810452,768252
2024-04-10,42287,1343891,810547,768260
2024-04-11,42338,1344462,810605,768267
2024-04-12,42405,1349827,815065,772660
2024-04-13,42424,1349996,815102,772678
2024-04-14,42447,1350232,815141,772694
2024-04-15,42539,1363979,828418,785879
2024-04-16,42611,1364513,828563,785952
2024-04-17,42687,1365089,828716,786029
2024-04-18,42771,1365612,828883,786112
2024-04-19,42858,1366331,829032,786174
2024-04-20,42910,1366693,829128,786218
2024-04-21,42959,1367061,829200,786241
2024-04-22,43059,1367793,829352,786293
2024-04-23,43187,1368980,829546,786359
2024-04-24,43283,1370512,829668,786385
2024-04-25,43408,1371963,829824,786416
2024-04-26,43564,1373587,830023,786459
2024-04-27,43604,1374054,830074,786470
2024-04-28,43687,1374843,830173,786486
2024-04-29,43816,1376181,830327,786511
2024-04-30,43961,1378219,830485,786524
2024-05-01,44074,1379537,830626,786552
2024-05-02,44096,1379913,830657,786561
2024-05-03,44098,1379946,830662,786564
2024-05-05,44098,1379966,830682,786584
2024-05-06,44102,1380021,830698,786596
2024-05-07,44104,1380039,830712,786608
2024-05-08,44104,1380054,830727,786623
2024-05-09,44104,1380084,830757,786653
2024-05-10,51744,1495311,839614,787870
2024-05-11,51744,1495319,839622,787878
2024-05-12,51744,1495338,839641,787897
2024-05-13,55855,1565313,844464,788609
2024-05-14,56619,1575834,845311,788692
2024-05-15,56640,1576147,845332,788692
2024-05-16,56640,1576161,845346,788706
2024-05-17,56640,1576162,845347,788707
2024-05-20,56641,1576173,845356,788715
2024-05-21,56642,1576185,845367,788725
2024-05-23,56648,1576609,845377,788729
2024-06-03,56650,1576617,845383,788733
2024-06-04,56650,1576643,845409,788759
2024-06-05,56651,1576649,845414,788763
2024-06-10,56653,1576667,845430,788777
2024-06-11,56654,1576676,845438,788784
2024-06-12,56654,1576677,845439,788785
2024-06-13,56655,1576685,845446,788791
2024-06-14,56655,1576696,845457,788802
2024-06-16,56655,1576698,845459,788804
2024-06-17,56658,1576719,845463,788805
2024-06-18,56658,1576723,845467,788809
2024-06-20,56658,1576725,845469,788811
2024-06-21,56659,1576731,845472,788813
2024-06-24,56662,1576749,845477,788815
2024-06-25,56664,1576774,845482,788818
2024-06-27,56665,1576807,845508,788843
2024-06-28,56665,1576808,845509,788844
2024-07-01,56665,1576865,845566,788901
2024-07-02,56668,1576884,845581,788913
2024-07-04,56670,1576995,845608,788938
2024-07-05,56675,1577011,845615,788940
2024-07-08,56675,1577025,845629,788954
2024-07-09,56683,1577169,845648,788965
2024-07-10,56688,1577344,845665,788977
2024-07-11,56691,1577555,845669,788978
2024-07-12,56701,1578097,845682,788981
2024-07-13,56706,1578300,845687,788981
2024-07-14,56713,1578429,845697,788984
2024-07-15,56715,1578451,845700,788985
2024-07-16,56719,1578741,845706,788987
2024-07-17,56736,1579312,845731,788995
2024-07-18,56745,1579623,845749,789004
2024-07-22,56769,1580011,845776,789007
2024-07-23,56787,1580490,845799,789012
2024-07-24,56812,1581447,845829,789017
2024-07-25,56835,1582155,845864,789029
2024-07-26,56865,1584936,845904,789039
2024-07-27,56876,1585093,845919,789043
2024-07-28,56888,1589699,845932,789044
2024-07-29,56931,1595896,845981,789050
2024-07-30,56962,1600875,846019,789057
2024-07-31,56985,1601537,846045,789060
2024-08-01,56995,1601899,846059,789064
2024-08-03,57013,1602380,846081,789068
2024-08-04,57017,1602612,846087,789070
2024-08-05,57029,1602744,846102,789073
2024-08-06,57066,1603465,846146,789080
2024-08-07,57085,1604129,846176,789091
2024-08-08,57114,1604609,846210,789096
2024-08-09,57141,1605389,846243,789102
2024-08-10,57194,1607961,846302,789108
2024-08-11,57210,1608992,846324,789114
2024-08-12,57229,1609607,846351,789122
2024-08-13,57256,1610018,846388,789132
2024-08-14,57286,1610920,846424,789138
2024-08-15,57331,1612033,846484,789153
2024-08-19,57370,1613124,846536,789166
2024-08-20,57416,1614241,846599,789183
2024-08-21,57466,1615321,846661,789195
2024-08-22,57529,1616444,846747,789218
2024-08-23,57609,1617746,846868,789259
2024-08-24,57692,1618890,846988,789296
2024-08-25,57775,1619836,847102,789327
2024-08-26,57846,1620780,847204,789358
2024-08-27,57969,1622436,847374,789405
2024-08-28,58060,1623550,847518,789458
2024-08-29,58176,1625241,847687,789511
2024-08-30,58250,1626083,847802,789552
2024-08-31,58373,1627202,847981,789608
2024-09-01,58471,1627875,848134,789663
2024-09-02,58568,1628512,848301,789733
2024-09-03,58633,1628851,848416,789783
2024-09-06,58633,1628852,848417,789784
2024-09-09,58634,1628899,848432,789798
2024-09-10,58646,1628960,848447,789801
2024-09-11,58650,1628985,848451,789801
2024-09-12,58650,1628995,848461,789811
2024-09-13,58650,1628996,848462,789812
2024-09-16,58651,1629005,848470,789819
2024-09-17,58654,1629071,848474,789820
2024-09-18,58654,1629081,848484,789830
2024-09-19,58655,1629090,848492,789837
2024-09-20,58660,1629127,848499,789839
2024-09-24,58667,1629163,848512,789845
2024-09-25,58681,1629423,848529,789848
2024-09-26,58695,1629610,848547,789852
2024-09-27,58701,1629629,848560,789859
2024-09-28,58706,1629732,848565,789859
2024-09-29,58715,1630010,848574,789859
2024-09-30,58721,1630043,848580,789859
2024-10-01,58737,1630097,848598,789861
2024-10-02,58740,1630127,848608,789868
2024-10-03,58743,1630166,848621,789878
2024-10-04,58746,1630178,848628,789882
2024-10-07,58746,1630181,848631,789885
2024-10-08,58746,1630182,848632,789886
2024-10-09,58752,1630211,848645,789893
2024-10-10,58754,1630219,848649,789895
2024-10-11,58754,1630224,848654,789900
2024-10-13,58756,1630253,848664,789908
2024-10-14,58759,1630271,848670,789911
2024-10-15,58762,1630295,848683,789921
2024-10-16,58768,1630897,848703,789935
2024-10-17,58772,1630947,848725,789953
2024-10-18,58775,1631534,848738,789963
2024-10-22,58777,1631545,848746,789969
2024-10-23,58788,1631621,848763,789975
2024-10-24,58799,1631687,848784,789985
2024-10-25,58802,1631697,848791,789989
2024-10-28,58805,1631747,848796,789991
2024-10-29,58805,1631748,848797,789992
2024-10-30,58809,1631835,848801,789992
2024-10-31,58813,1631962,848805,789992
2024-11-01,58821,1632061,848814,789993
2024-11-02,58823,1632150,848816,789993
2024-11-03,58823,1632152,848818,789995
2024-11-04,58831,1632228,848827,789996
2024-11-05,58831,1632231,848830,789999
2024-11-06,58831,1632233,848832,790001
2024-11-07,58834,1632244,848838,790004
2024-11-08,58836,1632252,848844,790008
2024-11-09,58836,1632256,848848,790012
2024-11-11,58839,1633637,848853,790014
2024-11-12,58840,1634882,848854,790014
2024-11-13,58840,1634883,848855,790015
2024-11-15,58840,1634885,848857,790017
2024-11-18,58840,1634895,848867,790027
2024-11-19,58840,1634898,848870,790030
2024-11-20,58841,1634911,848882,790041
2024-11-21,58846,1634972,848888,790042
2024-11-22,58852,1635060,848898,790046
2024-11-24,58852,1635064,848902,790050
2024-11-25,58853,1635074,848903,790050
2024-11-26,58856,1635182,848909,790053
2024-11-27,58860,1635206,848913,790053
2024-11-28,58869,1635999,848923,790054
2024-11-29,58876,1636167,848930,790054
2024-12-02,58881,1636188,848935,790054
2024-12-03,58891,1636304,848947,790056
2024-12-04,58895,1636317,848955,790060
2024-12-05,58906,1636446,848968,790062
2024-12-06,58916,1636531,848979,790063
2024-12-07,58936,1636834,849000,790064
2024-12-08,58942,1636900,849006,790064
2024-12-09,58956,1637191,849020,790064
2024-12-10,58984,1637713,849049,790065
2024-12-11,58998,1637874,849066,790068
2024-12-12,59007,1637995,849079,790072
2024-12-13,59010,1638018,849083,790073
2024-12-14,59022,1638166,849098,790076
2024-12-15,59038,1638467,849115,790077
2024-12-16,59053,1638968,849134,790081
2024-12-17,59069,1639235,849151,790082
2024-12-18,59091,1639590,849176,790085
2024-12-19,59103,1639910,849189,790086
2024-12-20,59122,1640374,849209,790087
2024-12-22,59157,1640845,849246,790089
2024-12-23,59178,1641222,849267,790089
2024-12-24,59195,1641692,849285,790090
2024-12-25,59211,1641995,849302,790091
2024-12-26,59218,1642407,849311,790093
2024-12-27,59257,1643073,849353,790096
2024-12-28,59276,1643283,849373,790097
2024-12-29,59312,1644386,849414,790102
2024-12-30,59358,1645146,849465,790107
2024-12-31,59380,1645503,849489,790109
2025-01-01,59437,1646618,849549,790112
2025-01-02,59475,1647511,849589,790114
2025-01-03,59542,1648766,849662,790120
2025-01-04,59556,1649142,849677,790121
2025-01-05,59608,1650379,849735,790127
2025-01-06,59665,1651239,849796,790131
2025-01-07,59727,1652390,849863,790136
2025-01-08,59775,1653708,849916,790141
2025-01-09,59856,1655155,850003,790147
2025-01-10,59923,1656552,850076,790153
2025-01-11,59947,1656858,850101,790154
2025-01-12,59989,1657631,850149,790160
2025-01-13,60023,1658351,850185,790162
2025-01-14,60080,1659522,850248,790168
2025-01-15,60127,1660200,850300,790173
2025-01-16,60175,1661101,850350,790175
2025-01-17,60247,1662038,850425,790178
2025-01-19,60295,1662800,850474,790179
2025-01-20,60351,1664183,850538,790187
2025-01-21,60397,1665010,850589,790192
2025-01-22,60451,1666149,850644,790193
2025-01-23,60494,1666873,850693,790199
2025-01-24,60580,1668027,850785,790205
2025-01-25,60650,1668999,850855,790205
2025-01-26,60719,1670098,850930,790211
2025-01-27,60775,1671824,850988,790213
2025-01-28,60817,1672654,851037,790220
2025-01-29,60822,1672700,851042,790220
2025-01-30,60822,1672709,851051,790229
2025-01-31,60823,1672722,851063,790240
2025-02-02,60823,1672724,851065,790242
2025-02-03,60823,1672728,851069,790246
2025-02-04,60823,1672731,851072,790249
2025-02-05,60824,1672888,851083,790259
2025-02-06,60824,1672889,851084,790260
2025-02-07,60824,1672890,851085,790261
2025-02-11,60825,1672896,851088,790263
2025-02-12,60828,1672934,851092,790264
2025-02-13,60828,1672935,851093,790265
2025-02-14,60828,1672936,851094,790266
2025-02-15,60829,1672940,851095,790266
2025-02-17,60830,1672955,851104,790274
2025-02-18,60830,1672965,851114,790284
2025-02-24,60848,1673642,851149,790301
2025-02-25,60934,1678039,851236,790302
2025-02-26,61022,1682846,851330,790308
2025-02-27,61144,1689556,851456,790312
2025-02-28,61168,1692260,851484,790316
2025-03-01,61194,1693224,851515,790321
2025-03-03,61194,1693227,851518,790324
2025-03-04,61194,1693232,851523,790329
2025-03-05,61195,1695097,851525,790330
2025-03-06,61202,1695134,851543,790341
2025-03-07,61202,1695135,851544,790342
2025-03-11,61202,1695137,851546,790344
2025-03-12,61202,1695140,851549,790347
2025-03-13,61202,1695141,851550,790348
2025-03-17,61202,1699904,856313,795111
2025-03-18,61202,1701680,858089,796887
2025-03-19,61202,1701856,858265,797063
2025-03-20,61202,1701918,858327,797125
2025-03-23,61202,1701935,858344,797142
2025-03-25,61209,1702333,858352,797143
2025-03-26,61213,1702367,858360,797147
